GO Term,Number of Entries
GO:1902730,17
GO:0045572,0
GO:0060408,0
GO:0045770,0
GO:0043322,0
GO:0033007,30
GO:0032881,0
GO:0045813,0
GO:0032229,44
GO:0045221,0
GO:0001811,0
GO:0045824,133
GO:0048636,0
GO:0086004,170
GO:1904242,0
GO:0045819,8
GO:1903844,0
GO:1905520,4
GO:1904198,0
GO:1900711,0
GO:1903611,0
GO:0045598,69
GO:0150191,0
GO:0150144,0
GO:0032699,0
GO:2000859,0
GO:1901898,8
GO:0070759,0
GO:0002635,22
GO:0010061,0
GO:1904960,6
GO:2000380,9
GO:0023058,0
GO:2000406,58
GO:1902769,0
GO:0090101,0
GO:0061808,0
GO:0043557,0
GO:1900247,0
GO:1905330,0
GO:0032653,2
GO:0003065,1
GO:1902530,16
GO:1903890,0
GO:1904672,16
GO:0106013,0
GO:1904250,0
GO:1900313,0
GO:2000692,0
GO:0090085,5
GO:2001056,21
GO:1904118,0
GO:0032700,29
GO:0019222,30
GO:2001015,1
GO:1903344,0
GO:0002707,0
GO:0051138,24
GO:0060302,0
GO:0038180,80
GO:2000521,1
GO:0120195,0
GO:2000898,0
GO:1990127,0
GO:0010569,122
GO:1902864,0
GO:1903904,51
GO:0090187,7
GO:0014728,11
GO:0009786,4
GO:1905824,0
GO:0051386,13
GO:0050939,0
GO:1901896,31
GO:0032711,0
GO:0002693,17
GO:0045633,0
GO:0007319,0
GO:1905542,0
GO:1904243,0
GO:1905918,0
GO:0070327,74
GO:1904406,0
GO:0042572,128
GO:0002832,0
GO:1903919,20
GO:2000050,0
GO:0032352,0
GO:1902340,2
GO:0046324,21
GO:1905101,0
GO:0001910,0
GO:2000205,0
GO:2000060,192
GO:1900190,0
GO:1903316,0
GO:1905610,0
GO:2000061,0
GO:0090201,66
GO:0033684,0
GO:0106279,0
GO:1900744,29
GO:0039531,0
GO:2000199,0
GO:0031556,0
GO:0034199,0
GO:1903552,0
GO:0051126,0
GO:0060725,0
GO:0075291,0
GO:1900086,44
GO:0034138,32
GO:0050770,196
GO:0086028,0
GO:0061048,0
GO:1901507,0
GO:0030187,0
GO:0032712,1
GO:0045578,0
GO:2001238,94
GO:0001815,19
GO:0042130,150
GO:0140866,0
GO:1901796,32
GO:1903645,0
GO:0071654,0
GO:0141162,0
GO:0002858,0
GO:0062027,0
GO:0045861,58
GO:0007499,0
GO:2000356,0
GO:1903215,29
GO:0034131,0
GO:0040009,9
GO:0009691,0
GO:0031138,0
GO:0014712,0
GO:0070473,0
GO:1905745,0
GO:0048775,0
GO:0002863,0
GO:0010516,0
GO:0097192,86
GO:1901348,0
GO:0070757,0
GO:1905937,0
GO:0051463,10
GO:2001033,31
GO:0060694,0
GO:1904417,32
GO:0032886,62
GO:0043463,0
GO:1904056,17
GO:0048922,0
GO:0060337,67
GO:0035564,15
GO:0080140,0
GO:2000432,0
GO:0021939,0
GO:0080135,20
GO:1904755,0
GO:0061945,0
GO:0033625,59
GO:1903066,0
GO:2001271,5
GO:1900395,0
GO:0045455,0
GO:0002788,0
GO:1904246,0
GO:2000839,0
GO:2000304,12
GO:0048744,0
GO:0010898,13
GO:0045649,0
GO:1900233,0
GO:1905262,0
GO:0072108,8
GO:1905167,46
GO:2000465,0
GO:1904323,0
GO:0070949,0
GO:0046877,0
GO:0120305,0
GO:1904076,0
GO:0044785,0
GO:0120138,0
GO:1904850,2
GO:0050930,22
GO:0010634,157
GO:1905423,0
GO:0032812,2
GO:2000593,0
GO:2000880,0
GO:0045586,14
GO:1900679,0
GO:0045850,0
GO:1904908,2
GO:0140471,0
GO:2000073,0
GO:1902831,0
GO:1905274,165
GO:2000790,0
GO:0044496,0
GO:0034137,29
GO:1904040,0
GO:0034159,0
GO:0010965,0
GO:1905213,8
GO:0060640,0
GO:0060339,109
GO:0010874,62
GO:1902415,0
GO:0034757,16
GO:2000676,3
GO:1904326,0
GO:1905391,0
GO:0035602,0
GO:0044616,0
GO:0090295,0
GO:0030949,106
GO:1903048,0
GO:1901232,0
GO:0001993,0
GO:0003047,0
GO:0086027,14
GO:0010019,0
GO:0032658,0
GO:1905132,0
GO:0002035,6
GO:2001251,0
GO:0032205,5
GO:0099540,0
GO:0070613,53
GO:1900059,0
GO:0097190,229
GO:1902668,0
GO:1900888,0
GO:0051097,0
GO:0140711,0
GO:0090052,0
GO:0090127,0
GO:1903050,0
GO:1901463,0
GO:0048671,39
GO:1901952,0
GO:0150107,11
GO:0061183,0
GO:0033633,48
GO:2000278,22
GO:1905404,0
GO:1901080,0
GO:0042812,0
GO:0032900,11
GO:0061094,0
GO:0062031,0
GO:0090189,0
GO:0042480,0
GO:0045699,0
GO:1901646,0
GO:0000754,0
GO:1901195,0
GO:0038146,40
GO:0030335,1357
GO:0033686,4
GO:1904020,0
GO:1904305,0
GO:0002894,0
GO:1902490,0
GO:0045840,55
GO:0010999,1
GO:2000084,0
GO:0032685,0
GO:0002584,0
GO:1904237,19
GO:0070249,0
GO:0046671,1
GO:1903705,0
GO:0048012,27
GO:0045917,13
GO:0001080,0
GO:2000431,0
GO:0052372,0
GO:1900169,6
GO:2000764,0
GO:0002851,0
GO:1903376,9
GO:0006449,14
GO:0030886,5
GO:1903998,2
GO:0045344,0
GO:0075262,0
GO:0001812,5
GO:1902992,20
GO:1900736,0
GO:0030501,266
GO:0036161,0
GO:0010986,0
GO:0030511,128
GO:0061939,4
GO:1902231,25
GO:0060806,1
GO:0002802,0
GO:1901436,0
GO:0008064,28
GO:1905251,0
GO:0034444,0
GO:0031915,92
GO:0098967,46
GO:0010629,905
GO:0030500,60
GO:0032237,67
GO:0110135,7
GO:0090357,0
GO:0051336,0
GO:1903543,31
GO:0000196,0
GO:0032691,29
GO:1902366,0
GO:0071877,0
GO:1902690,0
GO:2000770,0
GO:0140255,0
GO:0003133,0
GO:0099162,0
GO:1902312,0
GO:0034306,0
GO:2000487,5
GO:0010540,0
GO:0060195,0
GO:0038171,0
GO:1905002,0
GO:0034161,1
GO:0050731,453
GO:1905416,0
GO:0070378,0
GO:0033600,6
GO:1901877,0
GO:0001508,85
GO:1902914,0
GO:0003049,0
GO:1900156,0
GO:0050812,1
GO:1901448,0
GO:0005979,78
GO:0060966,0
GO:0035399,0
GO:0062223,0
GO:0010988,23
GO:1905045,0
GO:1901524,10
GO:1902236,69
GO:0010968,54
GO:0044497,0
GO:0075030,0
GO:1902663,0
GO:1901221,0
GO:1900452,57
GO:1903226,22
GO:0038172,24
GO:0045636,57
GO:0051154,1
GO:2000209,0
GO:1902857,107
GO:1904870,0
GO:0002763,12
GO:0098815,110
GO:0099113,0
GO:0072005,0
GO:2000501,0
GO:1901711,0
GO:0003087,0
GO:0098664,24
GO:1900058,0
GO:1904999,14
GO:0045740,85
GO:2001189,1
GO:1900317,0
GO:2001159,0
GO:0031052,0
GO:0034119,0
GO:0045609,11
GO:0045992,0
GO:0075242,0
GO:2001260,0
GO:1904933,0
GO:1904654,0
GO:1901901,0
GO:1902336,0
GO:1900702,0
GO:0071663,40
GO:0043409,277
GO:1903637,0
GO:2000058,11
GO:0090084,24
GO:0098903,5
GO:1900708,0
GO:0043013,0
GO:0120069,0
GO:0032729,271
GO:0046012,0
GO:0038110,17
GO:0032692,13
GO:2001005,0
GO:1903977,0
GO:0060050,23
GO:1901402,0
GO:0006977,13
GO:0140958,1
GO:0090368,0
GO:2000259,0
GO:2000760,0
GO:0050687,39
GO:1904661,0
GO:1900642,0
GO:0070948,0
GO:1902204,3
GO:0032752,0
GO:0000512,0
GO:0050946,0
GO:1902326,0
GO:0045906,126
GO:0050878,52
GO:1903249,19
GO:0070106,15
GO:1904699,3
GO:0061188,0
GO:0150054,13
GO:0002580,0
GO:0036490,0
GO:0030861,0
GO:2000043,0
GO:0010881,105
GO:1905673,23
GO:1900297,0
GO:0045428,19
GO:0032240,0
GO:0042661,0
GO:1904444,0
GO:0090034,0
GO:1904035,2
GO:1903578,0
GO:0010766,134
GO:0035722,54
GO:0051004,0
GO:0007192,1
GO:0070623,0
GO:1904182,4
GO:0014811,0
GO:2000310,52
GO:2000799,0
GO:0042464,0
GO:0031583,0
GO:0050772,173
GO:0045818,6
GO:1990983,0
GO:2000971,0
GO:0050768,138
GO:2000851,0
GO:1901968,0
GO:0106057,0
GO:0035303,5
GO:0052321,0
GO:0031413,0
GO:1900640,0
GO:0046326,157
GO:1900273,244
GO:2000440,0
GO:0035078,0
GO:0045782,0
GO:0001819,150
GO:1903327,0
GO:0036497,0
GO:1905667,3
GO:0033143,0
GO:0007198,11
GO:1902070,0
GO:0140467,14
GO:0002909,0
GO:0140500,0
GO:0045912,0
GO:0042481,7
GO:1903139,0
GO:0002543,0
GO:1900516,0
GO:1903730,0
GO:1900924,0
GO:0090267,24
GO:0043524,640
GO:1903869,0
GO:0070120,23
GO:1904547,0
GO:0002791,0
GO:0061316,0
GO:0060506,0
GO:0031031,0
GO:0060732,62
GO:2000875,0
GO:1901405,0
GO:1903518,15
GO:0010075,0
GO:0002253,0
GO:1903267,0
GO:0017015,82
GO:0060147,20
GO:0061925,0
GO:0110162,0
GO:2000563,17
GO:1904023,0
GO:1901384,0
GO:0031646,0
GO:2000957,0
GO:1905524,0
GO:1900961,0
GO:1905046,0
GO:1903348,39
GO:1901307,0
GO:0010372,0
GO:0060545,4
GO:0002685,28
GO:2001074,0
GO:0051098,0
GO:0032024,384
GO:0038190,3
GO:0048693,0
GO:0050678,106
GO:0051823,26
GO:0045304,0
GO:1900482,0
GO:1905607,0
GO:0060754,30
GO:0044149,0
GO:0075323,0
GO:1904986,0
GO:2001156,0
GO:1905335,0
GO:1904098,0
GO:0099601,2
GO:2000289,0
GO:2000856,0
GO:1904505,0
GO:1903960,0
GO:0048691,0
GO:0031552,0
GO:1903640,2
GO:0090049,3
GO:0032755,210
GO:1905788,1
GO:1902373,24
GO:0098736,19
GO:0001991,2
GO:0010757,12
GO:0150031,0
GO:0140505,0
GO:2000437,0
GO:2000335,0
GO:0070795,0
GO:1902152,0
GO:1902207,0
GO:0001100,1
GO:0048026,70
GO:0044726,15
GO:0140196,0
GO:1905176,4
GO:0035946,2
GO:0007602,21
GO:0048079,0
GO:0043179,0
GO:0035365,0
GO:0097046,0
GO:0075311,0
GO:0014741,0
GO:0032684,0
GO:0061942,0
GO:0090559,50
GO:0060543,0
GO:0033030,18
GO:1904873,0
GO:1900703,0
GO:0060084,19
GO:0033630,33
GO:0010932,0
GO:0035149,0
GO:0032466,5
GO:0071677,5
GO:0030195,34
GO:0010946,0
GO:0160071,0
GO:0070297,0
GO:0035583,30
GO:0072513,2
GO:0010523,7
GO:0009747,0
GO:1905447,0
GO:0043117,41
GO:1902082,0
GO:1905279,20
GO:1901189,40
GO:1900850,0
GO:1901995,0
GO:0048688,0
GO:0061362,0
GO:0060255,96
GO:0140435,0
GO:1902547,0
GO:0060627,24
GO:2001194,0
GO:1900910,0
GO:1900468,0
GO:1990144,4
GO:1902338,0
GO:1900181,149
GO:2001266,0
GO:0060495,0
GO:2000355,0
GO:0061881,2
GO:0035582,13
GO:1901953,31
GO:0030300,2
GO:0032726,0
GO:1903357,0
GO:1903671,75
GO:1904479,1
GO:2000508,0
GO:1903923,28
GO:2000755,0
GO:0044062,0
GO:0010017,0
GO:2001224,159
GO:0010161,0
GO:0046137,0
GO:0010389,30
GO:0061882,0
GO:2001035,0
GO:0007234,0
GO:1904478,8
GO:0010519,2
GO:0002762,0
GO:0150092,2
GO:1900088,0
GO:0043309,0
GO:0090630,181
GO:0061106,0
GO:1900907,0
GO:0035022,82
GO:0034153,0
GO:0071902,17
GO:1903002,0
GO:1902797,0
GO:0051239,33
GO:0022409,79
GO:1902106,0
GO:1903271,0
GO:0030842,0
GO:1900011,0
GO:0007191,28
GO:1900940,0
GO:0033562,0
GO:0090087,0
GO:2000694,0
GO:1901610,6
GO:1901546,0
GO:0099576,35
GO:1902999,0
GO:1902746,0
GO:1903524,0
GO:0007212,62
GO:1901740,3
GO:0086012,63
GO:0008284,1706
GO:0034128,4
GO:1904985,0
GO:0044375,7
GO:2000771,18
GO:0002893,0
GO:1902893,0
GO:0060808,0
GO:0045919,0
GO:0071637,0
GO:1902576,0
GO:0046640,0
GO:0014723,8
GO:0060334,0
GO:0140252,29
GO:1905190,0
GO:0032204,68
GO:0070376,5
GO:2000836,0
GO:0061390,0
GO:1903196,0
GO:0070952,0
GO:1903617,0
GO:0002911,0
GO:1900229,31
GO:2000562,17
GO:0034443,0
GO:0001971,0
GO:0032717,61
GO:0043154,12
GO:1905450,9
GO:0003437,0
GO:0072200,0
GO:2000106,0
GO:1904686,0
GO:1901994,13
GO:0070163,0
GO:0014048,1
GO:0010080,0
GO:1905153,0
GO:0090301,2
GO:1900341,0
GO:0150180,0
GO:0150119,0
GO:2000946,0
GO:0051914,0
GO:1905165,6
GO:0061128,0
GO:0006447,0
GO:0070802,0
GO:2000274,0
GO:0051493,89
GO:0002607,0
GO:1903536,0
GO:0090068,1
GO:0062026,5
GO:0060734,1
GO:0050891,39
GO:0042404,0
GO:0071582,0
GO:0035345,0
GO:0002730,13
GO:0002718,0
GO:1901465,0
GO:0003331,1
GO:0010915,0
GO:0071173,0
GO:1904149,0
GO:1901876,0
GO:0046004,0
GO:0140888,0
GO:1905889,0
GO:0060315,2
GO:0051151,23
GO:0075270,0
GO:0090219,0
GO:0032765,9
GO:0032690,4
GO:0031142,0
GO:0002582,0
GO:1904221,0
GO:0045814,157
GO:1903972,0
GO:1903914,0
GO:1904068,0
GO:2000931,0
GO:1905764,0
GO:2000459,0
GO:0010321,0
GO:1900849,0
GO:0090300,0
GO:0061934,0
GO:0140214,0
GO:1902286,0
GO:0090185,0
GO:0070133,0
GO:1904529,0
GO:0035813,29
GO:0050863,27
GO:0035504,0
GO:0051135,2
GO:1905912,0
GO:0070298,0
GO:1901577,0
GO:2000657,1
GO:0110163,0
GO:0120187,2
GO:1900348,0
GO:0001970,29
GO:1900238,0
GO:0002659,0
GO:0010511,0
GO:1901028,3
GO:0035565,20
GO:0042069,0
GO:1902072,1
GO:0010058,0
GO:1902891,0
GO:1901621,2
GO:1901991,5
GO:0002833,0
GO:0060049,14
GO:0031393,8
GO:0009938,0
GO:0061297,0
GO:1904411,3
GO:0097298,4
GO:0031644,5
GO:0031495,0
GO:0045873,0
GO:1904971,0
GO:0031030,0
GO:1901892,0
GO:1903798,0
GO:0032667,5
GO:0110022,0
GO:2001252,0
GO:1904206,22
GO:2000082,0
GO:1905283,0
GO:0043416,2
GO:0032531,0
GO:1903182,0
GO:0070875,0
GO:0032085,0
GO:0035818,0
GO:1901430,0
GO:1905532,0
GO:0051729,13
GO:0034142,48
GO:0051892,0
GO:0032874,109
GO:0071646,0
GO:0043462,3
GO:1900688,0
GO:1904989,0
GO:1901963,0
GO:1901078,11
GO:0023057,23
GO:1903108,0
GO:0002547,0
GO:1901222,34
GO:0032721,0
GO:0050924,0
GO:0120191,0
GO:0032763,0
GO:0051520,0
GO:0045661,29
GO:2001017,0
GO:0045963,1
GO:1905494,0
GO:0061361,0
GO:0060784,0
GO:0000960,0
GO:1903170,13
GO:0098911,105
GO:0035809,5
GO:0002053,218
GO:0008635,6
GO:0043111,2
GO:0007595,147
GO:0000289,63
GO:0062125,15
GO:0051056,257
GO:0045583,0
GO:2000934,0
GO:1904193,57
GO:2000849,0
GO:0060224,0
GO:0060081,103
GO:0010220,0
GO:0014008,5
GO:0075269,0
GO:2000390,0
GO:0035490,0
GO:0031159,0
GO:0045690,0
GO:0070587,0
GO:1904363,0
GO:0070104,50
GO:0031570,0
GO:0032486,38
GO:1904996,12
GO:0016132,0
GO:0002004,0
GO:2000436,39
GO:0008212,0
GO:0099622,0
GO:0106040,3
GO:2001148,0
GO:0060474,0
GO:2000385,0
GO:0038014,0
GO:1900520,0
GO:0002676,0
GO:0070239,0
GO:1902424,8
GO:1900047,0
GO:0051901,28
GO:1905757,0
GO:0032666,0
GO:0002657,0
GO:0160049,22
GO:0071923,0
GO:0140123,0
GO:1902571,0
GO:0070243,10
GO:0032971,3
GO:1902260,26
GO:0002702,0
GO:1904202,0
GO:0120194,0
GO:0038124,0
GO:0050685,2
GO:2001250,0
GO:0046541,15
GO:1900977,0
GO:0141006,24
GO:1903265,45
GO:2000830,19
GO:0045348,27
GO:0045744,24
GO:0045976,0
GO:0002029,46
GO:1901091,0
GO:1902627,0
GO:0003110,0
GO:0045809,0
GO:0010549,0
GO:1905219,0
GO:1902527,25
GO:1904783,44
GO:0140433,0
GO:0039529,49
GO:0099578,0
GO:0075227,0
GO:2001155,0
GO:1901184,0
GO:0072304,0
GO:0044819,0
GO:0110031,4
GO:0033141,16
GO:2000866,9
GO:1903169,45
GO:2001265,0
GO:0070667,15
GO:0010604,5
GO:2000628,9
GO:2000782,0
GO:0009996,0
GO:0034442,0
GO:0032735,67
GO:1904674,1
GO:1900214,0
GO:0010656,71
GO:0030279,116
GO:1903706,50
GO:0051960,7
GO:0035021,31
GO:0021775,35
GO:0046010,9
GO:0003264,35
GO:0030517,100
GO:0031587,2
GO:0001938,407
GO:0009893,0
GO:0050771,83
GO:1900844,0
GO:0032740,56
GO:1905855,0
GO:1900081,0
GO:1900060,1
GO:1903233,37
GO:0032792,14
GO:0032248,0
GO:0032879,14
GO:2000360,17
GO:1901099,0
GO:1904897,0
GO:0070572,9
GO:1905919,0
GO:0055023,0
GO:0002038,37
GO:0002691,14
GO:0039535,0
GO:0032246,0
GO:0031950,0
GO:0009867,0
GO:1903422,14
GO:1905562,6
GO:0098818,0
GO:1902054,0
GO:0044528,11
GO:0002037,0
GO:0090320,6
GO:1900399,0
GO:0010454,18
GO:1901469,0
GO:0045849,0
GO:0046588,0
GO:0008156,75
GO:0002092,84
GO:0008628,29
GO:0071580,0
GO:0033238,0
GO:1903942,0
GO:0014910,21
GO:0046578,5
GO:1900320,0
GO:1901739,2
GO:1902958,2
GO:0090270,0
GO:0072306,0
GO:0031567,0
GO:1905296,0
GO:1902261,0
GO:1902957,2
GO:0001984,1
GO:0099556,0
GO:0051497,194
GO:1902732,43
GO:0030712,0
GO:1900015,52
GO:0140538,0
GO:0002855,0
GO:1905422,0
GO:1903918,0
GO:1903279,0
GO:0070430,24
GO:1905552,5
GO:0042904,21
GO:0060785,0
GO:1900330,0
GO:1903326,0
GO:0090031,54
GO:0032467,300
GO:0050805,40
GO:1902004,98
GO:1905777,0
GO:0060046,10
GO:1900707,0
GO:1904252,0
GO:2000198,0
GO:0032652,0
GO:0043520,0
GO:1902890,0
GO:1904574,0
GO:1904088,0
GO:0051947,0
GO:0098942,86
GO:1900335,0
GO:1900177,0
GO:0014738,0
GO:0034239,0
GO:2000094,0
GO:0072096,0
GO:0014857,0
GO:0075302,0
GO:0030833,101
GO:1902966,40
GO:0003132,0
GO:1903598,13
GO:1905192,0
GO:1990580,0
GO:0030852,3
GO:0060024,52
GO:0061189,0
GO:0048836,0
GO:1900950,0
GO:0009740,9
GO:1904376,0
GO:0075249,0
GO:0045705,0
GO:0010364,0
GO:0002662,0
GO:0035626,0
GO:1903944,61
GO:1904294,68
GO:1902722,2
GO:1903356,0
GO:0002817,0
GO:0141064,0
GO:0032930,80
GO:2000914,0
GO:1901841,0
GO:0033088,26
GO:0003053,0
GO:0050820,19
GO:1904465,4
GO:0032084,0
GO:0032899,0
GO:0110053,9
GO:2000346,36
GO:0032901,2
GO:0002603,0
GO:1902963,1
GO:1905938,0
GO:1900493,0
GO:0010892,0
GO:0014748,0
GO:0060232,8
GO:1905203,0
GO:1904525,0
GO:0140973,0
GO:0045500,0
GO:0050766,228
GO:0045964,10
GO:0007264,715
GO:0045577,34
GO:0048579,0
GO:1905741,0
GO:0031323,0
GO:1905174,3
GO:2000006,0
GO:1905626,0
GO:0045625,0
GO:0014830,0
GO:0032058,0
GO:0014881,0
GO:0045923,0
GO:0032995,0
GO:1902804,0
GO:1900339,0
GO:0051459,0
GO:0062109,0
GO:1905772,0
GO:1902965,0
GO:1902511,1
GO:0090303,110
GO:1903851,0
GO:0051932,71
GO:1904377,22
GO:0099611,39
GO:1903996,0
GO:2000439,29
GO:1900367,0
GO:1905821,26
GO:2000271,9
GO:0070235,0
GO:0003064,0
GO:0110063,5
GO:1905150,4
GO:0034168,0
GO:2000555,0
GO:0031394,7
GO:0002012,0
GO:2000378,92
GO:0050792,0
GO:0071584,0
GO:1903690,49
GO:1903859,0
GO:0140676,0
GO:0030862,0
GO:0051888,0
GO:0002852,0
GO:0070248,0
GO:1904471,3
GO:0034122,73
GO:0045711,0
GO:1903270,0
GO:0060078,250
GO:1902006,0
GO:0045862,92
GO:1903387,12
GO:0045925,31
GO:0072573,1
GO:2001145,0
GO:0046425,68
GO:0090032,25
GO:0031450,0
GO:1904973,3
GO:0034092,0
GO:2000085,0
GO:0060253,84
GO:1904790,0
GO:2001235,74
GO:0034132,0
GO:1900161,0
GO:0043122,80
GO:0090211,0
GO:0140846,0
GO:0002653,0
GO:0007489,0
GO:0051349,0
GO:0010883,17
GO:1902904,15
GO:1904786,0
GO:1904418,0
GO:0060550,0
GO:0010737,294
GO:2000372,0
GO:0060383,35
GO:0045762,85
GO:2000801,0
GO:2000920,0
GO:1905674,0
GO:1904059,16
GO:0050921,41
GO:0031112,0
GO:1901406,0
GO:0090291,0
GO:0010649,9
GO:0035931,0
GO:0051624,0
GO:0010754,19
GO:1904898,0
GO:1901992,9
GO:2001237,83
GO:1905178,0
GO:0051543,0
GO:0045834,18
GO:1900722,0
GO:0031401,11
GO:0045614,0
GO:1905342,8
GO:2000047,0
GO:0071864,23
GO:0075306,0
GO:0086011,63
GO:0051588,0
GO:0032374,23
GO:0034351,26
GO:0047484,60
GO:0061358,10
GO:0072302,0
GO:0045900,0
GO:0010987,0
GO:1900639,0
GO:0032463,1
GO:1904053,0
GO:1901453,0
GO:0010647,0
GO:1904189,0
GO:0090064,0
GO:1905325,0
GO:0045959,68
GO:0110125,0
GO:0001990,2
GO:1903237,0
GO:1902430,62
GO:1902728,7
GO:0045830,33
GO:1903235,7
GO:1902642,0
GO:0060768,35
GO:0086016,45
GO:1902069,0
GO:0090107,2
GO:0042268,0
GO:1903684,0
GO:0106214,0
GO:0032005,0
GO:2000491,43
GO:0014735,0
GO:1905433,0
GO:1901165,26
GO:0051452,32
GO:0052323,0
GO:0044719,0
GO:0032966,79
GO:1904815,4
GO:2000171,114
GO:0141113,0
GO:1903388,0
GO:0043393,2
GO:1902543,0
GO:0120215,0
GO:0061117,0
GO:0021936,5
GO:0045601,2
GO:0035008,0
GO:0032751,0
GO:1905043,0
GO:1904227,0
GO:0035491,0
GO:0042989,35
GO:1904427,17
GO:0050747,1
GO:0001925,0
GO:0010099,0
GO:1905848,0
GO:0035783,2
GO:1904054,80
GO:2000204,0
GO:0002774,0
GO:0001921,86
GO:1904658,0
GO:0035660,0
GO:1905405,0
GO:0140920,0
GO:0035477,0
GO:0032911,6
GO:0075310,0
GO:0070609,0
GO:2000832,0
GO:1901035,0
GO:1904260,0
GO:0062038,0
GO:2000677,0
GO:1902763,0
GO:1905881,0
GO:1904255,0
GO:0002686,29
GO:0001804,0
GO:2001046,136
GO:1905073,0
GO:0007179,406
GO:1905304,0
GO:0045924,0
GO:1901835,0
GO:0099175,432
GO:2000788,0
GO:0050677,0
GO:0002677,4
GO:0038063,106
GO:1905062,0
GO:0060683,0
GO:0002820,18
GO:0001870,0
GO:0045571,0
GO:0002806,0
GO:0150078,8
GO:0035279,20
GO:0043318,1
GO:0090138,13
GO:1903755,0
GO:1903659,15
GO:1905534,3
GO:1905495,0
GO:1901411,0
GO:1902810,0
GO:2000585,0
GO:0022003,0
GO:1902255,0
GO:1900648,0
GO:1903792,0
GO:0032075,0
GO:1904512,0
GO:0050666,0
GO:1905615,0
GO:2000464,0
GO:0072125,0
GO:0035790,0
GO:0035664,0
GO:2000773,92
GO:0061036,16
GO:0061311,0
GO:0031327,0
GO:0072298,0
GO:0001177,0
GO:1900964,0
GO:0051632,0
GO:0032749,0
GO:1901320,0
GO:0034155,0
GO:0048550,5
GO:1905448,0
GO:1901081,0
GO:1901199,0
GO:0045542,71
GO:0010030,0
GO:0042403,116
GO:0060025,56
GO:1901444,0
GO:1905340,0
GO:0060919,0
GO:0072034,24
GO:1904884,66
GO:1900206,0
GO:2000683,0
GO:0075253,0
GO:0045655,5
GO:1905295,0
GO:0003352,1
GO:0086100,40
GO:0045778,94
GO:2000258,0
GO:0045895,0
GO:0090180,0
GO:0034250,10
GO:1904979,0
GO:1902751,3
GO:0031999,25
GO:1905847,0
GO:1904747,0
GO:0002899,0
GO:0038189,8
GO:0033032,22
GO:2000748,0
GO:0071810,0
GO:1903773,0
GO:1901856,3
GO:1900917,0
GO:2000998,0
GO:1902747,0
GO:0031342,0
GO:0002734,0
GO:2000678,2
GO:0032825,34
GO:1900737,24
GO:0010744,2
GO:0045918,0
GO:0032369,15
GO:0060012,14
GO:2000401,3
GO:1901894,0
GO:1903912,1
GO:1905367,0
GO:0019217,31
GO:0032676,0
GO:1900454,49
GO:1901966,0
GO:0002045,0
GO:0090181,124
GO:0090256,0
GO:1903433,0
GO:0043556,0
GO:1903081,0
GO:2000215,0
GO:2000467,1
GO:1902752,0
GO:0045741,0
GO:2000828,0
GO:0090165,0
GO:1903313,0
GO:1905456,0
GO:1900138,0
GO:0050996,53
GO:0072303,0
GO:0010836,13
GO:1903285,1
GO:1905780,0
GO:2000252,38
GO:0033473,0
GO:2000570,3
GO:0032723,0
GO:0031536,17
GO:1901672,0
GO:0010827,144
GO:2001195,0
GO:0002811,0
GO:1903564,1
GO:0061123,0
GO:0051245,0
GO:2001192,0
GO:1903521,0
GO:0045838,21
GO:2000923,0
GO:0010337,0
GO:2000074,2
GO:0150035,0
GO:0045855,0
GO:0031286,0
GO:0002632,0
GO:0032677,66
GO:1904778,12
GO:0045710,0
GO:0035929,0
GO:1902806,30
GO:0010820,82
GO:0035932,11
GO:0045070,164
GO:1902459,207
GO:0140743,0
GO:0048259,0
GO:2000396,0
GO:0000434,0
GO:0060501,12
GO:0051728,0
GO:0044818,65
GO:0140331,51
GO:1903426,39
GO:0051136,2
GO:0090232,0
GO:0086017,0
GO:0050727,434
GO:1905418,0
GO:0002841,5
GO:0032829,5
GO:0035366,0
GO:1902435,0
GO:2000466,16
GO:0051694,38
GO:2000942,0
GO:0071581,0
GO:2000927,0
GO:0032381,0
GO:0032833,0
GO:1902794,0
GO:0050995,115
GO:1905081,0
GO:1902220,3
GO:1900912,0
GO:1905278,13
GO:1900244,154
GO:1904535,13
GO:0150077,30
GO:0046824,9
GO:0006111,59
GO:1900683,0
GO:2000624,0
GO:0032206,61
GO:0043314,15
GO:1904907,0
GO:1905095,0
GO:0060101,19
GO:0036036,0
GO:0090244,0
GO:0150158,0
GO:2000392,7
GO:0006967,0
GO:0046984,1
GO:0002834,21
GO:1902239,0
GO:0061469,10
GO:0106064,3
GO:0050853,200
GO:1902216,5
GO:0060291,336
GO:0044778,0
GO:2000533,0
GO:0110002,2
GO:0051983,6
GO:1904100,7
GO:1901715,0
GO:0120304,0
GO:1904120,5
GO:0060544,15
GO:0030322,39
GO:0046344,0
GO:0060123,22
GO:0051176,0
GO:1902883,34
GO:1900959,0
GO:0051931,0
GO:1900231,0
GO:0033398,0
GO:0039705,0
GO:0032938,10
GO:0032350,29
GO:0010615,0
GO:1900108,1
GO:0019228,292
GO:0001402,0
GO:0140646,0
GO:0033008,0
GO:1905310,0
GO:0032245,0
GO:0043305,24
GO:1901454,0
GO:1902446,0
GO:2000502,4
GO:1904073,0
GO:0010466,6
GO:1900488,0
GO:1900102,7
GO:0120158,5
GO:0071900,0
GO:0090352,0
GO:0002090,27
GO:0032647,0
GO:1900292,0
GO:1905475,13
GO:2000370,61
GO:0048643,23
GO:0061586,0
GO:0045683,0
GO:0009048,78
GO:1900098,0
GO:1901858,9
GO:1904689,0
GO:0106119,0
GO:2000398,0
GO:1903852,5
GO:1903301,3
GO:0106072,17
GO:2000512,0
GO:1904539,14
GO:1900139,0
GO:1905049,0
GO:0070434,16
GO:0048819,0
GO:0060099,0
GO:0046635,0
GO:0030835,26
GO:1905859,0
GO:0045693,0
GO:0051942,0
GO:0010714,0
GO:0048520,10
GO:1905014,0
GO:0061960,0
GO:2001176,0
GO:1900958,0
GO:0120040,0
GO:0039532,9
GO:1904650,0
GO:1904800,0
GO:0048073,2
GO:0046673,0
GO:1905541,4
GO:0062226,0
GO:0003070,0
GO:0007557,0
GO:0110024,4
GO:0042311,151
GO:0090337,0
GO:0090186,0
GO:0034143,9
GO:0070454,0
GO:2000560,4
GO:1901210,0
GO:0048171,0
GO:0045993,0
GO:0034123,9
GO:0062133,0
GO:0090045,0
GO:1903793,0
GO:0010110,0
GO:1904826,0
GO:1900322,0
GO:0002617,0
GO:0051835,41
GO:0045570,0
GO:0070496,0
GO:1900077,0
GO:0075272,0
GO:0007189,474
GO:0010933,6
GO:2000758,36
GO:2000235,0
GO:1900891,0
GO:0080152,0
GO:1905467,0
GO:0106289,0
GO:0002723,0
GO:0010187,0
GO:0080148,0
GO:1901443,0
GO:0030510,23
GO:0072308,0
GO:0050746,2
GO:0023021,2
GO:1900366,0
GO:1903020,1
GO:0070806,0
GO:0032213,0
GO:1902053,0
GO:0003042,0
GO:1901738,0
GO:0034315,58
GO:0003356,90
GO:0033133,5
GO:2001277,0
GO:1903028,10
GO:0086097,1
GO:1904731,0
GO:0051887,0
GO:0007173,259
GO:0099158,0
GO:0120142,0
GO:0061907,0
GO:1902867,0
GO:1900954,0
GO:0006942,8
GO:1905751,10
GO:0032207,0
GO:1900693,0
GO:0140894,0
GO:0090001,0
GO:0061092,50
GO:2000629,0
GO:2000214,0
GO:1904951,9
GO:1905523,5
GO:0048173,0
GO:0014038,0
GO:0070951,0
GO:1905906,13
GO:1903528,0
GO:2000951,0
GO:2000479,13
GO:1904341,0
GO:0090279,31
GO:0009851,0
GO:1905129,0
GO:0001905,12
GO:0044092,0
GO:1903882,0
GO:0032416,0
GO:1900315,0
GO:0051621,1
GO:0002837,0
GO:1904964,0
GO:0062089,0
GO:0033397,0
GO:1900669,0
GO:1900689,0
GO:1905102,0
GO:0051629,0
GO:0048586,0
GO:2000241,9
GO:0032336,0
GO:0060295,0
GO:0032348,4
GO:2001228,0
GO:0046319,0
GO:1900647,0
GO:0014859,6
GO:1901668,21
GO:0003083,0
GO:0031325,0
GO:0001911,0
GO:1900157,0
GO:0070953,0
GO:0003052,0
GO:0017121,43
GO:0007165,7414
GO:0062041,0
GO:0120133,0
GO:1900935,0
GO:2000197,0
GO:0021937,0
GO:1901412,0
GO:0034093,0
GO:1904838,0
GO:0010728,0
GO:0106012,0
GO:0032276,0
GO:0051584,7
GO:1901029,20
GO:0010594,39
GO:0050947,0
GO:0034316,50
GO:1901258,0
GO:1903776,0
GO:1904814,0
GO:0034759,0
GO:2001053,0
GO:0050857,9
GO:0035396,0
GO:0046002,0
GO:0035604,0
GO:0110090,0
GO:1905337,45
GO:1901186,5
GO:0009690,0
GO:0014040,3
GO:0086001,8
GO:1905680,0
GO:1902932,0
GO:0033476,0
GO:1903427,67
GO:1904353,0
GO:0007225,27
GO:1903133,0
GO:0044387,4
GO:0043077,0
GO:0060623,3
GO:0050818,0
GO:0051915,0
GO:0032768,0
GO:0003058,0
GO:1901731,42
GO:1990172,0
GO:1903471,0
GO:0002885,0
GO:1900228,0
GO:0038183,27
GO:0046829,0
GO:0010819,0
GO:0010650,10
GO:0010700,10
GO:0034253,0
GO:0043535,50
GO:1900188,0
GO:0032744,0
GO:1905493,0
GO:0007532,0
GO:0010371,0
GO:1904282,0
GO:0038192,10
GO:0120183,50
GO:0032305,0
GO:0043951,43
GO:0032876,0
GO:0033031,11
GO:0090033,0
GO:1904027,4
GO:0008589,132
GO:0038128,7
GO:0160068,0
GO:1905856,3
GO:1900092,0
GO:0002891,13
GO:0062086,1
GO:2000288,30
GO:0061875,3
GO:2000838,0
GO:0061160,0
GO:0009588,0
GO:0048582,0
GO:0050941,0
GO:1905628,0
GO:0060332,0
GO:0110083,0
GO:1903026,0
GO:1905487,0
GO:0090066,0
GO:0090347,0
GO:1903888,0
GO:0060904,0
GO:0002033,0
GO:2000357,0
GO:0002649,0
GO:2001030,0
GO:0043059,0
GO:2000270,23
GO:1900745,122
GO:1902185,0
GO:1900137,0
GO:0060227,0
GO:2001285,0
GO:0043280,12
GO:0055096,135
GO:0090024,28
GO:1903800,1
GO:0033045,0
GO:1900141,0
GO:0030522,75
GO:0009684,0
GO:0051953,0
GO:0008208,0
GO:0011000,0
GO:0007186,4524
GO:0035624,0
GO:1903385,11
GO:1905208,1
GO:0032346,0
GO:0019219,0
GO:0070664,0
GO:0061059,0
GO:0023022,0
GO:0021811,0
GO:1902380,0
GO:0032897,45
GO:0035195,49
GO:1903198,0
GO:2001200,6
GO:0038108,2
GO:2000425,0
GO:0050864,0
GO:1903054,3
GO:0070873,0
GO:1900152,23
GO:0060240,0
GO:0045988,8
GO:2000522,0
GO:1903487,12
GO:0048629,0
GO:2001157,0
GO:1903999,21
GO:0060355,0
GO:1901458,0
GO:1905464,0
GO:0035206,0
GO:0070233,42
GO:0080185,0
GO:0060238,0
GO:0070108,0
GO:1903681,0
GO:1903312,0
GO:1903315,0
GO:0046881,4
GO:0035425,6
GO:0031281,0
GO:1902512,17
GO:1901977,0
GO:0035682,0
GO:0060044,56
GO:0080050,0
GO:1900826,0
GO:1904757,0
GO:0051769,0
GO:0120262,0
GO:0070101,7
GO:1904748,0
GO:0032532,16
GO:2000938,0
GO:0003376,20
GO:0051045,5
GO:0090317,0
GO:2000693,0
GO:1903687,0
GO:1902750,4
GO:0045596,148
GO:0090227,0
GO:0006718,0
GO:1903373,38
GO:0032680,49
GO:0045443,0
GO:0060279,0
GO:0033602,52
GO:1900676,0
GO:0002605,2
GO:0002925,16
GO:0006590,135
GO:0060375,2
GO:0010975,176
GO:0010913,0
GO:0050774,110
GO:2001137,142
GO:0045944,4350
GO:0035151,0
GO:1902456,0
GO:0032968,148
GO:0090233,0
GO:2001042,0
GO:1904029,0
GO:0045581,6
GO:1904894,14
GO:1902443,3
GO:2000456,0
GO:0075018,0
GO:0030887,5
GO:1903490,46
GO:1904350,0
GO:0030509,199
GO:0010363,0
GO:1900963,0
GO:0062208,0
GO:0030449,29
GO:1905827,0
GO:1904136,0
GO:0030308,342
GO:0007091,11
GO:1905082,0
GO:1903110,0
GO:0042488,85
GO:1902805,0
GO:1901263,0
GO:0044618,0
GO:0033240,0
GO:0098902,5
GO:1904410,0
GO:0030513,201
GO:0045991,0
GO:0062161,0
GO:0090315,22
GO:1903466,0
GO:1905619,0
GO:1905052,0
GO:0120161,40
GO:1904048,0
GO:0075245,0
GO:0050848,48
GO:0051693,102
GO:0043417,2
GO:0008286,438
GO:0010998,13
GO:0046889,41
GO:0010962,0
GO:0160037,0
GO:1900431,0
GO:0150037,56
GO:2000607,0
GO:1902367,0
GO:1903881,0
GO:0070859,5
GO:0060918,0
GO:1905955,0
GO:0046929,30
GO:1902997,18
GO:0060584,0
GO:2000142,2
GO:0032830,0
GO:2001270,0
GO:1902884,5
GO:0046534,0
GO:0034203,0
GO:0032387,10
GO:2000961,0
GO:0009963,0
GO:0010795,11
GO:0003066,0
GO:0021821,0
GO:2001001,0
GO:0150157,0
GO:0045973,0
GO:0048681,58
GO:2000744,7
GO:0060735,0
GO:0045727,296
GO:0061754,0
GO:0036321,3
GO:1902212,0
GO:1904022,13
GO:0010837,13
GO:1905385,0
GO:0045949,0
GO:0051460,0
GO:0051945,0
GO:2001114,0
GO:0002732,4
GO:0045916,5
GO:0075298,0
GO:0010760,19
GO:1904966,0
GO:0051093,39
GO:0034756,2
GO:0055118,2
GO:0140213,0
GO:1903542,31
GO:0060700,7
GO:1900283,0
GO:1900080,0
GO:1900118,6
GO:0036227,0
GO:1903565,10
GO:1905625,0
GO:2000353,47
GO:0060825,0
GO:0090023,118
GO:1900931,0
GO:0051969,0
GO:0045650,54
GO:1900168,25
GO:0016131,0
GO:2001256,80
GO:0061000,35
GO:0001514,13
GO:2000794,0
GO:0071863,0
GO:1903236,2
GO:0006451,0
GO:0016525,353
GO:0032682,32
GO:1903330,0
GO:0043271,26
GO:2000122,0
GO:0021910,0
GO:2000633,9
GO:0045829,0
GO:0003118,0
GO:1904570,0
GO:1900943,0
GO:0070254,69
GO:0002650,0
GO:0048834,0
GO:0008626,7
GO:0090051,82
GO:1900684,0
GO:1990926,3
GO:2000184,0
GO:0043484,377
GO:1903244,0
GO:2000231,0
GO:0034176,0
GO:0010959,0
GO:0072217,0
GO:0090322,0
GO:0032251,0
GO:2000761,0
GO:2000972,0
GO:0061926,0
GO:1904596,0
GO:1905366,16
GO:0032734,0
GO:1902961,1
GO:0051496,301
GO:0070171,3
GO:0071883,0
GO:0033140,10
GO:0003131,4
GO:1904140,1
GO:0060258,0
GO:0038162,5
GO:1903006,0
GO:1901329,1
GO:1904806,0
GO:0009047,0
GO:1903815,0
GO:0002903,10
GO:0070134,0
GO:0030193,45
GO:2000787,0
GO:0032331,103
GO:0010979,0
GO:1903200,0
GO:0036325,0
GO:1904196,0
GO:0070431,32
GO:0032826,0
GO:0090231,0
GO:0051174,5
GO:0035159,0
GO:0007253,0
GO:0044058,0
GO:1900091,0
GO:0106024,0
GO:0098909,55
GO:1905110,0
GO:0048170,108
GO:0035076,0
GO:0051348,0
GO:0002727,0
GO:0010575,102
GO:0033246,0
GO:1903216,0
GO:1903707,0
GO:0075185,0
GO:0150101,20
GO:0002856,0
GO:1905455,1
GO:0002803,13
GO:0032688,56
GO:0099093,8
GO:0048023,25
GO:1901614,0
GO:0001996,1
GO:0045642,0
GO:0003321,0
GO:0051617,0
GO:0032888,0
GO:1901889,0
GO:0055018,0
GO:2000511,0
GO:1904863,0
GO:0038061,97
GO:0061313,0
GO:1900863,0
GO:1900846,0
GO:0048401,0
GO:0061889,2
GO:0106025,0
GO:0061854,0
GO:2000719,0
GO:1900276,19
GO:1901874,0
GO:0030890,136
GO:1904522,0
GO:0060243,0
GO:0070786,0
GO:1904445,0
GO:1902952,21
GO:0030839,0
GO:2000710,0
GO:0045761,39
GO:1903034,0
GO:0060860,0
GO:1901839,0
GO:0060140,0
GO:0045808,0
GO:0043270,3
GO:2000592,0
GO:1903641,0
GO:1905820,15
GO:0120058,0
GO:0070607,0
GO:0141008,11
GO:0023059,0
GO:0043402,0
GO:0070493,32
GO:0033210,26
GO:1904605,0
GO:0002696,10
GO:0035341,0
GO:2000935,0
GO:0002614,0
GO:0035386,0
GO:1905001,0
GO:0036520,0
GO:0034127,2
GO:1903012,0
GO:0039533,0
GO:0060353,0
GO:1900955,0
GO:1904448,0
GO:2000845,8
GO:0045580,33
GO:2000941,0
GO:0086091,316
GO:0036416,9
GO:1900714,0
GO:0046662,0
GO:0075216,0
GO:0010648,0
GO:0060421,26
GO:0071337,0
GO:0010366,0
GO:0002597,0
GO:0034125,18
GO:0002839,5
GO:0038160,11
GO:1901534,0
GO:2001262,0
GO:1904419,0
GO:1904025,11
GO:1903664,0
GO:0032455,0
GO:0071623,0
GO:1904064,0
GO:0061058,0
GO:0120265,0
GO:2000059,92
GO:0141161,0
GO:0001960,19
GO:0110111,0
GO:0050850,219
GO:0098910,91
GO:0000431,0
GO:1903814,0
GO:0040013,0
GO:1904808,2
GO:1903011,0
GO:0060405,0
GO:0150073,0
GO:1902175,19
GO:1901419,0
GO:1905138,0
GO:1900895,0
GO:0007169,594
GO:1900243,14
GO:0042762,0
GO:0034118,0
GO:0050732,76
GO:0007232,0
GO:1901990,40
GO:0007229,490
GO:0048334,0
GO:2000411,0
GO:2000248,0
GO:1903674,0
GO:0034959,5
GO:1902041,10
GO:0044082,0
GO:0060633,37
GO:0051524,0
GO:0010745,58
GO:0060176,0
GO:0034133,0
GO:1900760,0
GO:0032960,0
GO:0090050,102
GO:0032308,17
GO:0070447,31
GO:0075045,0
GO:1900178,0
GO:1904603,0
GO:1903121,0
GO:2000312,2
GO:0051582,16
GO:1900307,0
GO:2000908,0
GO:0003340,0
GO:1900909,0
GO:1901895,0
GO:0071514,40
GO:2000217,0
GO:0046628,117
GO:1903590,0
GO:2000268,0
GO:1905947,0
GO:2000022,0
GO:0141087,0
GO:0043155,0
GO:1903667,0
GO:0031947,0
GO:0045732,317
GO:0010696,0
GO:1900824,0
GO:0006446,63
GO:2000648,126
GO:1905118,0
GO:0075273,0
GO:1905653,5
GO:0045930,60
GO:2000768,2
GO:0014709,0
GO:1902748,16
GO:1901712,0
GO:1990515,0
GO:1905958,0
GO:0090316,149
GO:0062085,0
GO:0060234,8
GO:1903111,0
GO:1905768,0
GO:0060986,0
GO:1904991,0
GO:0031335,41
GO:0002846,0
GO:0099105,69
GO:0033466,0
GO:0035774,245
GO:0046331,0
GO:0010570,0
GO:0098530,9
GO:0051944,0
GO:0160160,0
GO:0010083,0
GO:1905186,0
GO:1904756,0
GO:1904104,0
GO:0014733,0
GO:1904526,0
GO:1904508,0
GO:0032686,0
GO:0009789,1
GO:0045662,67
GO:1900394,0
GO:0002766,0
GO:0014744,0
GO:0160199,0
GO:0001817,248
GO:0062014,0
GO:0106246,0
GO:0019747,0
GO:0045951,0
GO:2000275,0
GO:0048172,159
GO:0061766,0
GO:0000435,3
GO:0043281,3
GO:0045469,0
GO:1901330,0
GO:0051967,54
GO:1903041,0
GO:2000514,0
GO:1900217,0
GO:0021837,2
GO:0045977,0
GO:0032803,4
GO:0060863,0
GO:1903379,0
GO:0070162,0
GO:0061369,16
GO:1904276,0
GO:0042176,46
GO:0002880,0
GO:1904138,0
GO:0070478,10
GO:0140050,0
GO:1900666,0
GO:0007604,0
GO:0003101,0
GO:0110026,0
GO:0062227,0
GO:1905769,0
GO:1900055,0
GO:1902726,0
GO:0048587,0
GO:0045635,0
GO:0033313,0
GO:0150003,27
GO:0060831,83
GO:2000442,0
GO:0050679,327
GO:1905682,0
GO:1905779,0
GO:1904536,0
GO:1900024,38
GO:0036322,0
GO:0033314,29
GO:0003306,0
GO:0120046,0
GO:0009914,5
GO:1904345,0
GO:0090687,0
GO:0044871,0
GO:0099549,0
GO:2000174,0
GO:0030709,0
GO:0070075,2
GO:1903751,5
GO:0060167,0
GO:0051545,6
GO:2000415,0
GO:0120076,0
GO:0051963,88
GO:0060497,0
GO:0090327,5
GO:0051587,0
GO:0061179,71
GO:0045935,0
GO:1902437,5
GO:0106397,0
GO:1903423,99
GO:1902458,0
GO:1902553,0
GO:0019440,5
GO:0032713,1
GO:2000037,0
GO:0035203,0
GO:2000566,59
GO:0032965,0
GO:0051638,10
GO:1901261,0
GO:0002887,0
GO:1901492,15
GO:0090194,0
GO:0010976,670
GO:0050866,4
GO:1903538,3
GO:0072215,0
GO:1903573,33
GO:0075276,0
GO:1902829,0
GO:0002847,0
GO:1902071,0
GO:1902044,7
GO:0106070,28
GO:0045632,0
GO:1900483,0
GO:0106111,0
GO:0140972,77
GO:0060194,0
GO:0045990,0
GO:1904735,0
GO:0160028,0
GO:0010752,0
GO:0106061,0
GO:0002639,97
GO:0062162,0
GO:0010249,0
GO:0045698,0
GO:0014713,0
GO:0098817,3
GO:0086046,41
GO:0007348,0
GO:0033604,0
GO:0040018,157
GO:0042053,32
GO:2000699,0
GO:0048710,2
GO:0110080,0
GO:0010543,22
GO:1904673,0
GO:0030336,629
GO:0110034,0
GO:0048777,0
GO:0002433,0
GO:2001050,0
GO:1902103,2
GO:1904687,0
GO:1901533,0
GO:0032944,2
GO:0140018,0
GO:1900655,0
GO:0070102,51
GO:1905247,0
GO:1900624,0
GO:1904261,123
GO:0045665,244
GO:0043576,47
GO:1901251,0
GO:0034139,7
GO:0075307,0
GO:1905300,0
GO:1902472,0
GO:1902145,0
GO:1904249,0
GO:0006417,508
GO:0032948,0
GO:1901182,0
GO:0071802,5
GO:1905828,0
GO:2000523,0
GO:0086005,230
GO:1904409,0
GO:0051961,9
GO:0060507,0
GO:0060583,0
GO:0051881,78
GO:0045314,0
GO:1905611,0
GO:0010951,13
GO:2000597,0
GO:0051918,3
GO:2000173,4
GO:1903473,0
GO:0040036,18
GO:1904393,36
GO:1900196,0
GO:1990001,0
GO:1904440,0
GO:2000139,0
GO:2000404,2
GO:0045967,4
GO:0051890,0
GO:1905007,4
GO:0038096,0
GO:0070247,0
GO:0014059,180
GO:1904094,21
GO:0002645,0
GO:0060178,9
GO:0045847,0
GO:0070606,0
GO:0010639,0
GO:1901371,0
GO:2001261,0
GO:0086018,14
GO:0030157,31
GO:0033043,21
GO:1901632,0
GO:1902532,8
GO:0045905,14
GO:2000940,0
GO:0120116,0
GO:1900518,0
GO:1904625,0
GO:0035681,0
GO:1900295,0
GO:0060354,40
GO:0160161,0
GO:0051954,0
GO:0035160,0
GO:0003060,0
GO:0031448,14
GO:0045786,84
GO:0032644,0
GO:0051581,0
GO:0106428,0
GO:0014718,18
GO:1900290,0
GO:1905602,2
GO:0075228,0
GO:0071028,35
GO:2000671,14
GO:0075220,0
GO:2000450,0
GO:0061869,0
GO:0061064,0
GO:2000641,60
GO:1905154,14
GO:0007553,0
GO:0009909,0
GO:0030514,199
GO:1905205,2
GO:1902423,0
GO:0097214,0
GO:2000837,0
GO:0002731,0
GO:0046329,117
GO:1905133,0
GO:0070366,0
GO:0014810,0
GO:1902841,0
GO:1905454,9
GO:0010571,37
GO:1903783,0
GO:2000785,91
GO:0140710,0
GO:1900838,0
GO:1904223,0
GO:0061365,0
GO:1900449,1
GO:0044759,0
GO:0098917,0
GO:1904706,44
GO:1901467,0
GO:0035815,7
GO:0150173,0
GO:1904024,12
GO:1903023,0
GO:1900340,0
GO:0060454,0
GO:1903250,0
GO:0002664,3
GO:0046586,0
GO:1902344,0
GO:0051627,0
GO:2000208,0
GO:0044878,0
GO:0031339,1
GO:0009863,0
GO:1900840,0
GO:0045653,5
GO:0071801,31
GO:1903242,17
GO:2000807,0
GO:0031329,0
GO:1900163,0
GO:1905412,0
GO:1902987,0
GO:0098694,0
GO:0045541,5
GO:0120047,0
GO:0010666,121
GO:1901247,0
GO:0001954,403
GO:2000434,41
GO:1903168,0
GO:1902915,21
GO:0007218,242
GO:0034129,0
GO:1904358,74
GO:0061294,0
GO:2000337,0
GO:0060557,0
GO:0090183,1
GO:1904712,0
GO:0044655,0
GO:0010614,118
GO:0038202,49
GO:0097151,99
GO:0045612,0
GO:1904292,1
GO:0036480,7
GO:0032784,11
GO:0045679,0
GO:2000538,0
GO:0046672,0
GO:0034248,0
GO:1905271,0
GO:0048092,0
GO:0035204,0
GO:0090129,20
GO:0071675,0
GO:0150061,0
GO:2000023,0
GO:0038089,5
GO:0010186,0
GO:1901609,0
GO:1900282,0
GO:0032724,0
GO:1905900,0
GO:0051495,8
GO:2001126,0
GO:0060397,49
GO:1904581,0
GO:1901466,0
GO:0090318,0
GO:1903829,85
GO:0051781,101
GO:1901442,0
GO:1903197,2
GO:0010550,0
GO:1905115,0
GO:0090192,0
GO:2001045,19
GO:1901983,0
GO:2000494,14
GO:2000878,0
GO:0090091,6
GO:0050767,133
GO:1905685,0
GO:0090016,0
GO:0010495,0
GO:1903787,0
GO:0099555,7
GO:2001032,37
GO:0048336,0
GO:0010548,0
GO:0060622,0
GO:0045725,70
GO:1901183,0
GO:0031539,0
GO:0010271,0
GO:1902313,0
GO:0035020,37
GO:0051612,4
GO:0045611,0
GO:0060237,0
GO:0150111,0
GO:0014843,11
GO:0010810,32
GO:0032008,77
GO:1905603,5
GO:0080005,0
GO:2000804,0
GO:0038087,0
GO:0070169,2
GO:1902733,0
GO:1902852,0
GO:0003330,7
GO:1904222,13
GO:0043489,10
GO:0098693,133
GO:0043555,0
GO:2000917,0
GO:1904114,0
GO:0045124,30
GO:0061168,0
GO:0043397,0
GO:1900960,0
GO:0031664,94
GO:0045695,0
GO:0002869,0
GO:0014911,166
GO:0038002,0
GO:2000342,12
GO:0002725,23
GO:0007216,81
GO:0042307,222
GO:1904018,5
GO:0035533,0
GO:1903337,0
GO:0051490,27
GO:0016056,1
GO:1901002,0
GO:0046888,32
GO:0071879,1
GO:0043380,0
GO:0002698,0
GO:1900932,0
GO:1900010,0
GO:0051302,24
GO:0002220,0
GO:0055025,1
GO:0070302,26
GO:0086050,0
GO:0035495,0
GO:0110045,0
GO:0002890,0
GO:0071336,0
GO:1905550,0
GO:1900232,0
GO:0075280,0
GO:0061806,0
GO:0070132,0
GO:0141156,0
GO:0007564,0
GO:0086033,0
GO:0106129,0
GO:0002754,0
GO:2000765,1
GO:2000982,0
GO:0061950,0
GO:0061514,6
GO:0045937,0
GO:0090109,0
GO:0046850,19
GO:1905358,0
GO:1905605,32
GO:0014853,4
GO:0110057,0
GO:0043086,52
GO:0110058,0
GO:0007188,217
GO:0051586,7
GO:1903280,0
GO:0010929,0
GO:0010059,0
GO:2000420,3
GO:1904459,0
GO:0048506,0
GO:0051481,129
GO:0070352,4
GO:0010944,11
GO:0050709,100
GO:0060257,0
GO:0090062,0
GO:1901256,5
GO:0021941,3
GO:0099159,58
GO:1903848,0
GO:0110038,0
GO:0002871,0
GO:1902597,0
GO:0045926,10
GO:1903472,0
GO:0150074,0
GO:0007088,40
GO:1900269,0
GO:0045984,0
GO:0001934,885
GO:0140507,5
GO:1903722,0
GO:0071644,3
GO:0002813,0
GO:1900187,0
GO:1902184,0
GO:0010460,94
GO:2000478,0
GO:0010906,98
GO:0007265,300
GO:0071031,8
GO:2000867,0
GO:2000220,0
GO:2000375,0
GO:0031384,0
GO:1904554,0
GO:0140131,0
GO:1904352,0
GO:0034760,3
GO:1900627,0
GO:0010572,106
GO:0038136,0
GO:1904203,0
GO:0038114,0
GO:0034243,28
GO:0045691,0
GO:0099163,3
GO:0003353,4
GO:0038155,9
GO:1904847,0
GO:1905276,0
GO:1900690,0
GO:1903752,0
GO:1900259,0
GO:1904746,0
GO:0090080,2
GO:0060075,21
GO:1900420,0
GO:0046823,0
GO:0090170,24
GO:0002669,5
GO:2000169,0
GO:0010606,41
GO:1905874,0
GO:0062098,0
GO:0031333,178
GO:0120292,0
GO:0031494,0
GO:0075241,0
GO:0006958,126
GO:0032694,0
GO:1903187,0
GO:0048087,0
GO:1901997,0
GO:1902834,0
GO:0065008,66
GO:1905521,2
GO:2000374,0
GO:1905466,0
GO:0060395,110
GO:0051948,0
GO:2000488,0
GO:1901722,0
GO:0033685,19
GO:0008210,89
GO:0002800,0
GO:1904331,0
GO:1900386,0
GO:0072182,0
GO:1905331,0
GO:1903499,0
GO:0032742,0
GO:2000075,0
GO:0031141,0
GO:1903816,0
GO:0099505,180
GO:0014058,0
GO:1902109,0
GO:0048330,0
GO:0030837,173
GO:0045457,0
GO:0090193,0
GO:2001225,31
GO:1904002,0
GO:0120143,0
GO:1905624,0
GO:0000079,9
GO:0010770,0
GO:0003116,0
GO:1904781,74
GO:0060764,7
GO:0021940,11
GO:0061880,0
GO:0016055,719
GO:0048578,0
GO:2001049,0
GO:2000974,35
GO:0090444,0
GO:1905027,0
GO:0060625,0
GO:2000477,0
GO:0150060,0
GO:2001039,0
GO:0010524,53
GO:1905784,0
GO:1903746,0
GO:1901899,0
GO:0048147,88
GO:0006355,4148
GO:0038153,0
GO:0097215,0
GO:0043087,176
GO:1902661,13
GO:1903978,61
GO:2000273,6
GO:1904727,0
GO:1904344,0
GO:0038027,31
GO:0045738,0
GO:0106288,0
GO:0045787,120
GO:1901449,0
GO:1905134,0
GO:1905246,0
GO:0035297,0
GO:0032530,0
GO:0002429,0
GO:0032687,31
GO:0141092,0
GO:1902839,0
GO:0110032,2
GO:0002872,0
GO:0002581,0
GO:1900310,0
GO:1904037,46
GO:1900192,0
GO:1903306,0
GO:0040028,0
GO:0002258,0
GO:1990611,13
GO:1904830,0
GO:0032415,0
GO:1900342,0
GO:1903743,1
GO:0022604,106
GO:0120093,0
GO:0045952,0
GO:0002218,278
GO:1902823,1
GO:1903367,1
GO:1903796,0
GO:1904042,0
GO:0002661,0
GO:1900035,0
GO:0014871,0
GO:0032460,0
GO:1904618,0
GO:1900542,0
GO:0050671,17
GO:0110079,0
GO:0045671,99
GO:0050943,0
GO:1905362,0
GO:0002755,16
GO:1901039,0
GO:0006885,49
GO:0060453,41
GO:2000796,0
GO:0070616,0
GO:1905181,0
GO:0010948,15
GO:2000711,6
GO:0014006,0
GO:1902252,0
GO:0007094,109
GO:1900966,0
GO:2000130,0
GO:1905141,0
GO:0002646,0
GO:1903514,5
GO:0002868,0
GO:0080153,0
GO:1903954,0
GO:0090228,0
GO:0002683,0
GO:1905792,0
GO:0010730,10
GO:1900142,0
GO:1904717,58
GO:0099156,0
GO:0045899,4
GO:0031291,10
GO:1904137,0
GO:0140724,0
GO:1905140,0
GO:1900159,25
GO:1903795,0
GO:0150129,0
GO:1903893,16
GO:1902322,0
GO:1903592,0
GO:0071650,14
GO:0045753,0
GO:0003420,10
GO:0090178,34
GO:0032306,0
GO:0035590,13
GO:0038098,1
GO:0051055,38
GO:1902595,0
GO:0002860,16
GO:1904801,0
GO:0000750,0
GO:0042905,0
GO:0060665,16
GO:0045708,0
GO:0032277,0
GO:0042683,0
GO:0045723,30
GO:0061186,0
GO:0106089,0
GO:0071073,5
GO:0060254,0
GO:1903726,0
GO:1902078,8
GO:0071661,0
GO:1901494,1
GO:1902669,0
GO:0048686,0
GO:0032750,0
GO:0042976,6
GO:1904407,0
GO:1904684,6
GO:0046579,117
GO:0099176,0
GO:0060546,20
GO:0034152,0
GO:1900272,41
GO:1905539,15
GO:1902613,0
GO:1903176,0
GO:0033626,13
GO:1904592,0
GO:0045928,0
GO:0045599,105
GO:2001144,0
GO:0090364,0
GO:0032816,26
GO:1905091,1
GO:0023041,1
GO:1901551,0
GO:0090036,31
GO:0032007,299
GO:1903526,12
GO:2000236,0
GO:0070424,1
GO:1902201,0
GO:0050867,9
GO:0003068,0
GO:0034055,0
GO:0044720,0
GO:0141150,0
GO:1901893,0
GO:0036160,0
GO:0050434,16
GO:0031550,0
GO:2001043,0
GO:1900521,0
GO:0045754,0
GO:1904734,0
GO:1900105,0
GO:0060222,0
GO:1904361,0
GO:0035359,13
GO:0014740,2
GO:1903630,0
GO:0032102,0
GO:2001211,0
GO:0043243,46
GO:0071835,0
GO:2000673,16
GO:0014015,13
GO:0032764,6
GO:0007187,33
GO:1902956,0
GO:1905010,0
GO:0090206,0
GO:2000108,11
GO:0099552,0
GO:1902949,0
GO:0002665,0
GO:1900211,0
GO:0046426,71
GO:2000102,0
GO:0002577,0
GO:0031295,44
GO:1901220,0
GO:0052150,0
GO:0051150,8
GO:0032097,0
GO:1904367,3
GO:0043310,0
GO:0070958,0
GO:0090277,17
GO:1902364,0
GO:0080149,0
GO:0017148,397
GO:1904704,0
GO:0070964,0
GO:0072091,71
GO:2001044,8
GO:0046885,2
GO:2000921,0
GO:0045618,84
GO:0002761,1
GO:0075277,0
GO:0120006,0
GO:0046620,31
GO:1900249,0
GO:0140243,0
GO:1901439,0
GO:1904232,0
GO:0031509,18
GO:1903920,17
GO:0042666,3
GO:1904364,3
GO:0042921,13
GO:1902080,0
GO:0034204,116
GO:0090520,12
GO:1904716,0
GO:0046580,124
GO:0021840,0
GO:1903856,0
GO:0035543,1
GO:1903574,0
GO:0072307,60
GO:0150179,0
GO:1904337,0
GO:1905595,0
GO:0002917,0
GO:0150045,5
GO:0061083,0
GO:0002765,0
GO:0075331,0
GO:0048680,88
GO:1902840,0
GO:0045876,9
GO:1904959,0
GO:2000349,14
GO:0035668,0
GO:1900407,41
GO:0062055,0
GO:1904707,380
GO:0032956,408
GO:0061986,0
GO:0042327,115
GO:0010507,189
GO:1904635,32
GO:2000183,0
GO:1903520,0
GO:1904796,0
GO:0080037,0
GO:0075322,0
GO:0061062,0
GO:0050920,15
GO:1903365,0
GO:2000596,0
GO:0006937,82
GO:1900369,0
GO:1904077,0
GO:1902548,46
GO:0008360,549
GO:0097279,3
GO:1902811,0
GO:1901592,0
GO:2001284,0
GO:0099575,4
GO:0051092,179
GO:0080151,0
GO:2000158,0
GO:0033234,24
GO:0003117,13
GO:0045772,0
GO:1902745,12
GO:0043180,0
GO:0071964,0
GO:0044555,0
GO:0048298,19
GO:0032674,4
GO:0060738,0
GO:1905032,0
GO:0009794,9
GO:0141149,0
GO:0043610,16
GO:0031496,0
GO:0099536,81
GO:1902531,3
GO:0034178,0
GO:0031929,134
GO:0007558,0
GO:1904295,0
GO:0022898,0
GO:0070234,7
GO:0046000,0
GO:0070459,0
GO:0090339,0
GO:0062224,0
GO:0090208,0
GO:0070425,0
GO:2000242,18
GO:0051251,0
GO:2000672,26
GO:1905033,0
GO:0060620,0
GO:1905263,0
GO:0090311,0
GO:0001869,22
GO:2000739,3
GO:1903636,0
GO:0050938,0
GO:1901098,29
GO:0032377,0
GO:0061387,0
GO:2001248,0
GO:2000853,14
GO:0032953,0
GO:0099610,61
GO:1904958,0
GO:1903234,0
GO:1904694,28
GO:1905175,0
GO:0070563,0
GO:1904690,0
GO:2000381,0
GO:0042437,0
GO:0022025,0
GO:0140245,1
GO:2000453,0
GO:2000376,0
GO:0034150,0
GO:1905555,5
GO:0036279,0
GO:0001926,0
GO:0009683,0
GO:0045088,49
GO:0031998,17
GO:1901550,0
GO:0002912,0
GO:0051622,1
GO:2001037,0
GO:0002025,0
GO:0032704,0
GO:0042634,18
GO:0061052,15
GO:1904697,0
GO:0106090,0
GO:0099586,0
GO:1903530,7
GO:0060542,0
GO:0032107,2
GO:1900170,7
GO:0010693,0
GO:0062025,0
GO:1905197,0
GO:0032091,72
GO:1901846,0
GO:2000762,0
GO:1902895,238
GO:1903782,0
GO:0051984,25
GO:0141044,0
GO:0062228,0
GO:0150011,19
GO:2000083,0
GO:0051886,3
GO:0060587,2
GO:1901379,125
GO:1900359,0
GO:0010717,157
GO:1905117,0
GO:0008205,0
GO:0031954,83
GO:0046603,0
GO:0032769,0
GO:0032417,4
GO:2001245,0
GO:0141151,0
GO:2000155,0
GO:0035820,0
GO:0045795,14
GO:0060570,0
GO:0046003,0
GO:0010816,5
GO:0045343,0
GO:1904857,0
GO:0061170,1
GO:0032882,0
GO:1903541,0
GO:2000001,67
GO:2000117,0
GO:1903753,28
GO:0045874,0
GO:0051893,124
GO:0032665,0
GO:1901613,0
GO:1904515,10
GO:0120264,0
GO:0032539,0
GO:0035561,0
GO:0046827,84
GO:0043242,6
GO:0002889,0
GO:0060730,1
GO:0010439,0
GO:0090265,10
GO:2000297,10
GO:0075304,0
GO:0048580,0
GO:0090249,7
GO:0035505,0
GO:1905356,0
GO:0040014,97
GO:2000980,0
GO:2000445,0
GO:1900848,0
GO:1902955,18
GO:0002892,0
GO:0046621,23
GO:0062107,0
GO:0032662,0
GO:1905194,0
GO:0070874,0
GO:0098905,7
GO:1900336,0
GO:0045893,2978
GO:0140539,0
GO:2000841,0
GO:1904362,0
GO:0010755,0
GO:0045660,2
GO:0072300,5
GO:1901862,0
GO:1904915,0
GO:1905675,11
GO:0034173,0
GO:1905830,0
GO:0140251,20
GO:0045191,9
GO:1902462,20
GO:0045756,0
GO:0002528,10
GO:0033081,37
GO:1903366,0
GO:1903408,2
GO:1901633,0
GO:0106022,20
GO:1902005,0
GO:1903900,8
GO:0038088,0
GO:0090035,0
GO:0070474,3
GO:2001269,0
GO:1902948,0
GO:0045985,0
GO:1900266,0
GO:0031117,8
GO:2000244,0
GO:1904793,0
GO:0010018,0
GO:2000772,64
GO:0062166,0
GO:0034110,0
GO:0032678,0
GO:1900284,0
GO:1903660,0
GO:0036483,2
GO:0043370,0
GO:0062169,0
GO:0032095,17
GO:0030631,0
GO:2001282,0
GO:1900107,2
GO:2000471,0
GO:0090325,9
GO:1902855,0
GO:1903527,3
GO:0035930,0
GO:0010701,19
GO:0070960,0
GO:1900219,0
GO:1904510,18
GO:2000035,6
GO:0034391,11
GO:1902108,31
GO:0050790,43
GO:2000093,0
GO:0043537,57
GO:0060141,0
GO:1902796,0
GO:2000104,2
GO:0030070,31
GO:0060765,15
GO:1904066,0
GO:0007063,0
GO:1905220,2
GO:0099083,0
GO:2000815,0
GO:1901434,0
GO:1905807,0
GO:0045841,1
GO:2000296,0
GO:1901472,0
GO:0034171,0
GO:1901333,0
GO:0001916,97
GO:0016486,73
GO:0061093,0
GO:1905516,16
GO:1901860,0
GO:0072042,0
GO:0060637,0
GO:0060333,31
GO:0052547,0
GO:0050670,0
GO:1901031,4
GO:0007603,15
GO:1901529,0
GO:1903116,0
GO:0050937,0
GO:0010517,0
GO:2000724,0
GO:1904205,0
GO:0060861,0
GO:0140668,0
GO:0120059,0
GO:1904827,0
GO:0002873,0
GO:1905332,0
GO:0002697,0
GO:0032756,0
GO:1901020,2
GO:0002230,124
GO:1902749,14
GO:0090335,29
GO:1900195,3
GO:0060316,0
GO:1900741,0
GO:0048326,0
GO:0060802,0
GO:0106109,0
GO:0160035,0
GO:0048379,0
GO:2000339,0
GO:1902059,0
GO:0039016,0
GO:0099538,5
GO:1901034,0
GO:0072332,159
GO:1904675,0
GO:0086092,0
GO:0010510,2
GO:0048021,3
GO:0086093,0
GO:1905207,0
GO:0033047,0
GO:1900904,0
GO:0034134,17
GO:0007347,0
GO:0003119,0
GO:2000322,0
GO:0035387,0
GO:0007263,25
GO:0030071,139
GO:2000854,2
GO:0099145,19
GO:2000452,0
GO:0038145,2
GO:0050927,193
GO:1900508,0
GO:1900974,0
GO:0033243,0
GO:2000706,0
GO:1902158,0
GO:0042686,0
GO:1905098,0
GO:1901097,40
GO:0010729,69
GO:0010514,0
GO:1902157,0
GO:1900445,0
GO:1900822,0
GO:0061173,0
GO:0048329,0
GO:2000623,59
GO:0000077,183
GO:1900504,0
GO:0043045,17
GO:2000844,0
GO:0010891,1
GO:1900101,0
GO:1904589,0
GO:1900288,0
GO:0048347,0
GO:0034136,25
GO:1900100,0
GO:0120042,0
GO:1904849,0
GO:1900461,4
GO:0043371,23
GO:0042573,38
GO:2000840,0
GO:0002825,0
GO:1900225,0
GO:0032741,25
GO:0002604,0
GO:0008630,231
GO:1904580,5
GO:1902235,7
GO:1902572,0
GO:0032929,33
GO:1904055,17
GO:1905386,0
GO:1903000,0
GO:1903033,0
GO:0038115,0
GO:1905800,0
GO:0060256,0
GO:1904521,0
GO:0031917,0
GO:1905151,0
GO:2000097,0
GO:0048303,0
GO:1905585,0
GO:1900498,0
GO:0016060,0
GO:0038033,8
GO:1903568,0
GO:0035207,0
GO:0098814,5
GO:0048679,54
GO:1900946,0
GO:0007274,141
GO:0045091,0
GO:2001138,0
GO:1903318,0
GO:1900140,0
GO:1904799,0
GO:0060617,0
GO:1900519,0
GO:0010880,54
GO:0016058,0
GO:1903094,6
GO:1900246,28
GO:1904569,0
GO:0050868,74
GO:1902117,20
GO:1905817,0
GO:1990787,0
GO:1905909,0
GO:0060301,0
GO:0008582,39
GO:0014729,0
GO:0060054,20
GO:2000228,0
GO:1904828,27
GO:1902279,0
GO:0042669,1
GO:1901967,0
GO:0035397,8
GO:0031328,0
GO:0034175,0
GO:1905839,2
GO:0035296,0
GO:0090027,14
GO:0038175,0
GO:0032722,92
GO:0010665,0
GO:0045654,21
GO:1902164,1
GO:0010112,0
GO:0048293,0
GO:0051614,0
GO:1905528,0
GO:0050865,0
GO:1900660,0
GO:0061646,36
GO:1903378,7
GO:0090321,0
GO:0031326,0
GO:0023019,41
GO:0046775,0
GO:0060786,0
GO:0120315,0
GO:1902268,11
GO:2001034,98
GO:1905593,0
GO:1900119,50
GO:0014052,0
GO:0002835,0
GO:0071647,0
GO:0060094,0
GO:0140077,13
GO:2000317,3
GO:0140727,0
GO:1904119,0
GO:1902040,0
GO:0070754,0
GO:0033131,0
GO:1905258,0
GO:0160076,0
GO:0046532,0
GO:0033004,7
GO:0003254,102
GO:1900887,0
GO:0010600,0
GO:0072398,0
GO:0090266,54
GO:0038138,25
GO:1901018,62
GO:1900851,0
GO:0051137,0
GO:0045694,0
GO:0045979,0
GO:1905668,8
GO:0061807,0
GO:0038161,12
GO:0055019,0
GO:1901341,0
GO:2000446,1
GO:0070253,2
GO:0062030,5
GO:2001023,0
GO:0001997,1
GO:0002843,0
GO:0045667,83
GO:0010651,0
GO:0032646,0
GO:0060450,2
GO:0045898,17
GO:2001154,0
GO:0035329,127
GO:0038156,23
GO:0044552,0
GO:0098887,51
GO:0034157,17
GO:1901223,73
GO:0003339,2
GO:2000553,25
GO:0032828,0
GO:0032710,0
GO:0060278,0
GO:0051142,29
GO:1905180,0
GO:2000551,0
GO:1905410,0
GO:0141214,0
GO:0010922,0
GO:0043030,51
GO:1901321,0
GO:1905311,0
GO:0090026,60
GO:1901840,0
GO:2000870,0
GO:0044065,3
GO:1900357,0
GO:2001004,0
GO:0141196,0
GO:0032335,0
GO:1904794,0
GO:1904882,0
GO:0034148,0
GO:0140669,0
GO:0010616,2
GO:1904428,33
GO:0060521,0
GO:1902039,0
GO:0033147,46
GO:1903067,0
GO:1900941,0
GO:1905536,0
GO:2000679,0
GO:1900144,0
GO:0035934,13
GO:0160017,0
GO:0086010,141
GO:0045864,0
GO:0045019,79
GO:1902205,0
GO:1902251,5
GO:0001932,337
GO:1900132,0
GO:1904201,0
GO:1900658,0
GO:0002234,0
GO:1904876,0
GO:0045980,0
GO:0051096,0
GO:0032228,69
GO:1905770,0
GO:0010905,0
GO:0110056,0
GO:1900505,0
GO:0007196,44
GO:0051058,49
GO:1905382,7
GO:1904719,57
GO:0062090,0
GO:2000019,16
GO:0051284,23
GO:0002663,3
GO:1900429,0
GO:0075300,0
GO:0036500,0
GO:0038035,0
GO:0010928,0
GO:1900965,0
GO:1903463,26
GO:1902153,3
GO:2000070,0
GO:0043381,0
GO:0048090,0
GO:0051346,20
GO:0061774,0
GO:0034264,0
GO:0141170,0
GO:2000282,0
GO:0032871,0
GO:0098912,26
GO:0080038,0
GO:1902226,0
GO:1900298,0
GO:0032891,0
GO:1905934,0
GO:0033673,4
GO:0035081,0
GO:0032431,0
GO:0033316,0
GO:0010725,6
GO:1905089,0
GO:0040019,8
GO:1900734,0
GO:0035751,13
GO:0043114,107
GO:0097191,162
GO:0141137,0
GO:0061125,0
GO:1904435,0
GO:0033860,0
GO:1900942,0
GO:1902374,0
GO:0070564,19
GO:1904760,0
GO:0014063,19
GO:0090365,0
GO:0000821,21
GO:1905401,0
GO:2000485,0
GO:2000783,0
GO:0051547,0
GO:2001149,0
GO:0002619,0
GO:0030278,36
GO:2000277,2
GO:0140718,36
GO:0007215,19
GO:0150172,44
GO:1905551,2
GO:1905088,0
GO:0002624,0
GO:1902250,0
GO:0050942,0
GO:1902306,62
GO:0045332,144
GO:0048634,0
GO:0061124,0
GO:0021899,0
GO:1905127,0
GO:1905622,0
GO:0023056,0
GO:0080142,0
GO:1905802,0
GO:0032748,0
GO:1900499,0
GO:0060693,13
GO:0042388,0
GO:1900037,2
GO:2000930,0
GO:1905952,0
GO:0032669,0
GO:1900717,0
GO:1903284,0
GO:0033621,0
GO:1905142,0
GO:0045624,1
GO:1900314,0
GO:0098916,0
GO:1902370,0
GO:1903868,0
GO:1904050,14
GO:0032709,0
GO:1904665,0
GO:0002585,0
GO:2000857,0
GO:0044725,25
GO:0046886,11
GO:0160135,0
GO:0031048,4
GO:1905750,0
GO:1904396,0
GO:2000350,0
GO:0045686,13
GO:1901040,0
GO:1902307,17
GO:0002714,0
GO:1905094,0
GO:0035566,0
GO:0035661,0
GO:0110005,0
GO:1904777,10
GO:1903853,0
GO:1902076,0
GO:0061886,165
GO:0106215,0
GO:0098908,11
GO:0071659,6
GO:0010578,0
GO:0042269,2
GO:0010621,16
GO:0070955,0
GO:1902962,0
GO:1904026,3
GO:0034252,0
GO:1903922,0
GO:1900854,0
GO:0043939,0
GO:2000732,0
GO:1905716,4
GO:0048080,0
GO:2000905,0
GO:1905946,0
GO:0090093,0
GO:1900517,0
GO:0090371,0
GO:0090140,36
GO:1905901,0
GO:0032781,22
GO:2000298,0
GO:1902208,0
GO:0032271,0
GO:1903325,0
GO:0099533,18
GO:0042689,0
GO:0035811,13
GO:1903907,0
GO:1903588,2
GO:1900747,30
GO:0048374,0
GO:0030947,43
GO:0051147,27
GO:0042059,176
GO:1901547,0
GO:0120276,0
GO:0090334,0
GO:0006919,65
GO:0038101,1
GO:0033235,62
GO:1905857,19
GO:0045776,89
GO:1900180,28
GO:2000254,0
GO:0032412,0
GO:0051962,0
GO:1905586,0
GO:2000063,0
GO:0106021,0
GO:1901074,2
GO:0001930,0
GO:0099623,0
GO:0005981,2
GO:1905850,0
GO:0060739,1
GO:1902093,7
GO:1904339,29
GO:0046928,154
GO:0046878,0
GO:1903455,0
GO:0031453,0
GO:0060213,32
GO:0070498,104
GO:0045748,0
GO:0080113,0
GO:0045771,0
GO:1904809,15
GO:1902729,17
GO:0046325,26
GO:1903238,45
GO:2001152,0
GO:2000008,72
GO:0060280,5
GO:0038150,0
GO:0002553,25
GO:0062225,0
GO:0033122,0
GO:1900939,0
GO:1904340,0
GO:1902802,0
GO:0032076,0
GO:0051106,10
GO:0061888,0
GO:0086051,0
GO:0099527,65
GO:0045971,0
GO:0010633,24
GO:0031631,0
GO:2000266,0
GO:0002695,5
GO:1904429,0
GO:0140408,0
GO:0032910,0
GO:1905408,0
GO:0009785,0
GO:0061045,140
GO:2000454,0
GO:1903921,0
GO:0032889,0
GO:0002789,0
GO:2000324,0
GO:1902369,0
GO:0010205,0
GO:0010603,0
GO:0006933,15
GO:0099153,0
GO:1901353,0
GO:0070809,0
GO:0051148,34
GO:0002634,2
GO:0002883,0
GO:0009757,0
GO:2000319,0
GO:1905695,0
GO:1904065,0
GO:0086030,0
GO:1904779,18
GO:0001982,0
GO:1900149,37
GO:1905907,5
GO:0045994,0
GO:0097400,54
GO:2000715,0
GO:1900656,0
GO:0038111,0
GO:1904154,4
GO:1905111,0
GO:1905766,0
GO:1904063,0
GO:0045785,360
GO:0043255,0
GO:2000835,0
GO:0060567,0
GO:1900699,0
GO:0006983,36
GO:1903589,41
GO:1904103,0
GO:0045978,0
GO:2000742,0
GO:1901340,6
GO:1901970,6
GO:1901509,32
GO:0032745,5
GO:0051589,6
GO:0009999,0
GO:0043377,0
GO:0036495,0
GO:1902499,10
GO:0099624,0
GO:2000556,41
GO:0048504,0
GO:0008209,34
GO:2000263,0
GO:0007213,25
GO:2000564,1
GO:1900695,0
GO:2001286,7
GO:0031451,0
GO:2001188,0
GO:1903307,17
GO:0031274,15
GO:2000320,5
GO:0034179,0
GO:1900212,23
GO:0051090,8
GO:2000795,1
GO:1904135,0
GO:0046005,1
GO:0046828,0
GO:0070570,3
GO:0009689,0
GO:0034154,19
GO:0032098,44
GO:0002557,0
GO:1904061,0
GO:2000509,0
GO:0002586,0
GO:0034114,0
GO:0042752,194
GO:2000871,0
GO:0070756,0
GO:1901717,0
GO:0034108,0
GO:0003252,42
GO:0080141,0
GO:0010916,0
GO:0002861,0
GO:2000430,0
GO:1903389,0
GO:1900523,0
GO:1904425,0
GO:0030858,26
GO:0035227,0
GO:0106116,0
GO:2000408,0
GO:1904217,0
GO:0051965,218
GO:1902817,28
GO:0140845,0
GO:0048335,0
GO:1901413,0
GO:0090141,63
GO:0034145,34
GO:1900324,0
GO:1903248,0
GO:0010628,2170
GO:2000622,5
GO:0002430,69
GO:0033670,0
GO:0150142,0
GO:0150032,0
GO:0051580,11
GO:1904457,45
GO:1900440,0
GO:1902524,9
GO:0099545,12
GO:1904416,0
GO:1900678,0
GO:1900127,21
GO:0002678,0
GO:0042699,5
GO:0043507,81
GO:0110037,0
GO:0032909,16
GO:1904051,0
GO:0051343,0
GO:0045760,22
GO:1904877,0
GO:0051616,0
GO:1904811,5
GO:0033148,16
GO:0032464,43
GO:0010750,16
GO:1903525,0
GO:1905492,2
GO:0043244,6
GO:1901032,0
GO:1900491,0
GO:0106167,0
GO:0032388,14
GO:1904534,0
GO:0051279,144
GO:0051149,132
GO:0075318,0
GO:1903817,0
GO:0031508,8
GO:0046902,18
GO:0061246,0
GO:0045904,0
GO:1900742,0
GO:1905137,0
GO:1900839,0
GO:2000306,0
GO:0010954,35
GO:0032434,48
GO:0034094,0
GO:0160162,0
GO:0061099,58
GO:0045692,0
GO:0032061,0
GO:0060392,82
GO:0031548,0
GO:0030889,89
GO:0060755,3
GO:1903516,0
GO:0072106,0
GO:1905875,0
GO:1905312,2
GO:0007556,0
GO:0032012,138
GO:0090044,0
GO:0030521,52
GO:2001210,0
GO:0090063,85
GO:0040015,52
GO:1900331,0
GO:1903828,16
GO:1905806,31
GO:0002793,11
GO:2000963,0
GO:0010063,0
GO:0042173,0
GO:0140502,0
GO:1905465,0
GO:0048395,0
GO:0031345,8
GO:0033145,0
GO:0090235,19
GO:0060069,0
GO:2000193,1
GO:0060965,2
GO:0060760,29
GO:0031283,0
GO:0002706,0
GO:2000822,83
GO:0110042,0
GO:0031279,0
GO:0014056,47
GO:1903579,8
GO:0034240,0
GO:0050862,52
GO:2000847,0
GO:0002689,11
GO:0045316,0
GO:0060296,7
GO:1904988,6
GO:0086026,0
GO:1901450,0
GO:1903281,2
GO:0010646,30
GO:0010888,105
GO:0070094,3
GO:2000527,0
GO:0002549,0
GO:1903670,28
GO:2001258,0
GO:0043124,121
GO:0032247,0
GO:0045597,147
GO:0002018,7
GO:2001158,0
GO:1905665,29
GO:0070549,0
GO:0061182,0
GO:1902736,0
GO:2000107,16
GO:0042997,37
GO:0010645,0
GO:2001026,0
GO:1900982,0
GO:0043378,23
GO:2001111,0
GO:1902542,0
GO:0046636,6
GO:2000246,0
GO:1902943,0
GO:1903435,15
GO:0046883,0
GO:0062100,3
GO:0086098,5
GO:1901964,0
GO:1901527,0
GO:1900082,19
GO:0002682,62
GO:0048778,0
GO:0051943,0
GO:0097746,84
GO:1904434,0
GO:2001205,45
GO:0034244,40
GO:0051044,27
GO:0140280,0
GO:2001177,0
GO:1902909,0
GO:1900327,0
GO:0075258,0
GO:0051513,0
GO:0043456,3
GO:0061218,0
GO:0060305,4
GO:0042701,0
GO:0003086,0
GO:2000786,88
GO:2000387,0
GO:1904443,0
GO:0141194,0
GO:0031578,0
GO:0050859,53
GO:0070446,2
GO:0045736,13
GO:1900150,0
GO:1900438,0
GO:2000096,43
GO:1903464,0
GO:1903127,0
GO:0043012,0
GO:0070666,6
GO:0086103,11
GO:0007217,2
GO:0002256,0
GO:1903911,6
GO:1900265,0
GO:2000295,0
GO:0003156,0
GO:0010559,0
GO:0034767,18
GO:0090015,0
GO:0034249,0
GO:0032380,0
GO:0110094,0
GO:1905945,13
GO:0090281,20
GO:0034162,46
GO:0048742,7
GO:0010829,123
GO:2000734,0
GO:2001243,48
GO:1901003,0
GO:0090071,9
GO:1900271,134
GO:0140543,0
GO:1900038,32
GO:1903892,8
GO:0035212,3
GO:0048077,0
GO:0010826,32
GO:1903854,0
GO:0060632,17
GO:1903286,9
GO:0010692,0
GO:0032338,0
GO:0051040,0
GO:0055021,0
GO:1904179,42
GO:0031346,22
GO:1904691,1
GO:1901838,67
GO:0075017,0
GO:1903719,0
GO:0061065,0
GO:0032732,18
GO:0090260,11
GO:0007168,55
GO:1902058,0
GO:1904466,19
GO:0030832,107
GO:0098904,91
GO:0090025,0
GO:1903781,0
GO:0033034,11
GO:0150138,0
GO:1900053,22
GO:1904476,0
GO:1905864,0
GO:0031440,50
GO:1905333,0
GO:1903833,0
GO:0075286,0
GO:0032461,2
GO:0060639,0
GO:0150118,0
GO:1901579,0
GO:1904328,0
GO:1901608,0
GO:1903062,0
GO:2000991,0
GO:0110119,0
GO:0043550,6
GO:0090274,2
GO:0040010,0
GO:1900353,0
GO:0062000,0
GO:1900197,0
GO:2000395,0
GO:2000103,1
GO:1900827,10
GO:0042509,2
GO:0048215,0
GO:0075199,0
GO:0075246,0
GO:1900685,0
GO:0034121,40
GO:0051695,1
GO:1904354,113
GO:0010664,31
GO:0007266,480
GO:1905953,0
GO:0086049,0
GO:2000129,0
GO:1905074,0
GO:0033044,60
GO:0061190,0
GO:0048631,0
GO:1904575,0
GO:1903017,0
GO:2001169,0
GO:2000279,46
GO:0042104,61
GO:0002866,2
GO:0032224,70
GO:0010909,0
GO:1902027,0
GO:1900136,0
GO:0032679,0
GO:0045071,189
GO:1904655,0
GO:0061762,30
GO:1903297,0
GO:0031156,0
GO:0045622,0
GO:0160144,0
GO:0072331,2
GO:1905843,0
GO:0043938,0
GO:0042310,32
GO:1900975,0
GO:0071635,19
GO:1900503,0
GO:0120073,0
GO:1902902,38
GO:0090238,60
GO:0010964,0
GO:1903982,0
GO:0036316,0
GO:0021914,7
GO:1904723,0
GO:1904656,0
GO:0036481,8
GO:0043609,0
GO:0031632,0
GO:2000476,0
GO:1902273,0
GO:1901630,0
GO:1904395,29
GO:0010895,0
GO:0033003,12
GO:0110062,0
GO:0045821,124
GO:0072301,0
GO:2000393,18
GO:0150098,0
GO:2000422,0
GO:0071672,11
GO:1903331,0
GO:2000728,0
GO:1900325,0
GO:0001956,39
GO:0044147,0
GO:0141005,11
GO:0030805,0
GO:1903940,15
GO:0042986,18
GO:1903639,0
GO:0098940,0
GO:1904359,0
GO:0071030,0
GO:1904293,9
GO:0110110,0
GO:0045591,59
GO:1905884,0
GO:0140639,2
GO:2000981,0
GO:1905406,0
GO:0033628,57
GO:0090280,26
GO:1900285,0
GO:2000002,23
GO:0042448,43
GO:1901958,0
GO:2000542,0
GO:1900338,0
GO:0031139,0
GO:1904456,26
GO:0060159,14
GO:1902256,0
GO:0006282,111
GO:0010652,7
GO:1904530,0
GO:0160164,0
GO:2001113,27
GO:0043153,74
GO:1905666,0
GO:1901299,31
GO:0060761,6
GO:1904215,0
GO:0086015,102
GO:0048325,0
GO:0031349,7
GO:0038179,3
GO:0140540,0
GO:1903429,10
GO:2000371,0
GO:0051951,10
GO:0010453,8
GO:0006702,25
GO:0060369,35
GO:0038015,0
GO:1904281,0
GO:1902498,8
GO:0040029,73
GO:2000594,3
GO:0042753,29
GO:1904480,0
GO:0010591,46
GO:0051341,0
GO:1904145,0
GO:0075329,0
GO:0010884,54
GO:1905568,0
GO:0045960,0
GO:1905326,9
GO:0002687,76
GO:1905277,0
GO:1903504,0
GO:1902105,0
GO:1905446,0
GO:0071624,0
GO:2000314,2
GO:0043937,0
GO:0003061,0
GO:0110030,0
GO:0032368,43
GO:0150174,0
GO:1904152,0
GO:1904236,0
GO:2000111,8
GO:0002923,9
GO:2000405,78
GO:0048814,382
GO:1905269,2
GO:1904000,16
GO:0061066,0
GO:0031569,0
GO:0060629,12
GO:1901631,0
GO:0032761,0
GO:0045629,7
GO:0043058,0
GO:0050926,0
GO:1903984,5
GO:0035541,0
GO:0048328,0
GO:0051941,0
GO:1901627,0
GO:1900194,6
GO:0002830,16
GO:0090363,0
GO:0051966,156
GO:0002648,0
GO:0045726,0
GO:0097045,0
GO:0034165,19
GO:0061161,0
GO:1900731,10
GO:0010630,0
GO:1901460,0
GO:2001002,0
GO:0045717,44
GO:1900927,0
GO:1902426,5
GO:1900728,0
GO:2000195,5
GO:0036498,34
GO:1904370,0
GO:0043406,63
GO:0032425,3
GO:1900947,0
GO:0050796,182
GO:0032645,0
GO:0042749,1
GO:1905645,0
GO:0001079,0
GO:0014054,33
GO:0044336,1
GO:0072040,0
GO:0003427,0
GO:0002594,0
GO:1902606,0
GO:0031347,0
GO:0060265,1
GO:1900126,22
GO:0032915,32
GO:0061096,0
GO:0042482,6
GO:1900191,0
GO:0048743,11
GO:1904438,0
GO:0007224,359
GO:1900962,0
GO:0009734,0
GO:1904598,0
GO:1905849,0
GO:1905796,0
GO:0048350,0
GO:1902608,0
GO:0007209,0
GO:1902875,0
GO:0030186,0
GO:1905597,2
GO:0075268,0
GO:1903056,5
GO:1903547,0
GO:1900515,0
GO:0007116,0
GO:0031555,0
GO:0075217,0
GO:0031334,241
GO:0048295,13
GO:1905417,0
GO:1903909,25
GO:0038090,0
GO:1900480,0
GO:0038091,4
GO:1904950,2
GO:2000528,0
GO:0099161,56
GO:1901187,22
GO:1902996,0
GO:0070885,78
GO:2000044,0
GO:0100001,3
GO:0071638,12
GO:1901339,0
GO:1903789,0
GO:0032847,0
GO:1904878,46
GO:2000497,0
GO:0031554,0
GO:1902866,1
GO:1903053,40
GO:2000127,0
GO:0045955,45
GO:0060196,0
GO:0032738,0
GO:1905162,15
GO:1900439,0
GO:0001814,0
GO:1903298,30
GO:1900293,0
GO:0007026,269
GO:0042660,11
GO:0033084,29
GO:0060800,0
GO:0055022,0
GO:1902492,0
GO:0009895,0
GO:1904431,8
GO:1900045,20
GO:1904978,1
GO:1900372,0
GO:0033046,0
GO:0045965,0
GO:0002530,0
GO:2000110,22
GO:2000463,256
GO:2000481,21
GO:1904133,0
GO:0036499,23
GO:0141084,0
GO:1902731,15
GO:1900117,0
GO:0035235,142
GO:1902853,0
GO:1900186,26
GO:0060377,0
GO:0110027,0
GO:1902120,0
GO:0009788,0
GO:0035432,0
GO:0002701,0
GO:0034762,0
GO:0008543,499
GO:0034164,18
GO:1904943,0
GO:1904736,2
GO:0050789,0
GO:0034115,46
GO:0033119,31
GO:0032243,19
GO:0038135,21
GO:0002652,1
GO:0048380,0
GO:0070957,0
GO:0032664,0
GO:0032099,15
GO:0141009,0
GO:0033026,17
GO:1901842,7
GO:0001560,10
GO:2000469,0
GO:0051521,0
GO:0075324,0
GO:0060556,0
GO:0090086,1
GO:0061853,0
GO:0061002,45
GO:0120061,0
GO:0048779,0
GO:0061078,0
GO:0045697,0
GO:0009755,123
GO:0072039,0
GO:0031585,0
GO:0010323,0
GO:0060331,0
GO:0046641,25
GO:0010719,51
GO:1903277,6
GO:0061213,0
GO:0010184,0
GO:0031547,20
GO:0031385,0
GO:1902738,0
GO:0160021,4
GO:0060753,2
GO:2000955,0
GO:0038154,25
GO:1902254,29
GO:0043558,13
GO:0070956,0
GO:1904113,5
GO:0031116,232
GO:0052322,0
GO:1901495,0
GO:1905627,12
GO:1904742,0
GO:0045681,0
GO:1904733,0
GO:0071653,0
GO:1905639,0
GO:0010695,0
GO:1900972,0
GO:0046887,21
GO:0046648,0
GO:1903599,19
GO:1905211,0
GO:1900306,0
GO:2000427,31
GO:0033086,0
GO:0010512,6
GO:0048831,0
GO:0038166,30
GO:0051585,1
GO:1900637,0
GO:1905782,0
GO:0051049,69
GO:0051354,0
GO:1902689,0
GO:1905899,0
GO:1902744,0
GO:0045836,19
GO:1903860,6
GO:1905414,0
GO:0098828,5
GO:0120141,0
GO:0035492,0
GO:1905844,0
GO:0061081,0
GO:0010983,2
GO:0048349,0
GO:1900500,0
GO:0070920,0
GO:0097167,19
GO:1901918,0
GO:1905724,0
GO:0032330,35
GO:0010921,7
GO:0097527,1
GO:0042062,0
GO:0002595,0
GO:1902073,0
GO:1900748,33
GO:0045646,46
GO:1904127,0
GO:0012502,0
GO:1904963,0
GO:1904506,13
GO:1904509,0
GO:0046320,8
GO:2000260,0
GO:0070304,6
GO:0070174,0
GO:0002628,0
GO:1901532,3
GO:1904366,0
GO:0051926,35
GO:0032222,4
GO:0038193,0
GO:0007537,0
GO:1905560,0
GO:2000369,52
GO:1902954,44
GO:0140216,0
GO:1901252,0
GO:0106071,9
GO:0014819,5
GO:1904616,0
GO:1904245,0
GO:0045856,0
GO:2000438,4
GO:2000802,0
GO:0001983,0
GO:2000973,24
GO:0002546,0
GO:2000071,0
GO:0002758,13
GO:1903638,0
GO:0140501,0
GO:0045676,0
GO:2000910,0
GO:1900428,0
GO:0097036,1
GO:1900287,0
GO:0034166,0
GO:0050728,443
GO:0071526,169
GO:1901459,0
GO:1900650,0
GO:1903946,0
GO:1904413,0
GO:0098915,40
GO:0048216,0
GO:0045747,92
GO:2000480,8
GO:0009736,0
GO:0006469,154
GO:1901844,2
GO:0098923,0
GO:0061357,7
GO:1903332,0
GO:0032701,0
GO:1905596,0
GO:0045630,29
GO:1905636,0
GO:0031442,8
GO:0007089,5
GO:0051464,0
GO:2000541,16
GO:0043032,34
GO:2000125,0
GO:1905812,0
GO:1900968,0
GO:0070784,0
GO:0140325,0
GO:2000994,0
GO:0034130,0
GO:1900241,0
GO:2000826,8
GO:0010660,0
GO:0045839,43
GO:2000407,0
GO:1904807,0
GO:0007495,0
GO:0032939,0
GO:0007555,0
GO:1904571,0
GO:1900116,7
GO:2000798,0
GO:2000397,0
GO:0062012,0
GO:0070347,0
GO:1904259,0
GO:2000468,0
GO:2000876,0
GO:0032654,0
GO:2000609,0
GO:0090069,0
GO:0060699,0
GO:0032643,0
GO:1900294,0
GO:1901634,0
GO:1903319,5
GO:1902457,0
GO:0046606,0
GO:1904320,0
GO:1904415,0
GO:0033605,17
GO:0034393,4
GO:2000144,30
GO:1903582,0
GO:1905090,13
GO:0043949,2
GO:0032340,0
GO:2000865,0
GO:0035567,99
GO:1904831,0
GO:0009738,0
GO:1900148,11
GO:2000928,0
GO:0048713,3
GO:0060470,3
GO:0002630,0
GO:0060731,2
GO:0043410,1022
GO:2000717,0
GO:0098906,7
GO:1901300,8
GO:1900376,0
GO:1905581,2
GO:0051712,2
GO:1900016,86
GO:0070237,0
GO:0043311,4
GO:0043392,33
GO:0002918,0
GO:2000925,0
GO:1901741,65
GO:0032353,41
GO:1903959,0
GO:0071662,0
GO:1900230,0
GO:1900343,0
GO:0014807,43
GO:0045956,124
GO:1905535,0
GO:0042174,0
GO:2000042,181
GO:1902161,12
GO:0010751,19
GO:0071583,0
GO:0042177,213
GO:1900264,7
GO:1904791,1
GO:1901508,0
GO:1905273,4
GO:1900451,46
GO:0038066,59
GO:2001193,0
GO:2000105,2
GO:0150139,0
GO:1904839,0
GO:0032226,3
GO:1903276,0
GO:1900286,0
GO:2000846,0
GO:1904078,0
GO:1905086,0
GO:0060770,8
GO:0071660,23
GO:1905790,0
GO:0051885,2
GO:0051453,110
GO:0045602,15
GO:2000738,51
GO:0002919,0
GO:0031648,248
GO:2001191,0
GO:0045659,5
GO:0071649,0
GO:1900453,11
GO:2000646,6
GO:0000184,118
GO:0071044,96
GO:1900073,0
GO:0002591,0
GO:0032110,0
GO:1904858,0
GO:1905829,0
GO:0031930,1
GO:0030809,0
GO:0006984,1
GO:1902018,87
GO:0002795,0
GO:1903370,0
GO:0010890,27
GO:0072094,0
GO:1903431,0
GO:1905449,0
GO:2000984,0
GO:2000145,117
GO:0050688,50
GO:0061142,0
GO:0010359,0
GO:1903336,0
GO:0035892,0
GO:0048209,0
GO:0070808,0
GO:0010561,0
GO:0032967,96
GO:0051517,0
GO:1905063,0
GO:1902101,0
GO:0002874,0
GO:1904284,0
GO:1903404,0
GO:0032650,0
GO:0140468,0
GO:0046825,33
GO:2001213,3
GO:0042770,103
GO:1905845,0
GO:0110033,0
GO:0002792,3
GO:0055112,0
GO:1990051,4
GO:1900502,0
GO:1901418,0
GO:1904319,0
GO:0042664,0
GO:0001800,0
GO:0045168,0
GO:0031157,0
GO:0060551,0
GO:1903051,8
GO:0051917,0
GO:0031396,61
GO:0060051,6
GO:2001011,0
GO:0090273,0
GO:1904187,0
GO:1905717,0
GO:0061178,103
GO:0034091,0
GO:0070479,0
GO:1903943,0
GO:0150065,0
GO:1900368,0
GO:1900929,0
GO:0042550,0
GO:2000336,0
GO:0014842,5
GO:0060701,0
GO:0075282,0
GO:1900248,6
GO:1902167,8
GO:1903342,0
GO:0035152,0
GO:0045594,0
GO:1905463,10
GO:1902392,0
GO:0042446,134
GO:1903061,36
GO:2000558,0
GO:0031541,0
GO:0046780,0
GO:0002908,0
GO:2000338,0
GO:0045763,0
GO:0075215,0
GO:0070131,63
GO:2000470,0
GO:1900641,0
GO:0010081,0
GO:0045759,23
GO:1905703,0
GO:0045595,120
GO:0090326,1
GO:0045668,190
GO:0090445,0
GO:0034120,0
GO:0034255,0
GO:1902641,0
GO:1905048,0
GO:1900289,0
GO:0038003,25
GO:1904662,0
GO:1904239,0
GO:0051515,0
GO:0051253,0
GO:0106060,0
GO:2000133,0
GO:0080157,0
GO:0031914,56
GO:0010762,81
GO:0010515,0
GO:2000300,231
GO:0060909,0
GO:1901347,0
GO:0010522,10
GO:0010989,37
GO:0062168,0
GO:1905209,0
GO:0032661,0
GO:0001973,16
GO:0050795,32
GO:1902228,0
GO:0010936,24
GO:0030843,0
GO:0050676,0
GO:2000490,15
GO:0014826,0
GO:0070665,8
GO:1902903,5
GO:1903329,0
GO:0034269,0
GO:0045805,0
GO:0080155,0
GO:0002824,0
GO:0060657,0
GO:1903676,0
GO:0044505,0
GO:0032307,0
GO:0009756,0
GO:0010920,8
GO:0003048,0
GO:1900915,0
GO:0060263,9
GO:0046587,4
GO:0075011,0
GO:1902460,0
GO:0002643,1
GO:0070303,8
GO:2000049,17
GO:0001959,3
GO:0032297,0
GO:0048639,52
GO:1905879,0
GO:0060162,0
GO:0032823,2
GO:2000634,0
GO:1904289,0
GO:1900885,0
GO:1904197,16
GO:0097411,7
GO:1904446,17
GO:1903407,6
GO:1990420,0
GO:1903610,0
GO:0042487,6
GO:1900167,0
GO:0046008,0
GO:1903899,55
GO:0090727,0
GO:0045658,0
GO:1904170,0
GO:0010917,64
GO:1905638,0
GO:1905477,40
GO:1903666,0
GO:0051902,34
GO:1905599,2
GO:0045989,1
GO:0140736,0
GO:0052319,0
GO:2000237,0
GO:0002157,22
GO:0048174,0
GO:0042771,109
GO:0106113,0
GO:1904240,0
GO:0090053,0
GO:1903346,0
GO:0051794,0
GO:0032208,0
GO:2000774,42
GO:1902473,9
GO:0046330,422
GO:0009937,0
GO:1904676,0
GO:0097202,2
GO:0045914,0
GO:1903266,0
GO:0002222,0
GO:0098989,62
GO:0070228,1
GO:1902165,0
GO:0002814,0
GO:0086014,109
GO:2000178,85
GO:0002756,4
GO:1903939,8
GO:0032069,0
GO:0061964,0
GO:0051988,15
GO:0110066,0
GO:1900065,0
GO:1902735,0
GO:2000611,6
GO:0032480,96
GO:0030177,175
GO:0009896,0
GO:0051140,0
GO:2000987,5
GO:1900032,0
GO:0160207,0
GO:1904692,5
GO:0051634,0
GO:0042479,0
GO:1902272,0
GO:0099574,0
GO:0110116,0
GO:2000448,0
GO:0032924,35
GO:0030111,67
GO:0002666,3
GO:2000568,21
GO:1905109,0
GO:0031397,172
GO:0034141,21
GO:0051446,3
GO:2001186,3
GO:2000232,4
GO:1904139,0
GO:0086023,6
GO:0045929,0
GO:2000510,14
GO:0002034,0
GO:0030330,64
GO:0150036,2
GO:0032955,0
GO:0060124,85
GO:1901095,0
GO:0042442,0
GO:0001797,0
GO:0045146,0
GO:0141124,0
GO:0051445,13
GO:0034653,4
GO:1905652,0
GO:1904750,24
GO:1904151,1
GO:0043469,0
GO:0031133,3
GO:0045724,127
GO:0048712,19
GO:1902513,48
GO:0003050,29
GO:0110044,0
GO:2001014,58
GO:0090293,0
GO:1905648,0
GO:1905904,0
GO:0043286,0
GO:0007166,939
GO:0060190,0
GO:1905268,0
GO:1905911,0
GO:0002082,12
GO:0050861,93
GO:1905075,18
GO:0034095,0
GO:1903217,4
GO:0048642,6
GO:0051438,5
GO:0002613,0
GO:0106128,0
GO:1903073,0
GO:0038134,9
GO:1905484,0
GO:1901979,0
GO:0002028,169
GO:1902119,0
GO:1900002,0
GO:0045931,161
GO:1901045,0
GO:1905614,0
GO:0048083,0
GO:1901030,85
GO:0110138,0
GO:0110091,0
GO:1901959,0
GO:0003336,17
GO:0045593,0
GO:1903885,0
GO:0046643,0
GO:0110054,0
GO:1901445,0
GO:0043549,0
GO:0045892,2105
GO:0031330,0
GO:1901332,0
GO:1902523,27
GO:1900713,0
GO:1902724,0
GO:1901863,0
GO:0140709,0
GO:0010923,0
GO:1901428,0
GO:1900151,2
GO:0080162,0
GO:1905460,26
GO:0140719,0
GO:1903489,14
GO:1900930,0
GO:0045859,8
GO:0070455,3
GO:0120162,292
GO:0043051,0
GO:0042998,48
GO:1902290,0
GO:0062033,5
GO:0051895,73
GO:0009926,0
GO:1900381,0
GO:1905706,4
GO:1900079,1
GO:0141193,0
GO:0032341,1
GO:1901342,3
GO:1904762,2
GO:1905303,9
GO:2000213,0
GO:1900911,0
GO:0003112,0
GO:2000413,0
GO:1905009,0
GO:0070562,6
GO:1901956,0
GO:0061781,0
GO:1900354,0
GO:0120075,0
GO:1903949,11
GO:1900242,157
GO:2000347,21
GO:0034766,6
GO:2000915,0
GO:1905910,0
GO:0044617,0
GO:0110039,0
GO:0140626,0
GO:0034251,0
GO:0070801,0
GO:0032720,191
GO:1902894,89
GO:0019218,18
GO:0150106,0
GO:0001952,129
GO:0043944,0
GO:1900182,151
GO:1902930,0
GO:1900311,0
GO:0019227,53
GO:0030888,36
GO:1905737,0
GO:0001920,23
GO:0000122,3281
GO:0010749,9
GO:2000067,0
GO:1905797,0
GO:0110065,0
GO:1902510,2
GO:1900936,0
GO:0046719,0
GO:0048660,31
GO:0002016,9
GO:1902148,0
GO:0045584,0
GO:0045684,10
GO:1905407,0
GO:0120272,0
GO:0044027,68
GO:0010763,52
GO:1903955,40
GO:0060721,0
GO:0051696,0
GO:0043467,10
GO:2000077,12
GO:1904913,0
GO:0090022,18
GO:2000789,0
GO:2001187,19
GO:0035893,0
GO:0090096,0
GO:1903845,3
GO:0014060,0
GO:0061305,0
GO:0051053,1
GO:0002805,0
GO:0045922,18
GO:0048776,0
GO:2000348,66
GO:2001031,24
GO:0021838,0
GO:1902960,0
GO:0033864,2
GO:0043317,0
GO:2000638,0
GO:0062165,0
GO:1901234,0
GO:0031654,0
GO:0031666,26
GO:0033247,0
GO:1900894,0
GO:0032817,18
GO:0150136,0
GO:1905123,17
GO:0043095,0
GO:0160145,0
GO:1902218,0
GO:0061157,49
GO:0060372,37
GO:1905006,0
GO:0106398,0
GO:0003100,9
GO:1904437,0
GO:0038065,50
GO:0099179,41
GO:1905026,0
GO:1903444,1
GO:0060759,0
GO:0048255,73
GO:0007095,175
GO:0044740,0
GO:1904178,3
GO:0043942,0
GO:1905935,0
GO:0060267,11
GO:0034051,0
GO:0060292,202
GO:0001798,26
GO:1903932,0
GO:1905654,0
GO:1905776,0
GO:0061127,0
GO:0010322,0
GO:1901164,4
GO:1900134,0
GO:0051523,0
GO:1902514,13
GO:1990410,11
GO:1901253,1
GO:0010378,0
GO:0006448,13
GO:0021822,11
GO:1901924,0
GO:0032951,0
GO:0045863,0
GO:0120062,0
GO:0040012,16
GO:0043536,168
GO:0060685,0
GO:0010506,271
GO:1904105,3
GO:1901978,9
GO:0150052,24
GO:0120182,0
GO:0007172,4
GO:1905503,0
GO:0061169,0
GO:0002905,0
GO:0031282,0
GO:1904300,3
GO:1905681,0
GO:0098926,11
GO:0060335,10
GO:0060310,0
GO:0060259,26
GO:0045915,0
GO:0002705,0
GO:0051771,5
GO:0070346,3
GO:0031621,0
GO:0032108,0
GO:1905036,3
GO:0002674,73
GO:0014007,0
GO:1902662,0
GO:0032303,0
GO:1900362,0
GO:0072126,34
GO:0003113,0
GO:1901462,0
GO:0051444,22
GO:0045820,61
GO:0007394,0
GO:1903294,1
GO:1902848,0
GO:0002550,0
GO:1903591,0
GO:1905188,5
GO:0035540,0
GO:0030853,23
GO:1902947,7
GO:0060815,0
GO:0032230,82
GO:0051619,0
GO:1905756,0
GO:1902842,0
GO:1901917,0
GO:0075229,0
GO:1902824,14
GO:1900279,0
GO:0060492,1
GO:0048885,0
GO:1903861,175
GO:0043516,45
GO:0090095,0
GO:0033601,52
GO:0032831,7
GO:0042549,0
GO:2000647,123
GO:0010565,3
GO:0075292,0
GO:0060406,2
GO:0033252,0
GO:1903468,0
GO:1900486,0
GO:0070810,0
GO:0090257,11
GO:0120291,0
GO:0090060,0
GO:1902872,0
GO:0001994,1
GO:0035158,0
GO:0060341,16
GO:0048386,37
GO:0002840,1
GO:0033157,14
GO:2000238,0
GO:0051799,8
GO:0010642,31
GO:0045894,0
GO:0045995,209
GO:1904375,0
GO:2000659,11
GO:0060787,0
GO:0051783,0
GO:2000299,0
GO:2000725,0
GO:0032273,23
GO:0045429,256
GO:0032430,0
GO:1903886,0
GO:0060558,14
GO:1901620,0
GO:1900671,0
GO:2000904,0
GO:0002612,0
GO:1903043,3
GO:1905013,0
GO:0095500,67
GO:1902816,0
GO:0014041,11
GO:0045999,0
GO:0051352,0
GO:1903339,0
GO:1903934,1
GO:1903358,176
GO:0010897,21
GO:0032378,0
GO:0080036,0
GO:0098884,92
GO:0039530,5
GO:0110075,0
GO:0051254,0
GO:0060668,19
GO:1901192,0
GO:1902882,9
GO:1901432,0
GO:0035771,19
GO:0021874,9
GO:0045938,1
GO:1900280,8
GO:2000766,72
GO:0014725,0
GO:0044129,0
GO:1903305,7
GO:0010804,100
GO:0061035,18
GO:1900129,0
GO:2000544,21
GO:0070173,5
GO:0061098,79
GO:0038178,17
GO:0070507,270
GO:0070345,6
GO:0002764,0
GO:1990736,0
GO:1901190,0
GO:2000539,0
GO:0002625,0
GO:1905744,0
GO:0045987,33
GO:0141212,0
GO:0032079,7
GO:1905504,0
GO:0044489,0
GO:2000323,18
GO:0070245,5
GO:1903683,0
GO:1903321,0
GO:0017158,108
GO:0042391,500
GO:0009910,0
GO:1900890,0
GO:0045664,218
GO:0002726,23
GO:2000818,0
GO:0035394,0
GO:1903068,0
GO:0032233,42
GO:2000301,25
GO:1903296,20
GO:1904714,0
GO:0038185,0
GO:0050433,0
GO:2000945,0
GO:1900308,0
GO:0090243,0
GO:0061944,0
GO:0106011,0
GO:0090287,0
GO:0002810,0
GO:0140429,0
GO:0140731,0
GO:0075312,0
GO:0030174,2
GO:1901076,0
GO:0071631,0
GO:0048902,0
GO:0046851,0
GO:0000288,20
GO:0090229,0
GO:2000816,0
GO:1900296,0
GO:0035773,93
GO:0032370,0
GO:0002902,0
GO:1903024,0
GO:0048640,0
GO:1905364,0
GO:2000587,49
GO:0050950,0
GO:0014057,1
GO:1901382,6
GO:0034345,1
GO:1905569,0
GO:0034352,15
GO:0006792,0
GO:1902035,77
GO:0010832,57
GO:0002844,0
GO:0046647,0
GO:1904900,0
GO:2001018,0
GO:1902908,0
GO:0001808,0
GO:0140971,0
GO:0045939,0
GO:0032928,0
GO:0060684,8
GO:2000272,19
GO:0045974,0
GO:0090272,14
GO:1900668,0
GO:0061949,0
GO:0051215,0
GO:1900004,1
GO:0048324,0
GO:1903288,52
GO:0050847,78
GO:0090006,0
GO:1902289,0
GO:0071881,0
GO:2000948,0
GO:0070433,20
GO:0140732,0
GO:0045769,0
GO:0032785,11
GO:2000428,0
GO:1905050,0
GO:0140122,0
GO:1900433,0
GO:0090237,0
GO:0014717,10
GO:0106121,3
GO:0099625,0
GO:0032883,0
GO:0002796,0
GO:0044093,0
GO:0040027,0
GO:0042548,0
GO:0070755,0
GO:1904049,25
GO:2000038,0
GO:0001178,3
GO:0044554,0
GO:1902033,10
GO:1902596,0
GO:0075189,0
GO:1903434,0
GO:0080134,0
GO:0033244,0
GO:1900360,0
GO:0032771,0
GO:0032793,85
GO:1905803,0
GO:0033121,0
GO:1905694,0
GO:1902856,28
GO:0060496,0
GO:0009992,10
GO:0045902,0
GO:1900957,0
GO:0036506,9
GO:2000567,0
GO:0035936,0
GO:0006275,160
GO:0090278,0
GO:0071811,0
GO:1900948,0
GO:1903715,49
GO:0061870,2
GO:0035938,0
GO:0010567,0
GO:0060673,0
GO:0120188,14
GO:0006142,0
GO:0048577,0
GO:0075320,0
GO:0090294,0
GO:0090184,9
GO:0010689,0
GO:0002879,5
GO:0048075,0
GO:0099542,0
GO:1903769,0
GO:1900543,0
GO:2000257,6
GO:1902800,0
GO:1902461,0
GO:0002692,15
GO:0010982,0
GO:1900234,0
GO:1903328,0
GO:1905363,0
GO:1901019,62
GO:0032733,81
GO:0099502,43
GO:0030334,485
GO:0045966,0
GO:0062029,10
GO:0045582,119
GO:1902629,0
GO:1902225,0
GO:2001075,0
GO:0051519,0
GO:2000573,118
GO:2000086,0
GO:0075031,0
GO:0045688,0
GO:0072183,0
GO:1900953,0
GO:0002616,0
GO:0038152,0
GO:0031946,0
GO:0046001,0
GO:0003114,0
GO:0009849,0
GO:1900862,0
GO:0075224,0
GO:0080188,0
GO:1903569,8
GO:1903300,0
GO:0071922,28
GO:0021876,0
GO:0035665,0
GO:0090276,9
GO:1900967,0
GO:0060211,0
GO:1905563,47
GO:0140462,0
GO:0003122,0
GO:1900735,0
GO:0008361,148
GO:2000358,0
GO:1902632,4
GO:0033239,0
GO:1904231,0
GO:0070472,3
GO:0051955,0
GO:1904130,0
GO:0075054,0
GO:2000131,0
GO:1903765,27
GO:0060853,0
GO:0051590,0
GO:1903452,0
GO:0038095,12
GO:0031287,0
GO:1902959,1
GO:0060330,1
GO:0110061,2
GO:1901262,0
GO:0060079,256
GO:0048843,126
GO:0050940,0
GO:0071507,0
GO:2000048,51
GO:1900441,0
GO:0141014,2
GO:0036415,0
GO:0002722,0
GO:1900326,0
GO:2000993,0
GO:0002529,0
GO:1900897,0
GO:0034096,0
GO:0002087,35
GO:0033132,2
GO:1990185,0
GO:1904633,0
GO:1905301,0
GO:1900733,0
GO:1903770,0
GO:0070495,13
GO:2000703,0
GO:1905801,0
GO:1900450,0
GO:0140124,0
GO:0062042,0
GO:1901578,0
GO:0051223,10
GO:0002644,0
GO:0034344,0
GO:0002647,0
GO:1905212,0
GO:0032933,61
GO:1900956,0
GO:1905579,0
GO:0006795,0
GO:2000936,0
GO:1903381,13
GO:0002849,0
GO:2000727,49
GO:0075188,0
GO:1903995,0
GO:1903788,0
GO:0062028,11
GO:2001008,0
GO:0140887,0
GO:1905601,1
GO:2000423,0
GO:2000147,67
GO:1901303,0
GO:1904046,2
GO:0046016,0
GO:0002713,0
GO:1905486,0
GO:0032086,0
GO:0019933,126
GO:1901716,0
GO:0051347,0
GO:1903287,0
GO:0002656,0
GO:1905302,14
GO:0030813,0
GO:0070344,0
GO:0032435,148
GO:0007536,0
GO:0032436,315
GO:0002589,0
GO:0039534,4
GO:0002620,0
GO:0010653,0
GO:0002085,35
GO:0075260,0
GO:1903225,2
GO:1904744,0
GO:0006141,0
GO:2000389,0
GO:2000660,1
GO:0031383,0
GO:0031348,0
GO:1902838,0
GO:1903915,0
GO:1905261,0
GO:1904695,8
GO:0032239,0
GO:0010846,0
GO:2000746,0
GO:0046321,3
GO:2000561,3
GO:0032057,13
GO:0048346,0
GO:0070794,0
GO:0043254,56
GO:1905672,35
GO:1904141,3
GO:0035157,0
GO:0031155,0
GO:1905029,0
GO:0002036,7
GO:0033341,0
GO:0035471,0
GO:0045936,5
GO:0062123,0
GO:0090271,18
GO:2000099,0
GO:0062013,0
GO:0071676,11
GO:1900424,19
GO:0160036,0
GO:0051462,0
GO:2000363,0
GO:0044090,24
GO:2000806,19
GO:2000740,20
GO:0001759,27
GO:0031645,0
GO:0045347,19
GO:2000736,107
GO:1900514,0
GO:0060283,0
GO:2000819,113
GO:0060080,31
GO:1901837,9
GO:0032952,0
GO:0002865,0
GO:1903064,24
GO:1903371,0
GO:0048399,0
GO:0010969,0
GO:0035367,0
GO:0032056,2
GO:0045742,111
GO:0034268,0
GO:1903908,0
GO:0048672,8
GO:1904195,0
GO:1905870,24
GO:1900914,0
GO:0014708,0
GO:1905815,0
GO:1901980,0
GO:1902681,0
GO:2000639,0
GO:1905876,0
GO:1904524,0
GO:0042690,0
GO:0090356,0
GO:1902203,27
GO:0032344,0
GO:1905767,0
GO:0060373,29
GO:2000868,0
GO:0070453,3
GO:0044465,0
GO:0038097,4
GO:1904848,0
GO:1904283,1
GO:0035305,50
GO:1903698,0
GO:0002555,0
GO:1903689,0
GO:1990950,0
GO:0003092,0
GO:0070201,44
GO:0060087,9
GO:1905758,0
GO:0051516,0
GO:1904450,1
GO:0075032,0
GO:2000064,25
GO:0140881,0
GO:0010935,5
GO:0002719,1
GO:2000017,18
GO:0006359,0
GO:0002760,1
GO:2001054,172
GO:0120218,0
GO:0061755,2
GO:0010082,0
GO:0043401,63
GO:0008592,14
GO:1902833,0
GO:0010908,2
GO:0010811,212
GO:0048521,10
GO:0010930,0
GO:1905531,0
GO:1900665,0
GO:0051797,7
GO:0033624,26
GO:0141091,0
GO:0090341,0
GO:0003308,6
GO:0038026,27
GO:0002906,1
GO:0140921,0
GO:0045903,5
GO:0086009,52
GO:1905634,26
GO:0008285,1513
GO:0035229,0
GO:1901181,0
GO:0060467,0
GO:1901888,32
GO:1903438,23
GO:0050870,57
GO:0038010,0
GO:0051626,0
GO:0010950,3
GO:1903112,0
GO:0002721,0
GO:0045781,0
GO:0090349,0
GO:2000750,0
GO:0001810,0
GO:1900618,0
GO:2000753,0
GO:1903147,0
GO:1903976,5
GO:0032695,43
GO:0061414,0
GO:1905421,0
GO:0003332,37
GO:2001208,0
GO:0010971,76
GO:0098901,18
GO:1904774,0
GO:0034230,1
GO:1903314,0
GO:1900843,0
GO:0106062,0
GO:1905339,0
GO:1902038,0
GO:1903557,0
GO:0023035,25
GO:1900227,107
GO:2001024,0
GO:2000088,0
GO:0051403,81
GO:0090073,0
GO:0090354,0
GO:0036453,0
GO:1902285,0
GO:0060085,0
GO:0010794,0
GO:0040008,114
GO:0048549,9
GO:2000414,0
GO:1900218,3
GO:0110089,0
GO:0007549,9
GO:0001992,3
GO:0070663,7
GO:0043521,0
GO:0160034,0
GO:0010105,0
GO:2000718,0
GO:0098941,0
GO:1904998,1
GO:0046601,11
GO:0060638,1
GO:0002786,9
GO:1903042,0
GO:0106427,0
GO:1902573,0
GO:1904329,0
GO:1905044,0
GO:0014880,0
GO:0060769,0
GO:0090427,1
GO:0070232,0
GO:0014014,5
GO:0002052,283
GO:0106049,1
GO:0051522,0
GO:2001236,33
GO:1905613,0
GO:1902305,156
GO:2000417,18
GO:2000960,0
GO:1904093,5
GO:0002588,2
GO:0035532,0
GO:1903076,130
GO:2000012,0
GO:0035772,0
GO:1900971,0
GO:0010568,0
GO:0009742,0
GO:0032070,0
GO:1901452,0
GO:1904181,32
GO:0044089,0
GO:1904005,0
GO:0140430,0
GO:0045188,1
GO:2001027,35
GO:0014745,0
GO:1904131,0
GO:0051252,32
GO:0120184,0
GO:1904194,0
GO:1904371,0
GO:1905649,0
GO:0000018,36
GO:0035430,0
GO:1902685,47
GO:1900706,0
GO:0140582,0
GO:2000882,0
GO:0061044,14
GO:0043143,0
GO:1903467,0
GO:0043066,1755
GO:1900649,0
GO:1905459,0
GO:0010109,0
GO:0022401,10
GO:0023051,72
GO:1903369,0
GO:0030844,0
GO:0030997,14
GO:1900133,7
GO:1904254,0
GO:2000649,5
GO:2000781,274
GO:0051338,0
GO:2000862,0
GO:1900447,0
GO:1904306,6
GO:0048518,0
GO:0010900,0
GO:0090128,86
GO:0002598,0
GO:0090669,10
GO:0045848,0
GO:0014711,0
GO:2000950,0
GO:1902104,0
GO:0045961,0
GO:2000548,0
GO:0070760,0
GO:0031953,39
GO:0007599,109
GO:0033262,11
GO:0032811,37
GO:1901468,0
GO:2001140,63
GO:0042996,0
GO:1905686,111
GO:0002688,0
GO:1903005,0
GO:0061874,0
GO:0072305,3
GO:0048296,0
GO:0032250,0
GO:0043269,24
GO:0043502,0
GO:2000034,0
GO:1903421,0
GO:0060299,3
GO:1902491,0
GO:0007221,78
GO:0110011,93
GO:0014039,0
GO:0003307,0
GO:0045812,0
GO:1904749,8
GO:0050869,37
GO:0060514,0
GO:0010798,0
GO:1901591,0
GO:0034116,35
GO:0002675,16
GO:0060588,0
GO:1903678,0
GO:0050686,0
GO:1902876,0
GO:0060400,0
GO:2000565,5
GO:0045637,32
GO:0048697,12
GO:0048632,8
GO:0006697,0
GO:0001998,10
GO:0050852,403
GO:1903436,0
GO:0071875,28
GO:1901471,0
GO:0060297,6
GO:0001933,372
GO:1904899,13
GO:0060766,65
GO:0045670,42
GO:1902913,11
GO:0048146,171
GO:1904957,0
GO:1905746,14
GO:2000702,0
GO:0032804,2
GO:1904347,0
GO:2001264,0
GO:0051282,0
GO:0035544,15
GO:1904872,12
GO:0048548,0
GO:0032014,43
GO:0043525,310
GO:2001267,0
GO:0061191,0
GO:0090169,8
GO:0002599,0
GO:1905554,0
GO:0045587,0
GO:0035562,28
GO:0045704,0
GO:2000848,0
GO:0002877,0
GO:2000384,0
GO:0051950,0
GO:0045986,5
GO:1900068,0
GO:0010119,0
GO:0090155,9
GO:0106020,0
GO:0002768,35
GO:1905553,0
GO:0048525,14
GO:0099548,0
GO:1900309,0
GO:0071812,6
GO:0002831,0
GO:0075012,0
GO:0002821,27
GO:0071579,0
GO:1901491,28
GO:1905100,0
GO:0043568,2
GO:0045746,75
GO:0045844,16
GO:0032345,0
GO:0035330,23
GO:0014042,58
GO:0032096,0
GO:0031272,0
GO:0051785,0
GO:1901645,0
GO:0010896,0
GO:1905163,0
GO:1904247,0
GO:0070105,1
GO:0097494,28
GO:1903980,26
GO:0010726,0
GO:0032702,0
GO:1902620,0
GO:0061217,0
GO:0043491,440
GO:2000685,0
GO:0032656,0
GO:0043470,13
GO:1905787,0
GO:0010062,0
GO:2000636,5
GO:0060906,0
GO:0045843,15
GO:1901891,0
GO:1903380,0
GO:0031344,6
GO:0140469,21
GO:1900743,0
GO:1902276,0
GO:2000863,2
GO:0061122,0
GO:0045800,0
GO:0141209,0
GO:1904226,0
GO:0014064,11
GO:0035009,0
GO:1905814,0
GO:0051353,0
GO:2000811,55
GO:1905012,0
GO:1904280,0
GO:1902873,0
GO:0002579,3
GO:0010716,5
GO:0075314,0
GO:0021776,35
GO:0140434,0
GO:2000997,0
GO:0050668,0
GO:0060304,25
GO:1905865,0
GO:1902345,0
GO:1904990,0
GO:0051091,77
GO:1902202,49
GO:0002225,3
GO:0045627,13
GO:0036462,26
GO:1902798,0
GO:2000201,0
GO:1902448,0
GO:0060095,0
GO:0034763,2
GO:0010903,0
GO:1904128,0
GO:1903555,0
GO:1900349,0
GO:0140896,0
GO:1901224,171
GO:0070100,12
GO:1903341,0
GO:1903295,0
GO:0050994,22
GO:0052003,0
GO:0060963,0
GO:1902359,0
GO:0035155,0
GO:1902526,0
GO:0090173,0
GO:1904378,9
GO:0070299,0
GO:1902177,4
GO:2000731,0
GO:0034160,0
GO:1902868,0
GO:0060686,7
GO:0032062,0
GO:1901188,0
GO:0050923,6
GO:0098921,11
GO:0002014,2
GO:1903862,0
GO:0043301,0
GO:1905005,0
GO:0110112,0
GO:0035691,0
GO:2000132,0
GO:1900396,0
GO:1900501,0
GO:0010765,144
GO:0032746,0
GO:1902060,0
GO:1903072,0
GO:0032903,0
GO:1900304,0
GO:0090358,0
GO:0070884,1
GO:0060472,0
GO:0090314,140
GO:2000855,0
GO:1903333,0
GO:0009616,0
GO:0070350,3
GO:0034305,0
GO:0071866,0
GO:0045672,70
GO:2000780,3
GO:1903057,0
GO:1905936,33
GO:2000202,0
GO:0050855,0
GO:0016202,12
GO:1905305,2
GO:1904591,17
GO:1900281,2
GO:0035563,12
GO:0035331,102
GO:0002431,5
GO:1904241,0
GO:0098907,84
GO:0009968,353
GO:1905723,0
GO:0075184,0
GO:0090309,25
GO:0032227,9
GO:2001222,91
GO:0002735,44
GO:2000351,0
GO:0001081,0
GO:0090092,0
GO:1901622,0
GO:0045794,53
GO:1901421,0
GO:0120263,0
GO:0019934,52
GO:0035603,0
GO:0032904,0
GO:0032922,175
GO:0003104,1
GO:0010620,0
GO:0010839,322
GO:0035531,0
GO:0002703,0
GO:1901194,0
GO:0006808,0
GO:0010476,0
GO:1900973,0
GO:0071263,0
GO:0032890,0
GO:0045640,0
GO:0032077,0
GO:0002886,0
GO:0160195,0
GO:1904664,0
GO:0061075,0
GO:0032214,0
GO:0030265,0
GO:0150070,0
GO:0002720,56
GO:2000924,0
GO:1905561,0
GO:0043561,0
GO:0001937,94
GO:1900893,0
GO:0010887,19
GO:1904942,0
GO:0051100,0
GO:1901457,0
GO:1904251,2
GO:0007267,155
GO:2000225,19
GO:0035872,0
GO:0045983,0
GO:0120196,0
GO:0032462,0
GO:1905490,0
GO:0038170,25
GO:0071640,0
GO:0160177,0
GO:1905774,0
GO:0045806,115
GO:0051281,176
GO:1905381,8
GO:1904356,0
GO:0141011,0
GO:1904803,0
GO:0110139,0
GO:0099537,30
GO:0032849,20
GO:0070093,7
GO:0035896,0
GO:0002916,0
GO:1905336,0
GO:0061067,0
GO:0141163,0
GO:2000265,0
GO:0010638,0
GO:0072043,0
GO:0045860,108
GO:1903535,0
GO:1901987,1
GO:0052042,0
GO:1900638,0
GO:0060999,251
GO:1903902,10
GO:1904212,0
GO:1900067,0
GO:1904032,0
GO:0007185,12
GO:2000932,0
GO:1903178,0
GO:0002711,10
GO:1904944,0
GO:0030860,0
GO:0061132,0
GO:0002737,1
GO:0097340,0
GO:1904995,0
GO:1903347,21
GO:0045613,0
GO:1905930,0
GO:2000293,9
GO:1901093,0
GO:0002867,0
GO:1901447,0
GO:0120154,0
GO:1903797,5
GO:0002736,0
GO:1902107,0
GO:1902288,0
GO:0016476,12
GO:1901248,28
GO:2000769,0
GO:0051224,1
GO:0051891,0
GO:0033091,0
GO:1900672,0
GO:0003120,0
GO:2001029,0
GO:2000705,0
GO:0050922,71
GO:0017157,278
GO:0016204,0
GO:0110003,0
GO:1905527,0
GO:0060396,16
GO:0009964,0
GO:0006356,0
GO:1903368,0
GO:0032824,0
GO:1903323,0
GO:0072204,0
GO:0002651,3
GO:0045920,1
GO:0048008,192
GO:0032743,142
GO:2000962,0
GO:0035895,0
GO:2000095,9
GO:1901207,1
GO:0007589,4
GO:0031568,0
GO:0051898,358
GO:0032822,0
GO:0010422,0
GO:0003088,0
GO:2001212,0
GO:0032834,0
GO:0061120,0
GO:0060226,13
GO:0010221,0
GO:0075203,0
GO:0002027,213
GO:0043266,63
GO:0043134,0
GO:0010712,1
GO:0060264,0
GO:0031398,191
GO:0010849,1
GO:0042810,0
GO:1902993,21
GO:1904430,18
GO:0038176,0
GO:0051894,211
GO:0120278,0
GO:1900075,6
GO:0033138,338
GO:1902628,0
GO:0003115,0
GO:0044656,0
GO:2000025,0
GO:0061795,0
GO:2000283,0
GO:1903897,0
GO:0060399,7
GO:0043468,0
GO:1905677,0
GO:1903581,0
GO:0062230,0
GO:0034124,3
GO:0010732,0
GO:1902807,8
GO:0032215,0
GO:0048082,0
GO:1904677,1
GO:2000989,0
GO:0099554,0
GO:0141176,0
GO:0061074,2
GO:0060723,0
GO:1905570,0
GO:0036491,0
GO:1905498,0
GO:0001818,124
GO:0043950,92
GO:1902743,0
GO:0051609,0
GO:0010894,20
GO:0038093,3
GO:0044773,32
GO:0070374,705
GO:0052548,0
GO:2000373,4
GO:1904451,0
GO:0050928,0
GO:0075294,0
GO:1903839,0
GO:0002772,0
GO:0075202,0
GO:1904869,0
GO:0070170,0
GO:0032113,0
GO:0097497,1
GO:0060371,70
GO:1900444,0
GO:0060161,14
GO:0065009,0
GO:2000200,0
GO:2001150,0
GO:0033242,0
GO:1901989,0
GO:2000340,4
GO:0046822,49
GO:0031622,3
GO:1900087,111
GO:1904153,9
GO:1905411,0
GO:1903392,13
GO:0140105,0
GO:0009118,0
GO:0002382,0
GO:0034761,0
GO:0044029,57
GO:2000572,2
GO:0048714,182
GO:1900025,51
GO:0055117,179
GO:0021845,0
GO:2000805,4
GO:0071588,10
GO:1903971,0
GO:1902227,50
GO:1904360,0
GO:0042984,3
GO:1900071,0
GO:0090394,35
GO:1902803,6
GO:0016061,0
GO:1900495,0
GO:1905954,0
GO:1900223,6
GO:1901693,0
GO:1900934,0
GO:0010886,57
GO:1905281,5
GO:0002638,30
GO:0120034,0
GO:0002615,0
GO:0048690,0
GO:0001809,7
GO:0051899,158
GO:2000800,0
GO:1905838,0
GO:0043085,31
GO:0070571,20
GO:0032211,86
GO:1905306,0
GO:0048841,13
GO:0002684,36
GO:1904905,12
GO:2000610,0
GO:0003400,9
GO:1904754,144
GO:0042635,4
GO:0061119,0
GO:0002699,2
GO:0030450,0
GO:2001051,0
GO:1904477,0
GO:0006978,26
GO:1902230,16
GO:0033632,17
GO:0160159,0
GO:0070241,0
GO:0060595,0
GO:0030520,52
GO:0106074,23
GO:0009997,0
GO:2001234,95
GO:0010902,0
GO:0002658,0
GO:2000821,48
GO:0060261,136
GO:0045663,196
GO:0043069,130
GO:0150152,0
GO:0009889,42
GO:1900398,0
GO:0031452,0
GO:0062207,0
GO:0060311,0
GO:2000529,0
GO:2000116,0
GO:0031140,0
GO:1904214,0
GO:0055024,1
GO:0032483,93
GO:0070610,0
GO:0010663,13
GO:0098920,0
GO:0046604,4
GO:2000101,0
GO:0038009,0
GO:2000630,16
GO:0002924,24
GO:1903838,0
GO:0007554,0
GO:1903675,0
GO:0061184,25
GO:0070175,17
GO:2000066,16
GO:2001010,0
GO:0014862,0
GO:2000605,0
GO:0032000,42
GO:1900916,0
GO:2000120,3
GO:1903437,0
GO:2001185,1
GO:1904279,0
GO:1902010,9
GO:1904143,0
GO:0051949,0
GO:1901198,0
GO:0045934,0
GO:1904219,13
GO:1900680,0
GO:0070168,41
GO:0032481,73
GO:1900522,0
GO:0098900,53
GO:1900085,0
GO:2000842,0
GO:0000075,0
GO:2001281,0
GO:0042313,0
GO:0090154,0
GO:0080143,0
GO:2000136,0
GO:0035007,0
GO:2000549,0
GO:0051919,3
GO:1905600,0
GO:1904889,7
GO:1904213,16
GO:0042994,2
GO:0002600,0
GO:0045187,11
GO:0033599,15
GO:0120074,0
GO:0106114,0
GO:1905564,76
GO:0060962,0
GO:2001135,51
GO:1901416,0
GO:1904099,0
GO:0002709,2
GO:0010520,0
GO:1902045,0
GO:1905623,0
GO:0048584,17
GO:0071655,0
GO:1905949,28
GO:2000015,0
GO:0090264,0
GO:1900057,0
GO:0110082,0
GO:1905676,0
GO:0032927,29
GO:0010957,0
GO:1904743,0
GO:1905051,2
GO:0007174,0
GO:2000637,13
GO:0140847,0
GO:1903855,0
GO:0106118,0
GO:0032877,0
GO:2000143,30
GO:1903895,13
GO:0048086,0
GO:0009864,0
GO:0010793,73
GO:0120186,10
GO:0051518,0
GO:0006402,79
GO:0044250,0
GO:0031341,0
GO:2000735,0
GO:0045702,0
GO:1903018,0
GO:0120189,1
GO:0014858,9
GO:0035024,156
GO:1905678,0
GO:2000119,0
GO:2000403,0
GO:1903430,0
GO:0099565,0
GO:2000829,0
GO:2001000,0
GO:0009962,0
GO:0032465,162
GO:0051782,5
GO:0180040,0
GO:0010838,27
GO:0090370,47
GO:1901415,0
GO:0060165,0
GO:0061588,15
GO:0014809,0
GO:1905170,0
GO:0060092,0
GO:0003063,0
GO:0021875,0
GO:0022001,0
GO:2000559,0
GO:0051339,0
GO:0032534,28
GO:0046015,11
GO:0033090,0
GO:1900155,18
GO:0120177,0
GO:2000331,2
GO:0032109,0
GO:1902723,1
GO:0051940,0
GO:0043506,0
GO:0010155,7
GO:0003044,0
GO:0032663,0
GO:2001288,128
GO:1900757,0
GO:0051447,30
GO:0014746,0
GO:0031324,0
GO:0070528,98
GO:1903391,0
GO:0061060,0
GO:0046427,136
GO:0036032,4
GO:0007271,63
GO:0045108,0
GO:1903322,0
GO:2000696,0
GO:1904092,0
GO:0002026,33
GO:0030854,40
GO:0086099,0
GO:2000052,11
GO:0003046,0
GO:0001805,6
GO:0099541,0
GO:0086002,88
GO:0007268,725
GO:0032736,77
GO:0075244,0
GO:1904967,0
GO:0002622,0
GO:1903320,0
GO:0031549,4
GO:0070926,0
GO:0010563,0
GO:0110028,0
GO:1902847,1
GO:1900724,0
GO:2001040,1
GO:2000386,25
GO:1902026,0
GO:0070445,30
GO:0006293,0
GO:1903729,0
GO:2001190,3
GO:1905526,2
GO:0031577,0
GO:1901208,0
GO:0035937,0
GO:1905079,0
GO:0009862,0
GO:0010882,100
GO:1905890,0
GO:1901988,3
GO:0045975,0
GO:0010889,0
GO:0014049,37
GO:0032078,0
GO:1905085,0
GO:2000030,0
GO:1904891,16
GO:1905609,24
GO:2000179,84
GO:0030810,0
GO:0003266,0
GO:0038195,0
GO:0090331,50
GO:1903268,0
GO:0110113,0
GO:1902692,10
GO:0070103,0
GO:0071648,0
GO:0060160,11
GO:0043519,0
GO:0051798,23
GO:0051054,45
GO:0002672,0
GO:0007214,114
GO:0070966,31
GO:0045853,0
GO:1900236,0
GO:1905885,3
GO:1900970,0
GO:1903221,0
GO:1905888,0
GO:0051628,0
GO:0098801,0
GO:0051095,0
GO:1903832,0
GO:0099039,20
GO:0032932,0
GO:1904426,0
GO:1902563,0
GO:1902684,1
GO:0071047,0
GO:1903311,0
GO:0140281,0
GO:0010185,0
GO:0070793,0
GO:0003099,0
GO:0061158,18
GO:0014061,1
GO:1900905,0
GO:0008293,0
GO:1903889,0
GO:2000519,0
GO:0061914,0
GO:1905245,0
GO:2000571,0
GO:2000444,0
GO:0051128,84
GO:0060100,42
GO:1904710,3
GO:0001969,0
GO:0060549,0
GO:2000953,0
GO:0051048,15
GO:0035814,3
GO:0032668,0
GO:0010315,0
GO:0034758,0
GO:0010924,0
GO:1900237,0
GO:0038118,0
GO:0060851,0
GO:0010219,0
GO:1905214,0
GO:0061296,20
GO:0042304,4
GO:0038173,5
GO:0110004,0
GO:0032872,40
GO:0045777,77
GO:0031650,0
GO:0002621,0
GO:0061737,2
GO:0032818,0
GO:0099109,1
GO:0110043,0
GO:1903906,25
GO:2000207,0
GO:2000970,0
GO:0000410,0
GO:0010911,0
GO:1903626,61
GO:0075278,0
GO:0038163,8
GO:0051153,0
GO:1905578,0
GO:1904597,0
GO:0035795,2
GO:0035431,0
GO:1903529,0
GO:0061589,60
GO:1901552,0
GO:0032714,4
GO:0060169,1
GO:0010808,51
GO:0038092,10
GO:0007200,307
GO:0090209,26
GO:1900078,35
GO:0071634,0
GO:1903901,6
GO:1904514,0
GO:2000421,0
GO:0014824,51
GO:0002590,0
GO:2000098,0
GO:0045540,6
GO:1900949,0
GO:0007406,32
GO:0002601,0
GO:0031392,0
GO:0048685,0
GO:0110081,0
GO:0060862,0
GO:0045837,14
GO:0075264,0
GO:0061590,84
GO:2001016,1
GO:0106134,0
GO:0048694,0
GO:1900356,0
GO:0010875,137
GO:0002784,0
GO:0032786,60
GO:0045345,9
GO:1904436,0
GO:1904761,7
GO:1905168,68
GO:0048351,0
GO:2000860,29
GO:1900716,0
GO:1900351,0
GO:0043302,0
GO:0002671,0
GO:1900235,6
GO:2000222,0
GO:1904132,0
GO:0070427,26
GO:2000825,2
GO:0071651,24
GO:1901433,0
GO:2001249,0
GO:0002708,0
GO:0002724,11
GO:0050765,88
GO:0048662,57
GO:1904263,144
GO:2000426,1
GO:1901984,30
GO:0120236,0
GO:0070375,8
GO:0071807,0
GO:1903397,0
GO:2000036,47
GO:0061913,0
GO:0099139,0
GO:0046852,0
GO:1902416,0
GO:0032232,75
GO:1902174,37
GO:0042058,169
GO:0060697,0
GO:0010541,0
GO:0048089,0
GO:0048510,0
GO:2000367,20
GO:1905775,1
GO:2000013,0
GO:0061003,171
GO:2000118,0
GO:0035342,0
GO:0061136,68
GO:2000330,31
GO:0042103,0
GO:2000612,3
GO:0006450,8
GO:0060903,5
GO:0048388,17
GO:2000377,60
GO:0039585,0
GO:1905147,0
GO:2000540,0
GO:0045701,0
GO:0090175,95
GO:1901897,284
GO:0030103,1
GO:1905041,0
GO:0044486,0
GO:1904683,0
GO:2000424,11
GO:2000186,0
GO:0070230,6
GO:1901090,0
GO:1900076,15
GO:0046985,21
GO:1905598,0
GO:1900158,0
GO:0106426,0
GO:0034147,0
GO:1900978,0
GO:0090056,0
GO:0006701,9
GO:0032954,0
GO:0032706,0
GO:1905221,14
GO:0051240,40
GO:0099148,20
GO:0045641,0
GO:1905897,3
GO:0010581,0
GO:1904058,6
GO:0120235,0
GO:1903593,0
GO:2000700,0
GO:0002801,0
GO:0002694,0
GO:0062110,0
GO:1900425,7
GO:0034126,0
GO:1903941,0
GO:0045851,21
GO:0106058,0
GO:1905798,0
GO:0045815,94
GO:0070318,31
GO:1903884,0
GO:0061454,0
GO:1902090,0
GO:1901919,0
GO:1905034,0
GO:2000595,0
GO:2000584,6
GO:2000691,2
GO:1903428,71
GO:0030516,33
GO:2000329,2
GO:1905128,18
GO:0002587,7
GO:0010739,180
GO:0010518,0
GO:0099171,375
GO:0003043,0
GO:0045881,0
GO:1905318,0
GO:1904851,10
GO:2000078,6
GO:1905785,0
GO:2001196,0
GO:2000784,0
GO:0110023,0
GO:1905485,0
GO:1900216,0
GO:0033688,8
GO:1905065,1
GO:0051345,0
GO:0098990,0
GO:1905916,0
GO:0090373,0
GO:1901915,0
GO:0050680,485
GO:0061356,0
GO:1904879,38
GO:1902874,0
GO:1902442,0
GO:0120313,0
GO:0106253,0
GO:2000176,1
GO:1902160,0
GO:0043455,0
GO:0070857,31
GO:1904540,0
GO:1905791,0
GO:0055097,0
GO:0061043,0
GO:2000402,13
GO:2000949,0
GO:1901914,0
GO:0002006,0
GO:0043407,56
GO:0090182,0
GO:0120094,18
GO:0061871,5
GO:2000141,0
GO:2000535,2
GO:0002864,0
GO:1990186,0
GO:1990895,0
GO:0043567,4
GO:1903948,0
GO:0045634,6
GO:0051623,0
GO:1902343,0
GO:0051051,27
GO:1904052,0
GO:0042478,0
GO:1905497,0
GO:0010949,2
GO:0090313,1
GO:2001229,14
GO:0035194,22
GO:1904590,0
GO:2000833,0
GO:0048078,0
GO:0050769,102
GO:0071657,0
GO:0010734,5
GO:0140648,0
GO:1905853,0
GO:1901435,0
GO:1901456,0
GO:0034260,64
GO:0045875,28
GO:1903534,0
GO:1900937,0
GO:0106088,0
GO:0075257,0
GO:0003084,59
GO:1903697,12
GO:0070605,0
GO:1900902,0
GO:0045220,0
GO:2000328,0
GO:0007162,372
GO:0000766,0
GO:1900316,0
GO:1904829,0
GO:0010590,0
GO:2000621,0
GO:0030808,0
GO:0032805,1
GO:1905432,0
GO:1905871,1
GO:0010513,0
GO:2000051,8
GO:1903618,0
GO:0002733,0
GO:1903015,0
GO:1900072,0
GO:1900976,0
GO:1903403,0
GO:2001207,0
GO:1900124,0
GO:1900715,0
GO:1900006,229
GO:1902761,0
GO:0060702,2
GO:0072695,0
GO:0042691,0
GO:0075281,0
GO:0038120,0
GO:1903395,0
GO:1900245,9
GO:1901331,0
GO:1902799,0
GO:0101018,0
GO:2000032,0
GO:2000354,4
GO:0043517,97
GO:0051897,770
GO:0002602,0
GO:0038133,60
GO:0007194,151
GO:0150117,0
GO:1905087,0
GO:0060281,0
GO:1903677,0
GO:1902280,0
GO:0090234,16
GO:0106396,0
GO:0033209,161
GO:0021938,0
GO:0050714,415
GO:0000160,4
GO:0036493,11
GO:0060045,126
GO:1903016,0
GO:0097696,9
GO:0035205,0
GO:0032681,0
GO:0061006,0
GO:1904709,16
0065007,0
GO:1903997,0
GO:1903093,0
GO:0097341,0
GO:2000635,5
GO:2000588,46
GO:1903583,0
GO:0051344,23
GO:1903774,0
GO:1904171,0
GO:0007210,1
GO:2000379,142
GO:0090296,0
GO:1900089,0
GO:0000433,0
GO:0009873,0
GO:1904798,0
GO:0043067,44
GO:0008625,137
GO:0044727,47
GO:1904003,2
GO:1901000,0
GO:0031652,1
GO:0032210,96
GO:1905461,11
GO:0035426,11
GO:1904934,0
GO:0009850,0
GO:0010255,14
GO:0002809,0
GO:0014053,1
GO:0031086,0
GO:0060192,3
GO:0045608,35
GO:0045752,0
GO:0060634,0
GO:0150190,0
GO:0031949,0
GO:0038060,39
GO:0042682,0
GO:1903334,4
GO:0038129,14
GO:0048524,0
GO:0106016,0
GO:0046600,55
GO:0008631,85
GO:2000196,0
GO:1902324,0
GO:1990192,0
GO:1903085,0
GO:1903037,2
GO:1901385,0
GO:0001928,2
GO:0071901,7
GO:0045014,0
GO:1905689,0
GO:1905702,2
GO:0140748,0
GO:1905453,0
GO:0032683,17
GO:1901451,0
GO:0061963,0
GO:0006711,36
GO:0045588,47
GO:1903682,0
GO:0010807,100
GO:2000943,0
GO:1905298,0
GO:0033343,0
GO:0040020,9
GO:0003069,1
GO:0032716,0
GO:0060457,0
GO:1905822,0
GO:0106394,0
GO:0110108,0
GO:1902686,1
GO:0014726,0
GO:1900291,0
GO:0070861,0
GO:0071673,16
GO:1904397,0
GO:0045656,21
GO:0033005,25
GO:2000221,0
GO:0051600,0
GO:0072216,0
GO:1902253,2
GO:0051985,0
GO:0009649,4
GO:0051036,72
GO:0002816,0
GO:0140922,0
GO:1905483,0
GO:1900628,0
GO:0070963,1
GO:0010866,21
GO:1902017,438
GO:0033027,11
GO:0002728,0
GO:2000313,0
GO:0048396,0
GO:1901797,8
GO:0030502,20
GO:1903406,0
GO:2000109,0
GO:0032376,118
GO:0051611,10
GO:0032715,253
GO:0043376,0
GO:0106108,0
GO:0007211,0
GO:1904911,2
GO:0001961,9
GO:0098508,3
GO:0110161,0
GO:2000140,0
GO:0030885,0
GO:0045887,36
GO:1905148,0
GO:1900028,23
GO:1902173,0
GO:1902237,66
GO:2001276,0
GO:0001924,0
GO:2000631,0
GO:1900842,0
GO:0034144,30
GO:0061884,0
GO:1903186,0
GO:1903278,9
GO:2000486,2
GO:1902232,10
GO:0071641,8
GO:0002623,0
GO:1903961,0
GO:0032212,173
GO:0048015,144
GO:0048025,80
GO:0038148,0
GO:0031538,0
GO:1904910,0
GO:0032410,0
GO:0033623,24
GO:1901250,6
GO:0051613,0
GO:0090259,0
GO:1904528,0
GO:1903744,30
GO:0048014,60
GO:0086047,25
GO:0110013,0
GO:0060688,3
GO:0010796,2
GO:0032148,6
GO:0160018,0
GO:0070432,0
GO:0090275,3
GO:0044087,1
GO:2000956,0
GO:1904776,6
GO:0045962,0
GO:0002807,0
GO:0010691,0
GO:0048781,0
GO:0070164,46
GO:1902259,1
GO:0110076,3
GO:0060695,0
GO:0032660,0
GO:1902116,0
GO:2001279,0
GO:0002629,0
GO:0051511,0
GO:1903353,166
GO:2000394,47
GO:0060043,42
GO:0044537,1
GO:1902630,5
GO:0060193,3
GO:0070460,16
GO:0048576,0
GO:0002907,0
GO:0150200,0
GO:0075240,0
GO:0032642,0
GO:1905655,0
GO:0002857,8
GO:0038109,10
GO:0034241,1
GO:0090188,48
GO:2000039,0
GO:0031441,0
GO:1902155,0
GO:0010746,0
GO:1990772,0
GO:0090390,0
GO:0045615,0
GO:1904496,3
GO:0038032,0
GO:1903214,1
GO:0001988,0
GO:1903533,28
GO:1904604,0
GO:1905260,0
GO:0032147,16
GO:0010640,0
GO:0032298,6
GO:1901291,1
GO:1903282,0
GO:2000194,3
GO:0051633,0
GO:2000986,0
GO:0070624,0
GO:0000760,0
GO:0001919,27
GO:1905903,0
GO:0045346,0
GO:0002257,0
GO:1902277,0
GO:1902869,0
GO:0061014,45
GO:0044080,0
GO:0061013,0
GO:0061855,18
GO:1903983,0
GO:1990262,0
GO:0021804,0
GO:0007178,67
GO:2000045,245
GO:1905722,0
GO:0019216,161
GO:0038137,0
GO:1905558,0
GO:1900039,27
GO:1903384,2
GO:0045623,2
GO:0070373,275
GO:1905799,4
GO:1905155,0
GO:1905458,0
GO:0048497,0
GO:0050819,6
GO:0045773,147
GO:1904663,0
GO:1900951,0
GO:1905491,0
GO:0098914,16
GO:0110099,3
GO:0032705,0
GO:0009868,0
GO:0030512,451
GO:1900442,0
GO:0060635,0
GO:0003085,140
GO:2000280,0
GO:0060382,58
GO:0014747,0
GO:0048505,20
GO:0090333,0
GO:0002836,0
GO:0032011,14
GO:0032727,112
GO:0070668,14
GO:2001107,51
GO:1903661,0
GO:2000261,0
GO:2000230,0
GO:0044619,0
GO:1900738,0
GO:0061415,0
GO:1903551,2
GO:1904732,0
GO:0140075,0
GO:0002717,21
GO:0045943,45
GO:0003067,0
GO:1902042,81
GO:0050729,217
GO:0002882,1
GO:1901197,0
GO:1903766,5
GO:0061314,0
GO:1903894,1
GO:1902147,0
GO:0010607,7
GO:0031507,62
GO:0061095,0
GO:0046668,11
GO:0051127,90
GO:1905604,19
GO:2001247,28
GO:0071643,0
GO:2000810,95
GO:1900069,14
GO:2000513,0
GO:1904172,22
GO:1900903,0
GO:0032006,129
GO:0050925,0
GO:0030838,340
GO:0051489,130
GO:1900239,0
GO:2001257,13
GO:1903985,0
GO:1900492,0
GO:1903554,0
GO:0075190,0
GO:0060378,0
GO:0031916,0
GO:0070758,0
GO:0140667,0
GO:0032074,0
GO:0044784,0
GO:1905537,10
GO:1901209,0
GO:0044490,0
GO:0034182,0
GO:0061391,0
GO:1902311,9
GO:2000526,0
GO:2000883,0
GO:1902066,0
GO:0060390,11
GO:0060493,0
GO:0070961,0
GO:0045751,3
GO:0031656,0
GO:1903078,277
GO:1904460,3
GO:1904122,0
GO:0070807,0
GO:0035346,0
GO:0031991,0
GO:1901046,0
GO:0010958,0
GO:0002673,3
GO:0071834,0
GO:0007254,173
GO:0002888,0
GO:0045579,28
GO:2000737,71
GO:0035793,10
GO:1905191,0
GO:0008207,42
GO:2000416,0
GO:1901922,0
GO:1905518,0
GO:0061890,2
GO:0120270,0
GO:1901461,0
GO:1905512,0
GO:0045852,9
GO:0060559,0
GO:1902646,0
GO:0045764,0
GO:2001272,0
GO:2000651,10
GO:0120302,0
GO:0002003,8
GO:0060398,0
GO:0031280,0
GO:0150201,0
GO:0010715,10
GO:0010925,0
GO:0150079,7
GO:1900437,0
GO:1900171,0
GO:1903345,0
GO:0060762,5
GO:0046642,3
GO:0042981,800
GO:0035819,0
GO:1905204,9
GO:0120222,14
GO:0048299,0
GO:1901859,0
GO:0071645,0
GO:0045775,0
GO:0060252,72
GO:0051155,22
GO:2000182,25
GO:0032754,52
GO:0009891,0
GO:0061047,0
GO:1903779,26
GO:1902162,0
GO:1903913,0
GO:1901016,18
GO:1900121,4
GO:0045619,45
GO:0042811,0
GO:1900106,0
GO:0014043,20
GO:0060260,0
GO:2000210,0
GO:2000303,5
GO:0032242,0
GO:2000652,0
GO:0051928,200
GO:0120060,0
GO:0045743,13
GO:0060466,11
GO:1904728,0
GO:1903122,2
GO:0031336,0
GO:1900240,0
GO:0075248,0
GO:0060093,0
GO:0110118,0
GO:0045069,0
GO:0075221,0
GO:0048783,0
GO:1900457,0
GO:0051283,3
GO:0140329,1
GO:0030178,150
GO:1905522,26
GO:0032333,0
GO:1904980,43
GO:0000432,22
GO:0045910,81
GO:1905400,0
GO:0031400,5
GO:1903656,0
GO:0042636,12
GO:1900928,0
GO:0002767,0
GO:0006712,0
GO:0035025,142
GO:0045600,124
GO:0022408,56
GO:0075319,0
GO:0070172,0
GO:0010885,0
GO:0032484,7
GO:0032540,0
GO:0002819,25
GO:0045722,121
GO:0098735,30
GO:1903299,0
GO:1902664,0
GO:0001807,0
GO:1904729,0
GO:0038127,54
GO:0032673,0
GO:1900436,0
GO:0045604,1
GO:2001108,2
GO:1904871,7
GO:0090700,0
GO:1901957,0
GO:0140744,11
GO:0120266,0
GO:1900709,0
GO:1900179,0
GO:1900128,0
GO:0010662,0
GO:1902081,0
GO:0045801,0
GO:1902323,0
GO:0002670,0
GO:0002827,32
GO:0110160,0
GO:1900657,0
GO:0070236,4
GO:0032908,0
GO:0050999,5
GO:2000137,0
GO:1901713,0
GO:1901954,0
GO:0099157,0
GO:1903720,5
GO:0071865,0
GO:0038184,0
GO:0032887,0
GO:0043518,57
GO:0043408,232
GO:0051492,71
GO:0032885,0
GO:1904433,0
GO:0045823,1
GO:0000430,0
GO:0010966,8
GO:0042068,0
GO:0051896,184
GO:0035860,13
GO:0051826,0
GO:0045223,0
GO:0180039,0
GO:0032304,0
GO:2000026,0
GO:0038112,0
GO:0048780,0
GO:0051388,40
GO:0046605,27
GO:0031665,15
GO:0033146,23
GO:0035343,0
GO:0048684,0
GO:1902830,0
GO:0070109,0
GO:0045948,60
GO:0062108,0
GO:0032332,60
GO:0010574,8
GO:0090111,0
GO:1900654,0
GO:0051043,2
GO:0034764,0
GO:1903850,0
GO:1903179,0
GO:0032373,0
GO:0032675,28
GO:0032055,8
GO:1900226,34
GO:0048167,404
GO:0050810,15
GO:1904914,0
GO:0002017,3
GO:0110041,0
GO:0090362,2
GO:1900189,0
GO:0099605,0
GO:0048635,4
GO:0002611,0
GO:0032424,0
GO:1902354,0
GO:0048384,61
GO:1904355,42
GO:1900718,0
GO:0050871,9
GO:1903082,0
GO:1900704,0
GO:2000644,0
GO:1990806,72
GO:0000076,12
GO:0010973,0
GO:1903903,25
GO:0010907,46
GO:0061111,0
GO:1901414,0
GO:0016601,295
GO:0046602,9
GO:1905816,0
GO:1901861,0
GO:0031584,0
GO:0060070,281
GO:1902455,96
GO:0007270,70
GO:1900506,0
GO:1905171,14
GO:1904475,0
GO:1900147,0
GO:1900889,0
GO:2000792,0
GO:0120041,18
GO:0032873,4
GO:1900918,0
GO:2000157,0
GO:1903647,0
GO:0072107,0
GO:1902445,1
GO:0051350,0
GO:2000552,1
GO:0010914,0
GO:0038130,23
GO:1905693,5
GO:0048387,3
GO:2001214,34
GO:1901879,17
GO:0046014,0
GO:0002156,0
GO:1904624,0
GO:0033342,0
GO:2001007,0
GO:1900432,0
GO:0009894,0
GO:0090262,1
GO:0044127,0
GO:0033689,26
GO:0051394,0
GO:0120176,0
GO:0048145,43
GO:0032371,0
GO:1902240,0
GO:1905637,0
GO:1905811,0
GO:1904351,0
GO:1901913,0
GO:1902643,0
GO:0032708,0
GO:0002921,0
GO:1900721,19
GO:0032946,25
GO:0010956,0
GO:0032703,71
GO:0090089,0
GO:0032725,15
GO:0045957,10
GO:1900408,52
GO:1900215,3
GO:2001139,0
GO:1904533,0
GO:2000443,0
GO:0048581,0
GO:1901878,0
GO:1900153,28
GO:0033474,0
GO:1901723,0
GO:1903059,4
GO:0042129,20
GO:0040017,0
GO:0150013,0
GO:0140049,0
GO:0099183,3
GO:1902854,0
GO:1900328,0
GO:0046639,10
GO:1903035,0
GO:0141190,0
GO:1903760,9
GO:0046726,29
GO:0070561,14
GO:1904504,29
GO:0045706,0
GO:2000203,0
GO:1903749,0
GO:2000999,0
GO:2000701,0
GO:1904062,77
GO:0002913,0
GO:1905671,5
GO:0010100,0
GO:0006346,38
GO:0002002,1
GO:0032372,0
GO:1900845,0
GO:0035388,0
GO:1904582,0
GO:0003045,0
GO:1904730,0
GO:1901667,0
GO:0009745,0
GO:1903625,0
GO:1904028,20
GO:1903390,0
GO:0003059,0
GO:0051214,0
GO:0002138,10
GO:0048074,0
GO:0051222,24
GO:2000918,0
GO:0032827,18
GO:0055095,0
GO:0034350,0
GO:0061084,1
GO:1903115,0
GO:0032342,14
GO:1900662,0
GO:1905513,0
GO:0035655,13
GO:0080024,0
GO:0031951,0
GO:1902849,0
GO:0043508,4
GO:0010724,22
GO:2000983,0
GO:0044536,0
GO:0045712,0
GO:2000741,4
GO:1900123,0
GO:0002804,0
GO:1904325,0
GO:0048833,0
GO:0090350,0
GO:0062087,0
GO:0032925,1
GO:1904033,0
GO:0002155,30
GO:0061930,0
GO:0051924,211
GO:0097399,0
GO:0071926,0
GO:0110073,0
GO:1904594,0
GO:0048715,50
GO:0090381,0
GO:0014886,6
GO:0010637,21
GO:0002915,0
GO:0061924,0
GO:0075046,0
GO:1904349,0
GO:0051970,11
GO:1904030,0
GO:0048385,19
GO:0042381,0
GO:1902525,4
GO:0048698,0
GO:0021807,0
GO:0034107,0
GO:1901628,0
GO:1903393,2
GO:0035358,10
GO:2000302,17
GO:0071071,7
GO:1904698,0
GO:0045734,0
GO:1901544,0
GO:2000124,22
GO:0032383,3
GO:1905293,0
GO:2000255,15
GO:0035810,27
GO:2000518,0
GO:0014742,0
GO:0010756,26
GO:0110124,0
GO:0075225,0
GO:0070367,0
GO:2000968,0
GO:0061873,0
GO:0061097,0
GO:0150159,0
GO:1905851,0
GO:0045147,0
GO:1903003,3
GO:1900066,0
GO:0031642,24
GO:0031098,71
GO:0038188,0
GO:0060631,1
GO:1900345,0
GO:1904343,0
GO:1904372,0
GO:1905415,0
GO:0002770,0
GO:1900033,0
GO:1900135,1
GO:0010641,3
GO:0099608,2
GO:0070371,155
GO:1903335,0
GO:0010601,0
GO:0022603,8
GO:0032819,75
GO:2000550,0
GO:0010841,5
GO:0150099,3
GO:0000956,86
GO:2001231,0
GO:1902115,9
GO:1903580,0
GO:1904751,8
GO:1905008,0
GO:1903609,0
GO:0097739,0
GO:2000524,0
GO:1905913,9
GO:2000493,0
GO:0002876,0
GO:1903060,2
GO:0010764,51
GO:1901431,0
GO:1902003,0
GO:0150102,7
GO:1905291,0
GO:1904441,0
GO:2000472,0
GO:1905868,0
GO:0060368,22
GO:0098870,0
GO:1904795,0
GO:1902046,0
GO:0007171,0
GO:1905042,0
GO:0043547,528
GO:0016133,0
GO:1903723,2
GO:0086043,31
GO:1904893,10
GO:0035941,0
GO:0001799,0
GO:1905921,0
GO:0070256,12
GO:0051510,0
GO:0033120,98
GO:2000911,0
GO:1905164,0
GO:2000912,0
GO:0032385,6
GO:0044357,4
GO:1904220,0
GO:0032914,2
GO:0044361,0
GO:0031296,8
GO:0120175,0
GO:0002881,0
GO:0009852,0
GO:0010919,0
GO:0002759,2
GO:0051006,0
GO:1905749,0
GO:0032429,0
GO:0003057,1
GO:0140076,0
GO:0048670,4
GO:1905451,16
GO:1905852,0
GO:0042754,7
GO:0008016,87
GO:1905709,3
GO:0070954,0
GO:1900350,0
GO:0045804,0
GO:1902154,0
GO:0033400,0
GO:1902429,0
GO:2000939,0
GO:0051340,0
GO:1900070,0
GO:0098795,9
GO:0061129,0
GO:0046670,3
GO:0051598,10
GO:0003091,8
GO:0033139,0
GO:0032249,0
GO:1902091,0
GO:1904544,38
GO:1900334,0
GO:0010974,0
GO:1903531,0
GO:0038119,0
GO:1905080,0
GO:0042662,0
GO:0039501,0
GO:0060336,65
GO:0035150,2
GO:0098970,81
GO:0032088,95
GO:0002636,3
GO:2000797,0
GO:1904552,0
GO:0048695,0
GO:0031028,0
GO:0032848,0
GO:0070602,0
GO:1904290,0
GO:0000409,0
GO:0046833,25
GO:2000003,0
GO:0075274,0
GO:0014808,132
GO:2001109,0
GO:2000992,0
GO:1903764,20
GO:0045942,0
GO:1903727,0
GO:0110014,0
GO:0032533,0
GO:1901506,0
GO:0051047,28
GO:1900484,0
GO:0033399,0
GO:1905529,0
GO:2000557,0
GO:2000219,0
GO:0090299,0
GO:0010060,0
GO:0002896,0
GO:0140217,0
GO:1904229,0
GO:0048696,0
GO:0006940,38
GO:0010753,13
GO:0051726,727
GO:1900000,0
GO:2000545,0
GO:0071174,0
GO:1902172,0
GO:0045968,0
GO:0045606,29
GO:0045315,0
GO:0031445,0
GO:0045678,0
GO:0060236,48
GO:1904004,0
GO:0031655,0
GO:1901626,0
GO:0010557,0
GO:0002920,6
GO:1900305,0
GO:2000907,0
GO:1902892,0
GO:0150145,0
GO:1904086,0
GO:0097752,25
GO:0051964,27
GO:0042390,0
GO:1904031,0
GO:0032423,0
GO:0045115,0
GO:0002845,0
GO:0003129,5
GO:1904787,0
GO:0060656,0
GO:0060651,0
GO:2000496,0
GO:0061210,0
GO:0061105,0
GO:1903724,9
GO:1904542,0
GO:1903973,0
GO:0010558,7
GO:1903837,0
GO:1905157,0
GO:0048661,428
GO:0045780,54
GO:0090312,32
GO:1904458,0
GO:0045972,0
GO:2000004,0
GO:0043487,0
GO:0031343,2
GO:1905831,0
GO:1900507,0
GO:0002853,0
GO:2000341,6
GO:0070165,2
GO:0034346,0
GO:0060964,7
GO:1901387,28
GO:0043433,49
GO:0034263,8
GO:0070803,0
GO:1903947,0
GO:0038004,3
GO:1900380,0
GO:1905679,0
GO:0046637,0
GO:0035395,5
GO:0010625,14
GO:0050778,53
GO:1904503,0
GO:0060410,0
GO:1904901,0
GO:1900899,0
GO:0031945,0
GO:2000850,2
GO:0002637,25
GO:0002712,0
GO:0002900,0
GO:0060783,0
GO:0090290,20
GO:0031542,0
GO:0031651,0
GO:0090366,0
GO:2000601,41
GO:0002704,0
GO:1900697,0
GO:0002773,0
GO:0045639,1
GO:2000412,0
GO:0031114,8
GO:0010758,2
GO:0045603,45
GO:0051246,44
GO:0086019,7
GO:0061037,22
GO:2000669,6
GO:0060266,7
GO:1905365,0
GO:2001055,0
GO:0048375,0
GO:2000218,0
GO:0042320,1
GO:0006964,0
GO:1905210,0
GO:0010748,29
GO:0060262,0
GO:1905656,0
GO:1902034,0
GO:0014724,0
GO:0035894,0
GO:0051454,24
GO:1903691,47
GO:0030641,16
GO:1901429,0
GO:0046009,0
GO:0050779,5
GO:2000858,0
GO:1905818,1
GO:1901381,140
GO:0042447,6
GO:2000698,0
GO:0090324,34
GO:1902683,9
GO:0086036,98
GO:0042326,30
GO:0034765,122
GO:0097646,0
GO:0010373,0
GO:2001198,0
GO:0002797,0
GO:2000668,0
GO:0035669,24
GO:0045113,0
GO:1901163,28
GO:0003109,0
GO:1903142,59
GO:0061121,0
GO:0043300,0
GO:0002593,0
GO:1903402,5
GO:0060828,99
GO:0075055,0
GO:0016241,27
GO:1904906,16
GO:0061999,0
GO:1900093,0
GO:2000435,30
GO:0038094,24
GO:0080090,160
GO:1901798,26
GO:0002224,34
GO:0031285,0
GO:0141063,0
GO:1903786,1
GO:1905290,19
GO:1902178,2
GO:0033861,0
GO:0032414,0
GO:0014912,50
GO:0032648,6
GO:0060188,0
GO:0120068,0
GO:1902877,0
GO:1903039,7
GO:0075297,0
GO:1902365,2
GO:0090263,384
GO:1903620,4
GO:0045807,143
GO:0048638,3
GO:0014050,21
GO:0051882,50
GO:1900626,0
GO:0032832,0
GO:0051494,25
GO:0006709,7
GO:1905193,0
GO:0090538,0
GO:1905872,51
GO:0090030,3
GO:1905917,0
GO:0080020,0
GO:2000881,0
GO:0045013,0
GO:1903688,0
GO:0090200,46
GO:1904653,0
GO:0060452,24
GO:1903454,0
GO:2000345,8
GO:0120007,0
GO:0002922,7
GO:0060071,31
GO:1904671,0
GO:2000933,0
GO:0002769,2
GO:0110164,0
GO:0090224,0
GO:1905488,0
GO:0009372,0
GO:1904595,37
GO:0051130,0
GO:0070348,11
GO:0045707,0
GO:0070799,0
GO:1901021,62
GO:0032411,0
GO:0045907,108
GO:0032349,40
GO:0002583,0
GO:1905166,14
GO:0014727,0
GO:1905908,41
GO:0010733,0
GO:1901624,0
GO:1902206,49
GO:2000759,0
GO:1904129,0
GO:0071809,0
GO:1900409,26
GO:0045468,0
GO:1905644,0
GO:1900352,0
GO:0048084,0
GO:0010901,0
GO:1900323,0
GO:0035554,0
GO:2000959,0
GO:0034266,0
GO:2000441,0
GO:0003106,2
GO:0033241,0
GO:0045796,2
GO:0007259,140
GO:0003121,0
GO:0034140,7
GO:1903218,0
GO:1900692,0
GO:1903748,10
GO:1902995,43
GO:1900945,0
GO:0033475,0
GO:2000977,0
GO:0050851,4
GO:0048091,0
GO:1905736,0
GO:2000749,0
GO:0045870,9
GO:0070797,0
GO:0010508,417
GO:0035306,9
GO:0061051,82
GO:2000309,0
GO:0048168,227
GO:0061429,0
GO:0033082,2
GO:1900746,2
GO:0046882,15
GO:1902427,0
GO:0002716,0
GO:1902171,0
GO:1900623,0
GO:0045766,652
GO:0000290,25
GO:0048294,1
GO:0032773,0
GO:0090213,0
GO:1902436,0
GO:0061389,0
GO:0006716,0
GO:0140256,0
GO:2001178,7
GO:0090446,0
GO:2001240,71
GO:0032223,0
GO:0090348,0
GO:0045774,0
GO:1904038,0
GO:2001136,12
GO:0043306,37
GO:1903036,0
GO:1990968,0
GO:0086045,51
GO:0070203,0
GO:1904464,0
GO:0045879,179
GO:0007176,0
GO:2000670,17
GO:1900892,0
GO:1902845,0
GO:0009911,0
GO:0042730,28
GO:0072199,0
GO:2000240,0
GO:1901092,0
GO:0032659,0
GO:0002221,63
GO:2000495,0
GO:1902083,55
GO:0032814,5
GO:1905832,27
GO:0002441,0
GO:0033248,0
GO:0001986,0
GO:0045950,0
GO:0036187,0
GO:2000929,0
GO:0044362,0
GO:0021907,0
GO:0003251,2
GO:0032073,0
GO:0010423,0
GO:1904075,0
GO:1905866,0
GO:0001796,0
GO:0061344,45
GO:2001230,0
GO:1903080,0
GO:0002738,0
GO:1905715,0
GO:0010690,0
GO:0035347,0
GO:1900646,0
GO:0070244,20
GO:1902631,37
GO:0110055,0
GO:0061932,0
GO:0051105,0
GO:1900896,0
GO:1904150,0
GO:0002787,1
GO:0075308,0
GO:0003062,18
GO:0072095,20
GO:1900003,0
GO:0140244,0
GO:0035667,0
GO:1903672,81
GO:1900384,0
GO:0140966,0
GO:2000418,0
GO:1905809,0
GO:1901710,0
GO:1903382,19
GO:0062200,0
GO:0120261,0
GO:1903001,0
GO:1900347,0
GO:0060376,12
GO:0061413,0
GO:2000192,8
GO:0071935,0
GO:0098819,0
GO:1900222,10
GO:0009823,0
GO:0051544,0
GO:0002829,10
GO:0043569,19
GO:2000996,0
GO:1903952,0
GO:0075303,0
GO:1905403,3
GO:0031943,0
GO:0032672,0
GO:0052320,0
GO:1904495,0
GO:2000305,0
GO:2000814,4
GO:2000969,47
GO:0048522,0
GO:0086013,40
GO:0046598,62
GO:2001242,17
GO:0048683,0
GO:0071264,13
GO:0099191,0
GO:1902917,0
GO:1901955,0
GO:0044863,0
GO:1902110,5
GO:1905708,0
GO:0002633,0
GO:0150012,19
GO:1903905,18
GO:1900213,0
GO:1900397,0
GO:0010912,0
GO:0120070,0
GO:1905944,0
GO:2000233,13
GO:1904369,0
GO:0060268,5
GO:0061340,0
GO:0044145,0
GO:2000554,0
GO:0060300,1
GO:1903594,0
GO:0070349,0
GO:0060455,0
GO:1903553,6
GO:1903969,0
GO:1903721,5
GO:0010455,0
GO:0045647,17
GO:0060177,1
GO:1904036,150
GO:0060585,0
GO:0045958,0
GO:1904442,12
GO:1905687,0
GO:2000009,90
GO:0033025,0
GO:1901383,1
GO:1901542,0
GO:0034265,0
GO:1902614,0
GO:1902339,37
GO:0044131,0
GO:0044338,3
GO:0032347,0
GO:1900434,0
GO:0062132,0
GO:2000730,26
GO:0002878,0
GO:0010721,0
GO:2001009,0
GO:1900969,0
GO:0045792,59
GO:0090090,436
GO:0045779,56
GO:1902447,0
GO:0110109,0
GO:2000138,7
GO:0044533,0
GO:0051209,257
GO:0034445,0
GO:0060391,123
GO:0032651,13
GO:0001985,1
GO:1902843,0
GO:1900661,0
GO:0090288,11
GO:1902278,0
GO:1904666,0
GO:2000757,13
GO:1903896,0
GO:0070202,55
GO:0072124,0
GO:1900005,0
GO:0060338,0
GO:2000591,4
GO:1901346,4
GO:1905216,0
GO:2001141,13
GO:0070229,0
GO:0050858,0
GO:1901254,0
GO:0043065,1261
GO:1904984,0
GO:2000011,1
GO:1904875,0
GO:1904537,0
GO:0044491,0
GO:0030466,0
GO:0010899,6
GO:0046880,0
GO:0032351,0
GO:1904527,0
GO:1905284,0
GO:0048302,2
GO:0045669,222
GO:0048024,118
GO:0006957,60
GO:0038196,0
GO:0040037,36
GO:0045607,35
GO:1900355,0
GO:0048076,0
GO:0090218,0
GO:1904472,13
GO:1905511,0
GO:0032962,6
GO:2000916,0
GO:1905116,0
GO:1900659,0
GO:2000534,0
GO:0075010,0
GO:0007093,12
GO:1905445,38
GO:0007231,61
GO:1905914,0
GO:0061767,7
GO:1900120,0
GO:1902269,5
GO:1904262,260
GO:1900358,0
GO:0046007,16
GO:1900512,0
GO:0031029,0
GO:1902754,0
GO:1905580,1
GO:0031564,0
GO:1904932,0
GO:0048400,0
GO:1901875,0
GO:2000640,0
GO:0140991,0
GO:1904357,2
GO:0090074,0
GO:0150177,0
GO:2000503,0
GO:1900333,0
GO:2000224,30
GO:0098991,0
GO:0045982,0
GO:0032719,0
GO:2000965,0
GO:0030840,0
GO:2000069,0
GO:1903567,0
GO:2000065,4
GO:1900337,0
GO:0032479,3
GO:0043903,0
GO:0120071,0
GO:0090067,3
GO:0046645,0
GO:1900209,0
GO:0048523,0
GO:0060905,0
GO:0007197,10
GO:1903137,0
GO:0032770,0
GO:0031447,0
GO:0002610,0
GO:0044060,0
GO:0000019,2
GO:2000726,19
GO:2000031,0
GO:0141065,0
GO:2000409,9
GO:1903873,0
GO:1900261,0
GO:1905297,0
GO:0110114,0
GO:0035385,20
GO:1904299,0
GO:1904956,0
GO:2000315,0
GO:1905940,0
GO:1900268,0
GO:1905292,0
GO:2000256,7
GO:0098928,0
GO:0045927,8
GO:2001006,0
GO:0140409,0
GO:2000843,0
GO:0141088,0
GO:0080040,0
GO:1905869,7
GO:2000489,1
GO:1903665,0
GO:0051930,75
GO:0010310,5
GO:0061295,0
GO:1900052,0
GO:0051946,0
GO:0048378,21
GO:0031540,0
GO:0042270,36
GO:0003108,0
GO:2000852,0
GO:1900131,0
GO:0003271,0
GO:1903010,11
GO:0007207,153
GO:1901386,10
GO:2000547,0
GO:0007208,0
GO:0051957,0
GO:1902214,0
GO:0045940,6
GO:1900900,0
GO:1902624,2
GO:1900823,0
GO:0048641,22
GO:1904346,0
GO:0035542,11
GO:0044864,0
GO:0045657,38
GO:0140279,0
GO:0010830,4
GO:0014739,0
GO:0036492,13
GO:1903340,0
GO:2000307,0
GO:0075261,0
GO:0030451,16
GO:0045620,3
GO:2000608,0
GO:0120122,0
GO:2000264,0
GO:1905289,30
GO:0090359,0
GO:1902863,0
GO:0051046,37
GO:2000525,6
GO:1902371,0
GO:0150153,0
GO:1990442,0
GO:0032961,0
GO:0033085,23
GO:0045969,0
GO:2000007,0
GO:1902213,7
GO:1905700,0
GO:0032272,0
GO:1902267,0
GO:1900443,0
GO:1900730,0
GO:0002854,1
GO:2000729,0
GO:1903657,0
GO:0045434,0
GO:0060687,2
GO:0010626,25
GO:2000922,0
GO:0061057,0
GO:1900886,0
GO:1900063,34
GO:1902163,0
GO:0035470,8
GO:0032670,0
GO:2000175,0
GO:2000473,9
GO:2000614,8
GO:0110059,0
GO:0062002,0
GO:2000532,0
GO:1903031,0
GO:1902584,0
GO:1900166,0
GO:0033629,36
GO:0043068,33
GO:0010562,0
GO:0099557,53
GO:1903055,14
GO:2000239,0
GO:0120221,0
GO:0039536,40
GO:1904846,0
GO:1905873,0
GO:0045954,126
GO:1901319,0
GO:0010835,2
GO:0051175,0
GO:0010850,0
GO:0072201,28
GO:1901873,1
GO:2000388,10
GO:0010904,0
GO:1905786,7
GO:2000206,0
GO:0010619,0
GO:0120132,0
GO:0060451,0
GO:2000747,0
GO:0048239,28
GO:0046826,31
GO:0035794,2
GO:1901075,0
GO:0001915,39
GO:1902146,0
GO:0090663,5
GO:1900698,0
GO:0060910,0
GO:1905781,0
GO:1900344,0
GO:1902529,0
GO:0032693,22
GO:0036496,0
GO:0036324,11
GO:1903343,0
GO:0075288,0
GO:1901438,0
GO:2000661,17
GO:1903747,0
GO:0014915,0
GO:2000344,28
GO:0044761,0
GO:1905519,0
GO:0002596,0
GO:2000146,75
GO:1905384,0
GO:1900625,8
GO:0030856,49
GO:0045628,0
GO:0070099,0
GO:1900019,0
GO:0050949,0
GO:1904146,0
GO:0031952,4
GO:1903725,15
GO:0010955,45
GO:0051548,0
GO:1901993,0
GO:0090043,26
GO:1904287,0
GO:1903386,0
GO:1902951,0
GO:1902337,0
GO:0099551,0
GO:0044532,0
GO:0038151,0
GO:0032671,0
GO:1905510,0
GO:1900419,0
GO:0035942,0
GO:0110123,0
GO:2000831,0
GO:0002862,18
GO:1905514,0
GO:0042663,0
GO:0000321,0
GO:0002898,0
GO:0010809,0
GO:0046533,43
GO:0000437,0
GO:0060907,58
GO:0090728,0
GO:0097035,25
GO:1902209,0
GO:1904538,0
GO:0150202,0
GO:2000333,0
GO:1900210,0
GO:1990514,0
GO:0038159,0
GO:1905156,0
GO:0060402,83
GO:0045869,28
GO:1904188,12
GO:2001283,0
GO:0150151,0
GO:0090054,0
GO:0071878,72
GO:2000504,0
GO:0010595,200
GO:0002531,0
GO:0070377,0
GO:0090330,11
GO:0010738,88
GO:0045219,0
GO:0002842,1
GO:0060491,14
GO:0010470,133
GO:1904277,0
GO:0003055,0
GO:0051884,0
GO:0048337,9
GO:0060125,60
GO:0051913,0
GO:0031959,6
GO:2000177,17
GO:1902229,0
GO:0120072,0
GO:0010469,11
GO:2001206,11
GO:1901890,2
GO:0030968,134
GO:0140865,4
GO:1903891,0
GO:0061063,0
GO:0090153,1
GO:1903027,5
GO:0061388,0
GO:1904039,0
GO:0002542,0
GO:1902210,0
GO:0071882,0
GO:0045880,185
GO:0050669,0
GO:0120190,0
GO:0044865,0
GO:0032343,0
GO:0051784,0
GO:0043405,31
GO:0070257,42
GO:2000697,6
GO:0007167,38
GO:1901203,19
GO:0120035,3
GO:1903931,0
GO:1900303,0
GO:0099553,13
GO:0034307,0
GO:0035935,0
GO:1901017,41
GO:2000590,0
GO:0090055,0
GO:1903324,0
GO:1901233,0
GO:0061091,0
GO:0043945,0
GO:1904142,0
GO:1900485,0
GO:0001987,0
GO:1904865,0
GO:2000675,17
GO:0031573,88
GO:2000654,3
GO:1900029,61
GO:0141068,33
GO:2000229,0
GO:1905035,7
GO:1904890,27
GO:1903138,0
GO:1903019,0
GO:0106056,2
GO:1905771,0
GO:0140895,0
GO:1905592,2
GO:0060058,24
GO:0097321,0
GO:1901343,0
GO:1905280,19
GO:0003105,29
GO:1904935,12
GO:0052318,0
GO:1903372,0
GO:2000985,0
GO:0048013,291
GO:1900371,0
GO:1900687,0
GO:1903243,62
GO:0160033,0
GO:0002753,100
GO:0043940,0
GO:1905038,10
GO:0061192,0
GO:0051796,0
GO:1904502,0
GO:1905320,0
GO:0010918,81
GO:0097345,41
GO:0043388,20
GO:0043304,40
GO:0048509,0
GO:0030072,16
GO:0160020,0
GO:0010612,0
GO:0071656,1
GO:0090338,0
GO:2000586,0
GO:0110020,0
GO:0071045,2
GO:1901951,0
GO:1903354,0
GO:1902679,0
GO:0075315,0
GO:0051458,0
GO:0033690,107
GO:0030811,0
GO:0048842,47
GO:1905309,0
GO:2000812,0
GO:0120277,0
GO:1900677,0
GO:0000381,293
GO:0051042,0
GO:2000284,0
GO:0051107,0
GO:1902363,0
GO:1903619,0
GO:0061337,148
GO:1902412,0
GO:0061118,0
GO:0032244,11
GO:1903612,0
GO:0045224,0
GO:0042483,0
GO:0106216,0
GO:2000603,0
GO:2000216,0
GO:0014916,19
GO:0032443,0
GO:0060370,4
GO:0097213,4
GO:0140426,0
GO:1900981,0
GO:0007096,17
GO:2000650,0
GO:1900183,0
GO:1905413,2
GO:1902274,0
GO:0060624,0
GO:0000820,4
GO:0010694,17
GO:1904965,0
GO:1903642,0
GO:1905287,0
GO:0000165,533
GO:0120198,0
GO:0007035,59
GO:1901496,0
GO:0048214,0
GO:0075193,0
GO:1902102,0
GO:2000606,0
GO:1905152,8
GO:0051512,0
GO:0060282,7
GO:1901834,0
GO:1901082,2
GO:0043268,119
GO:2001124,0
GO:0048081,0
GO:0031586,0
GO:2000005,0
GO:1901245,0
GO:0051986,0
GO:0098977,52
GO:0099588,0
GO:0042321,18
GO:1903456,0
GO:0090191,0
GO:2000642,0
GO:2001226,0
GO:0010380,0
GO:1900346,0
GO:2000704,0
GO:1900494,0
GO:2000516,0
GO:2000287,0
GO:0016479,40
GO:0060628,6
GO:1905053,46
GO:1900908,0
GO:0160001,0
GO:1904439,0
GO:2000449,0
GO:1900379,0
GO:0016441,20
GO:2000877,0
GO:1902622,8
GO:0034254,0
GO:0010361,0
GO:0051249,0
GO:2000979,9
GO:0045644,0
GO:0045616,48
GO:1904301,0
GO:1903167,0
GO:0046622,27
GO:2000861,0
GO:2001153,16
GO:0010566,0
GO:0045854,0
GO:0002019,0
GO:0032730,16
GO:0032274,12
GO:0046317,0
GO:0044529,0
GO:2000906,0
GO:0010747,6
GO:0016243,6
GO:1903930,0
GO:0010824,96
GO:1901664,0
GO:1903595,6
GO:1900034,26
GO:0006357,4067
GO:1900926,0
GO:1904318,0
GO:0048633,16
GO:1901193,0
GO:0046830,0
GO:2000185,0
GO:0035752,25
GO:0075195,0
GO:1905956,8
GO:1904180,0
GO:1904470,0
GO:0070862,0
GO:0070921,0
GO:0106014,14
GO:0090289,0
GO:0030711,0
GO:0045739,209
GO:2000170,1
GO:1902727,0
GO:1902607,3
GO:0038113,16
GO:2000716,0
GO:0062043,38
GO:0060189,0
GO:1904398,20
GO:2000709,0
GO:0010972,25
GO:0071658,0
GO:0033029,1
GO:0110159,0
GO:0150044,0
GO:0048711,66
GO:1905880,0
GO:1904330,5
GO:0045921,192
GO:0010893,7
GO:2000537,0
GO:1900513,0
GO:0002578,0
GO:0001929,0
GO:0006965,0
GO:1900652,0
GO:1903762,0
GO:1902822,0
GO:2000937,0
GO:0002527,0
GO:0034180,0
GO:0060183,0
GO:0009892,2
GO:0150178,1
GO:1902905,0
GO:0045797,1
GO:1905902,0
GO:2000625,0
GO:0048070,57
GO:0045835,31
GO:1904333,0
GO:0050773,139
GO:0010526,40
GO:0031948,0
GO:1905646,0
GO:0033233,0
GO:0002660,0
GO:0045901,14
GO:0120213,0
GO:0141127,0
GO:0010029,0
GO:1903775,1
GO:0051465,0
GO:0098962,27
GO:0090088,0
GO:1901437,0
GO:1902528,0
GO:0035588,0
GO:0039520,0
GO:0160019,0
GO:0070886,102
GO:0099174,4
GO:0120030,0
GO:0048782,0
GO:1901200,0
GO:0048376,0
GO:0086048,21
GO:0050793,98
GO:1904864,0
GO:0043415,0
GO:2001003,0
GO:1900663,0
GO:0045689,0
GO:0010636,36
GO:0090210,6
GO:1902258,0
GO:0008593,167
GO:1901094,0
GO:1904303,3
GO:0014883,26
GO:1905399,0
GO:1904816,10
GO:0120032,0
GO:0032760,306
GO:0060225,0
GO:1900664,0
GO:2000723,0
GO:1902055,0
GO:0031113,63
GO:0010801,80
GO:0043941,0
GO:0050775,95
GO:0045827,0
GO:1905651,0
GO:0032013,1
GO:0042772,0
GO:0090083,12
GO:1905701,0
GO:0060340,72
GO:0032780,29
GO:0046879,47
GO:1902991,7
GO:0042489,1
GO:1902021,0
GO:0003111,0
GO:1905846,0
GO:0031158,0
GO:0032459,0
GO:1904780,24
GO:1905126,0
GO:0003250,0
GO:1900933,0
GO:0032820,0
GO:0033315,0
GO:2000684,0
GO:1904617,0
GO:0038203,74
GO:0050944,0
GO:0046599,56
GO:0045719,25
GO:0075223,0
GO:0032275,5
GO:0043488,86
GO:0010984,0
GO:0007223,0
GO:0048261,7
GO:0045680,0
GO:0031635,10
GO:0106112,0
GO:0061965,0
GO:0032707,18
GO:0032912,2
GO:0048011,45
GO:0060569,0
GO:0044345,0
GO:0006140,0
GO:0120008,0
GO:2000100,0
GO:1903123,0
GO:0062003,6
GO:0045610,0
GO:1904365,0
GO:1902910,0
GO:1901694,0
GO:2000743,0
GO:1905922,0
GO:0008359,0
GO:1905710,13
GO:1900385,0
GO:0033137,87
GO:1903058,0
GO:0033006,0
GO:0140250,0
GO:0060251,0
GO:0071262,0
GO:1901692,0
GO:1903302,0
GO:0090319,0
GO:0062099,0
GO:0070494,0
GO:1905189,0
GO:1902764,0
GO:0048088,0
GO:1905860,0
GO:0072299,0
GO:0141085,0
GO:0055026,0
GO:2000123,0
GO:1903007,0
GO:0099082,0
GO:0140051,0
GO:1904342,0
GO:1904968,0
GO:0150175,1
GO:1900723,0
GO:0010464,8
GO:0021911,0
GO:0070428,0
GO:0010611,0
GO:1904792,2
GO:0045645,1
GO:0061112,0
GO:0009585,1
GO:0036522,0
GO:1902151,9
GO:1904057,0
GO:1904785,0
GO:1904702,8
GO:0090108,18
GO:0075296,0
GO:0009848,0
GO:0003089,0
GO:1903180,0
GO:0030845,4
GO:0051134,18
GO:0003354,0
GO:1902566,0
GO:1900319,0
GO:0060568,0
GO:1905099,0
GO:1901420,0
GO:2000361,0
GO:2000656,0
GO:1903132,0
GO:0001912,0
GO:0032334,0
GO:0010825,35
GO:1901403,0
GO:0051247,90
GO:1901470,0
GO:0035398,0
GO:0035249,323
GO:0034183,0
GO:0141191,0
GO:0061341,0
GO:1900001,0
GO:0042532,98
GO:2001110,0
GO:0021921,0
GO:0140854,0
GO:0045631,0
GO:1903622,0
GO:0070059,140
GO:0032696,6
GO:0033173,61
GO:0006708,0
GO:0009871,0
GO:0009967,83
GO:1901304,0
GO:1904123,0
GO:2000919,0
GO:1905299,0
GO:0007219,500
GO:1901201,35
GO:2000455,0
GO:1900834,0
GO:0010759,66
GO:0160078,7
GO:0070782,81
GO:0000411,0
GO:0070129,21
GO:0140542,0
GO:1901196,0
GO:0045913,0
GO:0048835,0
GO:0051001,0
GO:0110029,0
GO:0045501,0
GO:0002785,0
GO:0032339,0
GO:1902809,20
GO:0071671,0
GO:0098925,4
GO:0106104,0
GO:0002752,3
GO:1902257,0
GO:0033092,10
GO:0099703,18
GO:0046634,0
GO:0000958,2
GO:1990256,13
GO:1905294,0
GO:0010661,0
GO:0060164,5
GO:0001953,33
GO:1902619,0
GO:2000733,0
GO:2000334,0
GO:0010697,0
GO:1904753,34
GO:0033211,17
GO:0046638,47
GO:1990625,13
GO:0070800,0
GO:1901404,0
GO:0060696,1
GO:1900836,0
GO:0010977,267
GO:1904285,0
GO:2000410,3
GO:1901843,11
GO:2000269,2
GO:0060244,10
GO:1904737,0
GO:0038194,7
GO:0016059,0
GO:1904420,0
GO:0001868,0
GO:1904775,0
GO:1904840,0
GO:2000187,3
GO:0086052,0
GO:1905357,0
GO:0035208,0
GO:0120271,0
GO:1905187,0
GO:1901900,0
GO:1900270,0
GO:0014743,0
GO:0001558,221
GO:0002904,13
GO:0000183,11
GO:1902077,0
GO:1901033,0
GO:0060312,16
GO:0061001,134
GO:2000433,0
GO:1905840,0
GO:0050764,51
GO:1902474,21
GO:0035943,0
GO:0046011,0
GO:2000368,7
GO:0033144,12
GO:0097296,6
GO:1901191,0
GO:0070608,0
GO:0045745,108
GO:1901923,0
GO:0042102,179
GO:0006521,6
GO:0032063,0
GO:0075256,0
GO:0043382,5
GO:2000643,31
GO:0010722,0
GO:0010613,74
GO:1903643,0
GO:1902916,13
GO:1900373,0
GO:0051125,3
GO:1900667,0
GO:0051549,91
GO:0106120,0
GO:1903750,0
GO:0034172,0
GO:0034158,0
GO:0075265,0
GO:1900458,0
GO:1905402,0
GO:2000180,16
GO:1903195,0
GO:1902762,0
GO:0046669,0
GO:0032655,7
GO:0045585,8
GO:0070804,0
GO:0030834,3
GO:1901724,0
GO:1900143,24
GO:2000028,0
GO:2000262,0
GO:1903052,0
GO:1905338,0
GO:1901647,0
GO:0009866,0
GO:0031338,37
GO:0038157,6
GO:0070429,0
GO:0032878,10
GO:1902897,13
GO:1902647,0
GO:1900030,0
GO:1902234,0
GO:0045621,37
GO:0141086,0
GO:2000583,24
GO:0051351,0
GO:1901351,0
GO:0034242,0
GO:1903849,44
GO:0031111,4
GO:1903566,39
GO:0075330,0
GO:0007250,34
GO:0014868,0
GO:1905096,0
GO:1901880,0
GO:0002798,0
GO:0099645,216
GO:0031110,70
GO:0002859,6
GO:0150140,0
GO:0002154,25
GO:0060191,0
GO:1904688,0
GO:2000245,0
GO:0106393,0
GO:0032087,0
GO:1905282,0
GO:0046013,10
GO:0010610,6
GO:1901202,33
GO:0034177,0
GO:0045589,76
GO:0071945,0
GO:0046607,0
GO:1905083,0
GO:1904324,0
GO:0045456,0
GO:1905612,0
GO:1905149,0
GO:1904715,1
GO:1905179,0
GO:1904705,0
GO:0090037,181
GO:1900861,0
GO:1900906,0
GO:1900027,28
GO:0090298,8
GO:1904134,0
GO:2000474,0
GO:0032100,10
GO:0045696,0
GO:1905097,0
GO:0045953,24
GO:0046884,0
GO:0044083,0
GO:1903624,0
GO:0030100,299
GO:1904874,0
GO:0001801,0
GO:0034231,0
GO:0034151,0
GO:0048022,14
GO:1900694,0
GO:0051141,0
GO:0010840,18
GO:1904335,0
GO:0099040,15
GO:0010365,0
GO:0032409,0
GO:1903745,0
GO:1905808,0
GO:0002223,16
GO:1900064,0
GO:0061076,0
GO:0019221,465
GO:0051889,0
GO:0030155,331
GO:0072041,0
GO:1902688,4
GO:0098816,0
GO:2000399,0
GO:2000359,0
GO:1900377,0
GO:0110074,0
GO:0042308,69
GO:0043496,0
GO:1905496,0
GO:0045970,0
GO:0032209,0
GO:0001914,0
GO:2001278,0
GO:0007027,0
GO:1990949,0
GO:0061345,0
GO:0061987,0
GO:1901714,0
GO:0034105,0
GO:0061050,9
GO:2000869,0
GO:1900469,0
GO:1905476,0
GO:0035298,0
GO:0031647,536
GO:1903383,0
GO:0050804,739
GO:0000962,2
GO:0150143,0
GO:0030252,16
GO:0010564,36
GO:1902092,0
GO:0035898,1
GO:0006700,20
GO:0007175,48
GO:0046597,158
GO:0060381,0
GO:0106122,0
GO:0048397,0
GO:1905915,0
GO:1900115,0
GO:2000010,119
GO:1903771,0
GO:0070167,0
GO:0010560,3
GO:0090230,2
GO:0009966,219
GO:0099547,60
GO:1904711,0
GO:0060233,0
GO:1900980,0
GO:1904021,0
GO:2000092,0
GO:0070372,259
GO:1900017,50
GO:1904553,0
GO:0010845,0
GO:0030857,31
GO:0061591,84
GO:0071803,35
GO:1904651,2
GO:0002592,0
GO:0050932,0
GO:2000126,0
GO:0141007,54
GO:0002895,0
GO:2001038,7
GO:0101017,0
GO:0106023,0
GO:0043457,14
GO:0030518,33
GO:0045793,48
GO:2000954,0
GO:0031284,0
GO:2000632,4
GO:0045883,0
GO:0002715,19
GO:0003056,19
GO:0042665,0
GO:1990793,0
GO:0048304,34
GO:0034135,0
GO:0010743,0
GO:0032482,14
GO:0046725,2
GO:1905591,0
GO:0051709,0
GO:0010981,0
GO:0099177,0
GO:1903086,0
GO:1903109,3
GO:1900705,0
GO:0046676,240
GO:0090199,0
GO:1902998,1
GO:1902836,0
GO:0052151,0
GO:0014710,0
GO:0001867,4
GO:0048583,61
GO:0010799,0
GO:2000517,0
GO:0048297,0
GO:1904667,0
GO:1905684,3
GO:2000090,0
GO:2001151,0
GO:0032225,14
GO:1901410,0
GO:0140212,0
GO:0062134,0
GO:1905608,0
GO:1904494,0
GO:0140883,0
GO:1902931,0
GO:0060782,0
GO:0035278,57
GO:0048010,69
GO:1900370,0
GO:0002655,0
GO:1904833,0
GO:1905933,0
GO:0061181,0
GO:0050803,31
GO:0009998,0
GO:2000234,24
GO:0050777,11
GO:2000809,29
GO:2000419,0
GO:2000975,2
GO:0106115,0
GO:0045755,0
GO:2000253,4
GO:0060380,0
GO:0010459,33
GO:0042325,89
GO:1903945,0
GO:2001259,98
GO:2000152,4
GO:0080092,0
GO:0046832,0
GO:0110098,0
GO:0034112,16
GO:1905024,0
GO:0032698,0
GO:1904233,0
GO:1903646,0
GO:1900099,0
GO:0045933,27
GO:0034111,34
GO:0010867,30
GO:1903883,0
GO:2000091,0
GO:0098987,0
GO:0051016,101
GO:0106395,0
GO:0080136,0
GO:0051342,0
GO:0032488,15
GO:0140499,0
GO:2001280,0
GO:0060314,36
GO:1905255,0
GO:0051711,0
GO:0030656,6
GO:0008627,7
GO:1904634,0
GO:0008063,9
GO:1900700,0
GO:2000114,197
GO:0051101,0
GO:0098873,0
GO:1900913,0
GO:1904523,0
GO:0075186,0
GO:0043323,26
GO:0075198,0
GO:1900919,0
GO:2000115,0
GO:0032757,133
GO:0016057,0
GO:1904972,0
GO:1900487,0
GO:0050691,26
GO:0051491,161
GO:0071032,0
GO:0097193,59
GO:0071338,0
GO:1904657,0
GO:1903377,28
GO:1904883,0
GO:1903596,0
GO:1904041,0
GO:0042700,3
GO:0006884,149
GO:0099543,0
GO:0002914,0
GO:1902211,0
GO:1904668,10
GO:0031582,0
GO:0007199,10
GO:0150128,0
GO:0031047,274
GO:0006710,6
GO:1901041,0
GO:1905587,0
GO:0031663,106
GO:0090212,24
GO:0032728,136
GO:0002606,12
GO:0050856,50
GO:0060239,0
GO:1901352,0
GO:0060306,214
GO:0010812,132
GO:1900421,0
GO:0031399,17
GO:0070962,0
GO:1905380,0
GO:0060307,236
GO:0042445,57
GO:0060158,23
GO:0052162,0
GO:0002608,0
GO:0032536,1
GO:1900199,0
GO:0051631,10
GO:0032731,232
GO:0043372,3
GO:2001171,55
GO:0033048,0
GO:0010771,0
GO:2001241,41
GO:2000690,0
GO:1900104,0
GO:1901629,2
GO:1903974,13
GO:1904649,0
GO:0070935,21
GO:1900122,0
GO:0060409,0
GO:0075316,0
GO:1900544,0
GO:1900044,8
GO:0051099,0
GO:0061435,0
GO:0051770,78
GO:2000062,0
GO:1901185,9
GO:0010608,85
GO:0080093,0
GO:2001019,6
GO:1900426,73
GO:0071072,1
GO:0071963,7
GO:0051052,2
GO:0034103,12
GO:0062088,0
GO:0035581,1
GO:1902283,0
GO:0002771,0
GO:0090261,20
GO:1902953,55
GO:1902832,0
GO:0051041,0
GO:0141167,0
GO:0090328,0
GO:0070617,0
GO:1902865,0
GO:0045709,0
GO:0007317,0
GO:1900470,0
GO:1900026,204
GO:0060818,55
GO:1904412,0
GO:0060142,0
GO:1903648,0
GO:1902068,3
GO:1900329,0
GO:0035933,0
GO:0038165,24
GO:1902238,7
GO:0045643,0
GO:2000018,0
GO:0045128,0
GO:1901001,0
GO:0002826,15
GO:0030194,11
GO:2000767,23
GO:2000451,0
GO:1904859,0
GO:1903772,0
GO:0060917,0
GO:0099150,7
GO:0032241,0
GO:1903038,80
GO:0090625,2
GO:0050948,0
GO:1902950,27
GO:2000988,0
GO:1903704,0
GO:1905932,1
GO:0035666,28
GO:2000318,38
GO:0051795,0
GO:1903063,0
GO:0045911,7
GO:1905533,0
GO:1904992,0
GO:1903517,0
GO:1904449,0
GO:0051000,27
GO:0060168,6
GO:0070796,0
GO:0031537,0
GO:1904338,0
GO:0033603,11
GO:0099149,320
GO:2000134,151
GO:1903141,0
GO:1902660,0
GO:0050854,0
GO:0097647,37
GO:1905819,0
GO:1901079,0
GO:0031331,11
GO:0031989,0
GO:0010821,70
GO:0098924,3
GO:0031273,0
GO:0070255,5
GO:0003073,67
GO:0090205,11
GO:0062209,0
GO:2001233,11
GO:0048818,0
GO:0010115,0
GO:0034106,0
GO:0038116,77
GO:1902372,0
GO:0032487,37
GO:1902568,0
GO:0045626,2
GO:0031944,0
GO:1901490,0
GO:2000343,22
GO:0010556,0
GO:0045682,3
GO:2000808,0
GO:1904432,0
GO:0061941,0
GO:1905858,0
GO:1903597,4
GO:2000226,0
GO:1900944,0
GO:1900923,0
GO:1902037,74
GO:0090190,25
GO:0090258,31
GO:2001232,0
GO:1903146,1
GO:0140763,0
GO:1904286,0
GO:1902215,49
GO:0016242,43
GO:0043321,0
GO:0038007,44
GO:0061041,20
GO:1900378,0
GO:1900020,41
GO:2001287,0
GO:0002091,28
GO:0033087,0
GO:0050929,11
GO:1900670,0
GO:1902036,81
GO:1902846,2
GO:0106135,7
GO:0034146,0
GO:0062164,0
GO:1901446,0
GO:1901881,0
GO:0033033,22
GO:0060149,0
GO:0032382,0
GO:0060134,85
GO:0002794,0
GO:0034392,46
GO:1901666,0
GO:0061046,0
GO:0045666,199
GO:0032386,1
GO:0010116,0
GO:0071652,0
GO:1902378,0
GO:1900675,0
GO:1901526,115
GO:0033245,0
GO:1905854,0
GO:0034149,0
GO:1904192,0
GO:0032375,0
GO:1900898,0
GO:1901257,0
GO:1902043,6
GO:2001170,22
GO:0060566,19
GO:0090207,89
GO:1900496,0
GO:0061363,0
GO:1990117,0
GO:0010947,0
GO:0045477,0
GO:0051514,0
GO:1900198,0
GO:1901857,6
GO:0010360,0
GO:1901996,0
GO:0010800,167
GO:0045828,0
GO:2000382,0
GO:0010711,0
GO:2000172,6
GO:1903950,0
GO:1904348,3
GO:0061940,0
GO:0150059,0
GO:0075047,0
GO:0051956,37
GO:0061885,19
GO:0010713,0
GO:0051152,64
GO:0001813,0
GO:0045648,67
GO:0048009,153
GO:0140986,0
GO:0017055,23
GO:0070316,107
GO:1900691,0
GO:0060313,15
GO:1900952,0
GO:0010635,2
GO:2000243,8
GO:0003093,34
GO:1903587,0
GO:0097280,0
GO:0140215,0
GO:0106280,0
GO:0140712,0
GO:0031340,25
GO:0051248,11
GO:0070959,0
GO:0031630,69
GO:0007346,184
GO:0009787,0
GO:1902648,0
GO:2001172,0
GO:1902287,38
GO:1903644,1
GO:0032384,1
GO:1990408,28
GO:0110097,1
GO:0099577,0
GO:1903396,0
GO:0045685,11
GO:0032747,4
GO:1900220,0
GO:1904832,0
GO:0075219,0
GO:0046006,0
GO:0032538,0
GO:0046782,0
GO:0048519,0
GO:1900653,0
GO:1902835,0
GO:0060360,0
GO:1904235,0
GO:0010727,3
GO:0046322,50
GO:2000536,0
GO:0010632,30
GO:0075266,0
GO:0050806,101
GO:0045947,67
GO:2001036,0
GO:1905084,0
GO:1900459,0
GO:1905825,0
GO:0002654,0
GO:0003081,1
GO:1904997,0
GO:0043523,109
GO:0062044,0
GO:0071527,0
GO:0010182,0
GO:1904660,0
GO:0062001,0
GO:0051133,0
GO:0032875,0
GO:1903742,0
GO:0051900,7
GO:2000492,0
GO:1903522,26
GO:1902612,0
GO:1900130,0
GO:1900321,0
GO:2000308,14
GO:0080154,5
GO:0014829,0
GO:0110015,0
GO:1901096,32
GO:0032913,0
GO:0055020,0
GO:0090268,0
GO:0062231,0
GO:1905765,18
GO:1902159,0
GO:1905823,0
GO:1905704,23
GO:0045932,1
GO:1903181,4
GO:1904266,0
GO:1900221,14
GO:0032535,0
GO:0060420,0
GO:1900125,12
GO:1904520,5
GO:0098913,0
GO:0031918,0
GO:0031446,0
GO:1904278,0
GO:0036323,10
GO:2000128,0
GO:0019220,0
GO:1900046,7
GO:0032101,0
GO:0044779,9
GO:0002710,8
GO:0044337,0
GO:0009386,3
GO:0022400,6
GO:2000546,13
GO:1902031,43
GO:0044485,0
GO:1903500,0
GO:0016239,113
GO:0039672,0
GO:0002884,0
GO:1905031,0
GO:1902994,0
GO:1902183,0
GO:1902725,1
GO:1904199,11
GO:0070934,50
GO:0060995,0
GO:0010710,3
GO:2000211,1
GO:0010985,0
GO:2001112,0
GO:1905898,13
GO:2001263,0
GO:0010688,0
GO:0033083,0
GO:0060636,0
GO:0050730,101
GO:0046328,95
GO:1900938,0
GO:0061126,0
GO:2001268,0
GO:2000212,2
GO:2000909,0
GO:0034169,0
GO:0032949,0
GO:0033089,46
GO:0048687,5
GO:0010937,0
GO:0045225,1
GO:0016480,9
GO:1904573,0
GO:0090310,60
GO:0070881,1
GO:2000089,0
GO:1903021,0
GO:0010720,0
GO:2000626,0
GO:0140766,0
GO:1900185,0
GO:1904267,0
GO:0050748,10
GO:0090038,14
GO:0048832,0
GO:0071622,0
GO:0038105,0
GO:0033249,0
GO:0045677,0
GO:0045981,0
GO:1904892,0
GO:1900260,0
GO:0042659,95
GO:0035357,24
GO:0070481,11
GO:1904074,0
GO:2001028,41
GO:1900154,0
GO:1904810,0
GO:1904994,0
GO:0046627,294
GO:0032950,0
GO:0045882,0
GO:0031337,0
GO:0090100,0
GO:0099178,4
GO:2000777,0
GO:0010104,0
GO:0032649,7
GO:0038043,23
GO:1904752,0
GO:1900696,0
GO:1902019,0
GO:1904394,0
GO:0032379,13
GO:0031049,0
GO:1903450,5
GO:2000020,8
GO:0150116,0
GO:1904626,0
GO:1905428,0
GO:0014861,0
GO:1905707,0
GO:1905699,0
GO:0030307,307
GO:1903025,0
GO:1903784,0
GO:1902986,0
GO:1902166,28
GO:0071927,0
GO:1904095,0
GO:0022407,134
GO:0075252,0
GO:0070452,0
GO:0002631,0
GO:0070098,67
GO:1901246,0
GO:0070240,0
GO:0031571,41
GO:0032926,49
GO:1901211,0
GO:1901525,78
GO:1900686,0
GO:1901077,2
GO:0051280,84
GO:1904253,0
GO:1901301,34
GO:0030812,0
GO:1900299,0
GO:0110084,0
GO:1902941,0
GO:0061931,0
GO:0070805,0
GO:1904368,0
GO:0051057,26
GO:0045652,13
GO:0045720,2
GO:0032072,0
GO:0051443,3
GO:0014722,4
GO:2000658,0
GO:0150127,0
GO:0070858,64
GO:0031551,0
GO:2000181,0
GO:2000087,0
GO:0110137,0
GO:1900054,14
GO:2000964,0
GO:0032103,7
GO:0046644,0
GO:0007563,0
GO:1902734,0
GO:0032489,25
GO:0019722,530
GO:0060143,2
GO:0098696,287
GO:0003265,0
GO:0051050,5
GO:2000645,7
GO:2000952,0
GO:1905000,0
GO:0032092,53
GO:0043943,0
GO:1901212,0
GO:2000864,10
GO:1900048,0
GO:0007249,142
GO:2000967,0
GO:1901141,0
GO:0050672,20
GO:2000655,8
GO:0071880,25
GO:0031958,0
GO:0050684,52
GO:1904909,0
GO:0120303,0
GO:0038034,0
GO:1900825,7
GO:1905650,0
GO:1900184,0
GO:0050794,0
GO:0110117,0
GO:0038123,3
GO:0036494,0
GO:0000436,0
GO:0034104,0
GO:2000834,0
GO:1905810,0
GO:0060407,1
GO:1901976,0
GO:0035607,2
GO:0046646,0
GO:1903224,0
GO:1905215,0
GO:0038084,62
GO:0086101,1
GO:0048692,1
GO:2000913,0
GO:2000874,0
GO:1900701,0
GO:1900835,0
GO:0010831,104
GO:1903979,16
GO:1904572,0
GO:1900729,0
GO:1904703,0
GO:0044760,0
GO:0090367,13
GO:2000457,0
GO:1905589,0
GO:0062229,0
GO:2000995,0
GO:1902176,22
GO:0045592,0
GO:1904531,0
GO:1905747,0
GO:0051466,12
GO:1902753,0
GO:1900193,0
GO:1905322,4
GO:0090340,5
GO:0007639,0
GO:1905664,0
GO:0075287,0
GO:1900847,0
GO:0014736,16
GO:1902564,18
GO:0032972,3
GO:2000016,10
GO:1900090,0
GO:0150066,0
GO:1900732,0
GO:1901800,42
GO:1905169,0
GO:0070785,0
GO:1904513,0
GO:1901298,0
GO:1900312,0
GO:0075194,0
GO:0045997,0
GO:0110107,0
GO:1903488,0
GO:0035023,127
GO:1905883,0
GO:1900710,0
GO:0060148,0
GO:0045687,78
GO:0023052,134
GO:1904507,54
GO:0002848,0
GO:1902219,5
GO:1903831,0
GO:1905920,0
GO:0051987,2
GO:0150189,0
GO:0046626,16
GO:0010980,0
GO:0150141,0
GO:1900901,0
GO:1901401,0
GO:0048345,0
GO:0043400,0
GO:2000926,0
GO:0031637,0
GO:1900056,0
GO:2000756,0
GO:1903451,2
GO:1904304,0
GO:0099152,17
GO:0030073,249
GO:2000029,0
GO:0044879,0
GO:0007621,6
GO:1902801,0
GO:0141111,0
GO:0001963,24
GO:1903077,108
GO:0048861,28
GO:0032231,3
GO:0002690,1
GO:0009890,2
GO:0010593,11
GO:2000720,0
GO:0033634,31
GO:0061187,0
GO:0070107,0
GO:1905444,14
GO:1900074,0
GO:0099072,132
GO:0034170,0
GO:0002799,0
GO:1904248,0
GO:1905321,0
GO:2000400,0
GO:0002875,0
GO:1900208,0
GO:0009748,0
GO:0075254,0
GO:1903780,0
GO:0072696,0
GO:2000316,44
GO:0045700,0
GO:0001803,0
GO:0032413,0
GO:0001936,18
GO:0099170,58
GO:1905064,17
GO:2000958,0
GO:0009939,0
GO:1902533,88
GO:1905939,0
GO:1903272,0
GO:1902425,24
GO:1900925,1
GO:0032278,0
GO:1904685,0
GO:1904244,1
GO:0045089,45
GO:1901845,0
GO:1903126,0
GO:1905434,0
GO:0030162,61
GO:1905813,0
GO:1904336,3
GO:0032753,91
GO:0150072,0
GO:2000352,101
GO:1901670,0
GO:0040034,0
GO:0002823,0
GO:0008591,0
GO:0051250,16
GO:0090336,71
GO:2000990,0
GO:0002700,0
GO:0010718,133
GO:0002626,0
GO:0090329,0
GO:0050708,123
GO:0036417,0
GO:0033123,0
GO:0060967,0
GO:1902659,27
GO:2000754,0
GO:1901464,0
GO:1903975,2
GO:0035723,30
GO:1905061,0
GO:1903818,0
GO:1905489,0
GO:2000458,0
GO:0050821,596
GO:0080091,0
GO:1904291,8
GO:1904060,12
GO:0050776,101
GO:2000515,0
GO:0032064,0
GO:0090383,11
GO:0002850,0
GO:0008277,250
GO:0070368,0
GO:1901543,0
GO:0006956,134
GO:1903317,0
GO:0060156,0
GO:1903338,0
GO:0080164,0
GO:0035556,2206
GO:0045638,46
GO:0010596,58
GO:0042531,121
GO:0044057,0
GO:0034184,38
GO:1905028,0
GO:1902808,19
GO:0006110,60
GO:0033674,8
GO:2001246,20
GO:1904797,0
GO:1905530,0
GO:2000332,0
GO:0038086,0
GO:1902795,0
GO:0106278,0
GO:1904234,0
GO:2000813,88
GO:1903824,0
GO:0045737,27
GO:0071636,5
GO:2001223,74
GO:0043116,79
GO:0106107,0
GO:1905957,0
GO:2000247,0
GO:1903355,0
GO:0051968,199
GO:0060504,0
GO:0033135,56
GO:2000872,3
GO:0034267,0
GO:1905941,0
GO:0042306,49
GO:0035689,0
GO:0032071,8
GO:0033465,0
GO:0090029,0
GO:2000227,0
GO:0046136,0
GO:2000311,70
GO:0022026,0
GO:1904204,0
GO:0050689,4
GO:0007195,12
GO:0006963,0
GO:0003436,0
GO:1900719,0
GO:0032337,0
GO:2000321,8
GO:0048496,203
GO:0150176,0
GO:0032759,20
GO:0030710,0
GO:0032945,23
GO:0010605,0
GO:1903970,0
GO:0003270,35
GO:0045721,71
GO:0050860,139
GO:1902871,0
GO:1904912,0
GO:1901799,15
GO:0003054,0
GO:0060456,0
GO:0034163,0
GO:0140227,0
GO:2000014,0
GO:1905457,0
GO:0038001,32
GO:0070863,30
GO:1903004,0
GO:0046318,0
GO:2000290,0
GO:2000475,0
GO:1904782,44
GO:0090028,0
GO:0032815,23
GO:1900651,0
GO:2000121,38
GO:0003090,0
GO:1904332,0
GO:0002667,4
GO:0099151,74
GO:0090361,8
GO:1902275,64
GO:0046986,0
GO:1904987,0
GO:0035332,29
GO:1990497,0
GO:1903799,28
GO:0062196,12
GO:1905559,0
GO:0097006,11
GO:2000879,0
GO:0045617,14
GO:2001199,5
GO:0038158,7
GO:0043319,0
GO:0042127,498
GO:2001076,0
GO:0010952,30
GO:0009934,0
GO:0010544,23
GO:1900262,0
GO:1900207,0
GO:0003134,0
GO:1902567,18
GO:0002757,0
GO:0048301,0
GO:0002729,41
GO:2000291,25
GO:1901305,0
GO:0010868,8
GO:2000520,0
GO:1901417,0
GO:0034052,0
GO:0010624,0
GO:0045998,0
GO:0098969,15
GO:0032739,3
GO:1901985,28
GO:2000543,5
GO:0010817,72
GO:2000391,73
GO:0051005,3
GO:1905443,9
GO:0002331,61
GO:0061185,0
GO:0002910,0
GO:0042673,0
GO:2001244,80
GO:1903501,0
GO:1902413,0
GO:2000674,0
GO:1900720,0
GO:1905606,123
GO:0002822,0
GO:1902325,0
GO:0052089,0
GO:2000294,0
GO:0043031,23
GO:0045605,1
GO:0035589,13
GO:1905923,0
GO:0034174,0
GO:1902623,0
GO:2000027,0
GO:1903658,0
GO:1900430,0
GO:1903032,0
GO:1902100,0
GO:2000033,0
GO:0070798,0
GO:0010602,0
GO:0032821,0
GO:1900361,0
GO:1901380,130
GO:0014852,0
GO:1905735,0
GO:2000569,0
GO:0043123,692
GO:0042271,4
GO:0150033,18
GO:2000191,1
GO:1905942,0
GO:0120314,0
GO:1903679,3
GO:1902680,3
GO:2000752,0
GO:1905025,0
GO:1905462,0
GO:0048169,88
GO:0050807,215
GO:0007596,182
GO:0038011,0
GO:0090709,0
GO:1904302,0
GO:0002627,0
GO:2000292,0
GO:0048300,0
GO:1903140,38
GO:1904109,7
GO:0090308,10
GO:1900267,0
GO:1905778,0
GO:0051241,2
GO:1990074,14
GO:0010468,1206
GO:2000447,0
GO:0060998,74
GO:0051618,0
GO:1900481,0
GO:0048093,0
GO:1903846,0
GO:0014737,0
GO:1900979,0
GO:1902667,35
GO:1905341,0
GO:0010797,0
GO:0031643,113
GO:0032880,396
GO:1903532,0
GO:1903188,0
GO:1901219,0
GO:0000751,0
GO:2001209,0
GO:1905804,0
GO:1903556,0
GO:0051387,4
GO:0031115,99
GO:0070351,0
GO:0045765,125
GO:0014062,0
GO:0090355,0
GO:1904543,0
GO:0120057,0
GO:0007206,28
GO:2000779,62
GO:0010113,0
GO:2001125,3
GO:0075299,0
GO:0000429,0
GO:2000978,0
GO:1904904,0
GO:0050849,20
GO:0070130,9
GO:0000294,0
GO:1905959,0
GO:0090297,3
GO:1902099,0
GO:1903465,2
GO:0062212,0
GO:0031641,155
GO:0141010,0
GO:0075250,0
GO:0099585,0
GO:0014013,3
GO:0044774,0
GO:0006703,20
GO:1905259,2
GO:0007190,11
GO:1905629,0
GO:0060298,19
GO:0035360,40
GO:1900332,0
GO:0034167,0
GO:1900036,0
GO:2001106,0
GO:2000024,0
GO:1901249,6
GO:0044507,0
GO:0031449,0
GO:2000604,0
GO:0060552,0
GO:1903951,0
GO:0032970,14
GO:0097720,34
GO:0070950,0
GO:0090372,0
GO:1903623,0
GO:0010482,24
GO:1903910,0
GO:0032916,7
GO:0000961,13
GO:0099155,0
GO:1901548,0
GO:1902721,0
GO:0002897,20
GO:0038041,0
GO:0043396,0
GO:0061592,0
GO:0070965,1
GO:0030836,12
GO:0071642,1
GO:1903519,0
GO:0043465,0
GO:0070091,0
GO:2000383,0
GO:0008348,0
GO:1904268,21
GO:1901318,0
GO:0045842,31
GO:0045945,86
GO:1902565,0
GO:2000076,0
GO:1904298,0
GO:0044088,0
GO:0042985,4
GO:1902233,49
GO:0061635,76
GO:0010828,44
GO:0060468,23
GO:0050675,0
GO:0099550,0
GO:0045886,20
GO:2000589,0
GO:0051129,0
GO:0010667,163
GO:0061172,14
GO:1902020,0
GO:2000613,0
GO:0070426,0
GO:1905343,0
GO:0032892,5
GO:0070092,6
GO:1900103,25
GO:0034156,0
GO:0045590,3
GO:0048260,270
GO:1900084,0
GO:0032758,0
GO:0120214,0
GO:0042322,0
GO:0031620,5
GO:1903432,30
GO:0031137,0
GO:0098874,0
GO:1904726,0
GO:1905943,0
GO:1901623,5
GO:0032689,89
GO:1900884,0
GO:0060816,52
GO:0060284,8
GO:0008217,253
GO:1900841,0
GO:2000947,0
GO:0032718,0
GO:1901317,4
GO:1904216,0
GO:0002838,1
GO:1904718,0
GO:1905244,16
GO:1904034,0
GO:1901455,0
GO:0006109,16
GO:1902551,0
GO:0044070,2
GO:2000068,0
GO:0036337,28
GO:0043267,6
GO:0099526,120
GO:2000722,0
GO:1903523,13
GO:0040026,0
GO:0106015,18
GO:0060621,0
GO:2001025,30
GO:0038169,0
GO:0002668,1
GO:1904424,0
GO:2000276,1
GO:2000966,0
GO:1905826,0
GO:0043315,15
GO:1901673,70
GO:0006719,0
GO:0140199,0
GO:0002609,0
GO:1900318,0
GO:0007204,464
GO:0032485,6
GO:2001204,2
GO:0120033,0
GO:2000267,0
GO:0045822,12
GO:0033326,11
GO:0010592,87
GO:0014882,0
GO:1900497,0
GO:1903872,0
GO:0043313,0
GO:0086029,22
GO:0006705,0
GO:1905557,0
GO:0062084,0
GO:0034181,0
GO:0060212,0
GO:0010609,4
GO:0035791,9
GO:2001239,2
GO:0075290,0
GO:2000944,0
GO:2000627,4
GO:0030841,0
GO:2000156,0
GO:1904414,19
GO:0071042,11
GO:0030948,42
GO:1905505,0
GO:1903847,0
GO:2000791,7
GO:0036482,0
GO:0050945,0
GO:0007193,182
GO:0051461,10
GO:1905789,0
GO:0150067,0
GO:1900712,0
GO:0007042,26
GO:0071639,11
GO:0031294,0
GO:0070317,0
GO:0045651,47
GO:1901671,0
GO:2000707,0
GO:0046890,45
GO:1903898,1
GO:1903708,0
GO:0042323,12
GO:1904087,0
GO:1905833,7
GO:1902870,17
GO:0051971,32
GO:1905931,8
GO:2000429,0
GO:0019229,38
GO:1904177,1
GO:0048585,0
GO:0046596,115
GO:0071928,0
GO:0120163,196
GO:0051952,0
GO:0045833,3
GO:0002618,0
GO:1900489,0
GO:0046831,25
GO:0002808,0
GO:1902156,0
GO:1901036,0
GO:1904708,10
GO:0010803,11
GO:0098976,77
GO:1901836,0
GO:0010967,0
GO:0048817,0
GO:0051094,38
GO:0002828,0
GO:0075019,0
GO:1900837,0
GO:0090070,0
GO:0040033,0
