GO Term,Number of Entries
GO:0045200,6
GO:0034154,19
GO:0070468,0
GO:0019455,0
GO:0042953,108
GO:0045341,0
GO:1900876,0
GO:0038066,59
GO:1900682,0
GO:0032294,0
GO:1905093,0
GO:0046381,1
GO:0009585,1
GO:0002753,100
GO:0072584,12
GO:0006677,2
GO:0140623,0
GO:0002419,8
GO:0010134,0
GO:0007252,0
GO:0019491,0
GO:0034551,10
GO:0097385,0
GO:0043490,32
GO:0036162,0
GO:0097531,11
GO:0006536,39
GO:0009083,51
GO:0031098,71
GO:0070630,0
GO:0007394,0
GO:0007009,204
GO:1903830,40
GO:0061856,0
GO:0034461,0
GO:0038202,49
GO:1903184,0
GO:0150021,0
GO:0002516,0
GO:0003249,0
GO:0106297,0
GO:0010189,1
GO:0002183,54
GO:0052710,0
GO:0003369,0
GO:0033481,0
GO:1900800,0
GO:0051260,493
GO:0072631,0
GO:0071243,3
GO:0015789,1
GO:0046947,4
GO:0070586,0
GO:0002503,11
GO:0021973,0
GO:0140141,3
GO:0072356,0
GO:0060684,8
GO:0006277,0
GO:0034080,65
GO:0099049,22
GO:0160030,0
GO:1901653,57
GO:1902407,0
GO:1905308,0
GO:0060690,4
GO:0033209,161
GO:0006623,81
GO:1905004,0
GO:0019484,0
GO:0061341,0
GO:0009852,0
GO:0036395,0
GO:0035791,9
GO:0072399,0
GO:0060683,0
GO:0046368,2
GO:0019586,0
GO:0009662,0
GO:0098742,150
GO:0033495,0
GO:0019652,0
GO:0021521,0
GO:0071853,0
GO:0019878,7
GO:0043312,22
GO:0071219,11
GO:0009064,0
GO:0044593,0
GO:0110010,55
GO:0061159,34
GO:0038137,0
GO:0060518,0
GO:0150022,0
GO:0048759,0
GO:0002300,0
GO:0072144,35
GO:0070676,1
GO:1990949,0
GO:0048533,0
GO:1903811,5
GO:0010585,5
GO:0051684,30
GO:0036089,21
GO:0046433,0
GO:0080024,0
GO:0043622,10
GO:1900881,0
GO:0002369,0
GO:0001402,0
GO:0007207,153
GO:0036101,48
GO:0046376,0
GO:0038192,10
GO:0022016,0
GO:1902382,0
GO:0070831,32
GO:0007065,16
GO:0000056,2
GO:1990009,11
GO:0072110,0
GO:1901910,0
GO:0007305,0
GO:0007034,17
GO:0050852,403
GO:0015941,0
GO:0071973,0
GO:0036115,1
GO:0002030,0
GO:0006276,0
GO:0030253,0
GO:0022618,10
GO:0140569,6
GO:0060563,17
GO:0005977,233
GO:0048011,45
GO:0072402,0
GO:0046003,0
GO:0060183,0
GO:0080064,0
GO:0021805,0
GO:1901819,0
GO:1903714,0
GO:0006361,23
GO:0007425,0
GO:0061536,0
GO:0070585,47
GO:0009903,0
GO:0003276,0
GO:0051228,7
GO:0009559,0
GO:0000162,0
GO:0071764,0
GO:0034625,14
GO:0045161,80
GO:0002548,48
GO:0019240,1
GO:0061245,0
GO:0072147,0
GO:1904447,20
GO:0014031,36
GO:0060608,0
GO:0072715,0
GO:0000433,0
GO:0033687,14
GO:0044806,16
GO:0060333,31
GO:0003296,0
GO:0015904,0
GO:1900576,0
GO:0098968,5
GO:0036114,22
GO:0005980,71
GO:0042206,0
GO:1903413,8
GO:0062191,0
GO:0009759,0
GO:0043297,71
GO:0046710,38
GO:0045037,0
GO:0033385,0
GO:0060837,22
GO:0052646,0
GO:0018903,0
GO:1904107,0
GO:0009829,0
GO:0061780,3
GO:0019263,0
GO:0061644,1
GO:0033260,0
GO:0006753,2
GO:0035984,1
GO:0006163,76
GO:1990548,0
GO:0099074,17
GO:1901795,0
GO:0071248,3
GO:1903193,0
GO:0090495,0
GO:0044566,0
GO:0051641,346
GO:0002368,0
GO:0019344,11
GO:0052696,0
GO:0097551,0
GO:0032509,19
GO:0007403,11
GO:0071290,0
GO:0043705,0
GO:0007212,62
GO:0071230,233
GO:0046167,17
GO:1902760,0
GO:0090388,0
GO:0046450,0
GO:1904824,0
GO:0006611,161
GO:0009250,0
GO:0070942,0
GO:0072682,0
GO:0009657,0
GO:0034195,0
GO:1901245,0
GO:1902246,0
GO:0033541,0
GO:0071577,116
GO:1901823,0
GO:0046397,0
GO:1901788,0
GO:0032624,0
GO:0006120,31
GO:0010623,2
GO:0035744,0
GO:1990789,0
GO:0055047,0
GO:0072159,0
GO:0071390,0
GO:0019985,48
GO:0032762,0
GO:0003337,3
GO:1904823,23
GO:0061254,0
GO:0016557,0
GO:0051659,0
GO:0009765,0
GO:0009745,0
GO:0070662,25
GO:0030263,25
GO:0042374,0
GO:0099590,49
GO:0033327,19
GO:0007495,0
GO:0031959,6
GO:0120268,0
GO:0051923,31
GO:0009208,0
GO:0051231,1
GO:0071785,0
GO:0006930,14
GO:0006385,0
GO:0039690,0
GO:0032532,16
GO:0035644,16
GO:0060816,52
GO:0060010,3
GO:0051298,84
GO:0009423,0
GO:0044272,9
GO:0044399,0
GO:0044273,0
GO:0019991,0
GO:0006183,65
GO:0061763,1
GO:0021893,0
GO:0046341,2
GO:0060781,0
GO:0033606,0
GO:1990114,0
GO:0061938,0
GO:0110069,0
GO:0035026,14
GO:0051334,0
GO:0061252,0
GO:0061515,2
GO:0140060,0
GO:0072660,11
GO:0006565,34
GO:0035185,0
GO:0097688,0
GO:0006793,0
GO:0019252,0
GO:0033482,0
GO:0032626,0
GO:0061351,168
GO:0072745,0
GO:0001769,0
GO:0071727,0
GO:0019666,0
GO:0009685,0
GO:0031022,149
GO:1904962,0
GO:0010657,7
GO:0072479,0
GO:0031468,14
GO:0007414,0
GO:0014046,12
GO:0009156,0
GO:0070198,12
GO:0000082,159
GO:1901865,0
GO:0010780,0
GO:1901746,0
GO:0044337,0
GO:0016482,4
GO:0031929,134
GO:0140730,0
GO:0007234,0
GO:1900811,0
GO:0072497,0
GO:0071550,8
GO:1902348,0
GO:0051764,60
GO:0006123,13
GO:1901940,0
GO:0009137,0
GO:0099552,0
GO:0034394,180
GO:1904557,0
GO:0010264,0
GO:0061109,0
GO:0061443,0
GO:0060505,0
GO:0099586,0
GO:0071471,0
GO:0043652,113
GO:0050667,65
GO:0019280,0
GO:0042194,0
GO:0061523,23
GO:0045456,0
GO:1904518,5
GO:0140528,0
GO:0048292,0
GO:0006415,19
GO:0061516,0
GO:0097474,0
GO:0097355,1
GO:0120312,0
GO:0072112,24
GO:0072246,0
GO:0033543,0
GO:0110140,0
GO:0010138,0
GO:1990852,0
GO:0035445,0
GO:0030723,0
GO:0007217,2
GO:0010352,0
GO:0022417,10
GO:0021863,0
GO:0061794,0
GO:1901086,16
GO:0072759,0
GO:0019287,8
GO:1901854,0
GO:0046511,3
GO:0072209,0
GO:0099517,0
GO:0070982,0
GO:0006708,0
GO:0099548,0
GO:0035079,0
GO:0019485,0
GO:0035740,0
GO:1900874,0
GO:0071514,40
GO:0014714,0
GO:0140709,0
GO:0072677,4
GO:0061729,0
GO:1990046,0
GO:1990127,0
GO:0098506,0
GO:0097062,73
GO:0071786,15
GO:0046438,0
GO:0007415,0
GO:0071393,88
GO:1904551,0
GO:0048891,0
GO:0051012,21
GO:0032286,9
GO:0140114,0
GO:0090168,45
GO:0140915,28
GO:0006880,4
GO:0030866,112
GO:0002272,0
GO:1903213,0
GO:0160127,0
GO:0001080,0
GO:1901866,0
GO:0014716,0
GO:1904902,0
GO:0051792,23
GO:0015961,0
GO:0046517,0
GO:1901110,0
GO:0000713,0
GO:1904148,0
GO:0033468,0
GO:0072627,0
GO:0001711,26
GO:0038136,0
GO:0001765,32
GO:0003362,0
GO:0021710,0
GO:1904652,0
GO:0018978,0
GO:0035433,0
GO:0042256,12
GO:0060988,4
GO:0072203,0
GO:0043182,0
GO:0042821,0
GO:0002063,48
GO:0031547,20
GO:0015962,0
GO:0034330,0
GO:0030258,17
GO:0055014,0
GO:0022620,0
GO:0009097,17
GO:0019555,0
GO:0051664,8
GO:0016143,0
GO:0060722,4
GO:0010111,0
GO:0061670,0
GO:0045047,13
GO:0035858,0
GO:0006978,26
GO:0098886,17
GO:0007409,796
GO:1901821,0
GO:1990349,3
GO:2001309,0
GO:0009132,0
GO:0061541,0
GO:1903192,0
GO:0009062,53
GO:0060644,40
GO:0009557,0
GO:0009181,20
GO:0019337,0
GO:0070690,0
GO:0033517,0
GO:0010027,0
GO:0019362,0
GO:0000028,25
GO:0006689,17
GO:0019283,0
GO:0035773,93
GO:0032482,14
GO:1990559,1
GO:0019374,0
GO:0150008,0
GO:0046704,0
GO:0000271,51
GO:0097390,0
GO:0046701,0
GO:0035788,7
GO:0033366,1
GO:0140028,0
GO:0097279,3
GO:0002275,0
GO:0061142,0
GO:0042672,0
GO:0009291,0
GO:0097238,0
GO:0044770,18
GO:0016107,0
GO:0014029,51
GO:0018928,0
GO:0046513,113
GO:0000432,22
GO:0021933,0
GO:0097173,0
GO:0140896,0
GO:0030437,0
GO:0060218,44
GO:0046417,0
GO:0061534,11
GO:0021955,50
GO:1901811,0
GO:0022009,3
GO:0060285,49
GO:0033388,0
GO:0009135,0
GO:0061910,4
GO:0006909,281
GO:0018945,0
GO:0007080,64
GO:0035695,0
GO:0010234,0
GO:0070596,0
GO:0015699,0
GO:0019411,0
GO:0043611,0
GO:0019090,0
GO:0031161,35
GO:0019646,9
GO:1990166,52
GO:0060404,2
GO:0001539,0
GO:0089709,0
GO:0042316,0
GO:1902709,0
GO:0018890,0
GO:0099638,43
GO:0021946,0
GO:0000920,0
GO:0002332,0
GO:0033528,0
GO:0098887,51
GO:0030497,47
GO:0043094,0
GO:0042396,0
GO:0006997,115
GO:0035704,0
GO:0086065,21
GO:0090604,0
GO:0070727,0
GO:0009876,0
GO:0097035,25
GO:0048343,9
GO:0071465,0
GO:0002338,0
GO:0043354,0
GO:0034491,0
GO:0086026,0
GO:0061203,0
GO:0021708,0
GO:1902558,0
GO:0034372,11
GO:1903863,0
GO:0035721,121
GO:0060894,0
GO:0016559,46
GO:0006747,2
GO:0046068,16
GO:0090650,21
GO:1903009,0
GO:0046251,0
GO:0016054,0
GO:0009994,31
GO:0071392,125
GO:0072444,0
GO:0072665,0
GO:0006638,40
GO:0061833,28
GO:0036179,3
GO:0035863,0
GO:0071562,0
GO:0021861,22
GO:0019289,0
GO:0036292,28
GO:0061537,0
GO:0019667,0
GO:0090407,0
GO:0002552,24
GO:0072143,0
GO:0099641,135
GO:0001773,36
GO:0038189,8
GO:0070574,49
GO:0034976,246
GO:0097089,7
GO:0060943,0
GO:0001923,0
GO:0062139,0
GO:0008628,29
GO:0043612,0
GO:0016487,0
GO:0035027,0
GO:0180023,0
GO:0043386,0
GO:0019331,0
GO:0034146,0
GO:1901701,0
GO:0043703,0
GO:0071681,32
GO:0000321,0
GO:0032600,0
GO:0061625,4
GO:0009865,0
GO:0090138,13
GO:0061005,16
GO:0060020,46
GO:0048206,0
GO:0001081,0
GO:0038133,60
GO:0061721,0
GO:0018899,0
GO:0060842,35
GO:0021833,0
GO:0006352,59
GO:0006886,1081
GO:1990832,0
GO:0044878,0
GO:1902299,0
GO:0046064,0
GO:0032596,0
GO:0042790,10
GO:1902358,66
GO:0072566,0
GO:0044814,0
GO:0044862,0
GO:0042121,0
GO:0070342,0
GO:0044819,0
GO:0015745,0
GO:0016310,3779
GO:0034058,15
GO:0046036,2
GO:1900816,0
GO:0035665,0
GO:0042074,17
GO:0006683,4
GO:0042491,181
GO:0009184,0
GO:0044458,122
GO:0045451,0
GO:1901684,3
GO:1905782,0
GO:0006641,155
GO:0098709,0
GO:0060953,0
GO:1990947,0
GO:0033631,4
GO:0099540,0
GO:0009157,19
GO:0009696,0
GO:0140779,0
GO:0007141,110
GO:0043107,0
GO:0036001,0
GO:0021977,0
GO:0000951,0
GO:0042217,0
GO:1905229,7
GO:0048908,0
GO:0009293,0
GO:0070528,98
GO:0061453,0
GO:0051078,0
GO:0046518,0
GO:0098970,81
GO:0046707,0
GO:0014901,22
GO:0098724,0
GO:0018886,0
GO:0048348,0
GO:0061782,0
GO:0019609,0
GO:0000349,19
GO:0032924,35
GO:0062031,0
GO:0034769,2
GO:0035154,0
GO:0046416,0
GO:0140676,0
GO:0006655,2
GO:0071477,15
GO:0035990,5
GO:0006665,158
GO:0045033,0
GO:0099191,0
GO:0046182,0
GO:0006605,230
GO:0090514,0
GO:0010350,0
GO:0060646,0
GO:0048629,0
GO:0043108,0
GO:0097267,12
GO:0010818,87
GO:1901005,0
GO:0099075,0
GO:0006983,36
GO:0060574,7
GO:0061381,0
GO:0046594,0
GO:0030213,42
GO:0045040,16
GO:1901820,0
GO:0048767,0
GO:0019853,36
GO:0006254,2
GO:0140484,0
GO:0051121,0
GO:1904275,0
GO:0019371,2
GO:0090144,1
GO:1901025,0
GO:0035743,0
GO:1990818,0
GO:0048198,0
GO:0140642,0
GO:0032869,466
GO:1905218,0
GO:0060853,0
GO:1904158,73
GO:1900763,0
GO:0060831,83
GO:0007315,0
GO:0060115,0
GO:0000912,0
GO:0060980,3
GO:0019543,10
GO:1901816,0
GO:0016106,0
GO:1904238,42
GO:2001059,0
GO:0009769,0
GO:1902777,0
GO:0038035,0
GO:0019248,0
GO:0032984,26
GO:0006561,1
GO:1903805,0
GO:0033394,0
GO:0034170,0
GO:0018979,1
GO:0070460,16
GO:0062120,0
GO:0009196,0
GO:0009261,0
GO:0070987,13
GO:1990396,0
GO:0021869,18
GO:1901642,23
GO:0038178,17
GO:0042352,2
GO:0019373,155
GO:0043466,0
GO:0035771,19
GO:0007210,1
GO:0061271,0
GO:0003199,6
GO:0046874,0
GO:0043248,17
GO:0045150,0
GO:0086071,0
GO:0071368,0
GO:0044671,0
GO:0051131,18
GO:0015860,23
GO:0042772,0
GO:0014905,56
GO:0019348,7
GO:1903713,0
GO:0019392,0
GO:0060743,10
GO:1904642,0
GO:0034130,0
GO:0090204,17
GO:1990709,0
GO:0033108,12
GO:0019550,5
GO:1902056,0
GO:0052702,0
GO:0141201,0
GO:0008207,42
GO:0160075,9
GO:0042551,41
GO:0033866,0
GO:0032979,1
GO:0071285,53
GO:0071305,15
GO:0099612,27
GO:0002310,0
GO:0140202,0
GO:0035709,3
GO:0044859,0
GO:1904561,0
GO:1901773,0
GO:0120317,9
GO:0052574,0
GO:0101024,0
GO:0043217,5
GO:0017126,0
GO:0016340,74
GO:0120192,105
GO:0042777,0
GO:0003200,0
GO:0098961,0
GO:0032197,13
GO:0032985,0
GO:0140116,0
GO:0006932,0
GO:0071925,0
GO:0048774,0
GO:0051550,0
GO:0140009,7
GO:1905371,0
GO:1901887,0
GO:1901937,0
GO:0021965,37
GO:0043450,0
GO:0002363,8
GO:0060890,0
GO:0019418,0
GO:0008038,13
GO:0030714,0
GO:1990687,0
GO:0003425,0
GO:0006559,16
GO:0099585,0
GO:0009292,0
GO:0038010,0
GO:1901792,0
GO:0042199,0
GO:0035677,0
GO:0042770,103
GO:1990646,14
GO:0061049,77
GO:0045132,7
GO:0072564,0
GO:0021888,0
GO:0003322,0
GO:0051259,66
GO:0038195,0
GO:0036323,10
GO:0019636,0
GO:0010055,0
GO:0140112,1
GO:0098792,22
GO:0007602,21
GO:0061722,0
GO:0019545,0
GO:0060718,2
GO:0099549,0
GO:0035382,0
GO:0030393,0
GO:0016189,2
GO:0019489,0
GO:1902896,8
GO:0071490,0
GO:0032264,3
GO:0030211,4
GO:0010377,0
GO:1902977,3
GO:0006610,9
GO:0038089,5
GO:0097624,0
GO:0043644,0
GO:0019676,0
GO:0140113,0
GO:0061684,42
GO:0140876,0
GO:0006617,3
GO:0106295,0
GO:0071549,184
GO:0062111,28
GO:0006636,29
GO:0034498,66
GO:0009694,0
GO:2001314,0
GO:0086042,0
GO:0001015,0
GO:0140380,0
GO:0106030,4
GO:0048664,12
GO:0006269,12
GO:0055013,440
GO:0006412,573
GO:0045199,22
GO:0048252,22
GO:0060886,0
GO:0099500,0
GO:1902243,0
GO:0051202,0
GO:0090391,0
GO:0052645,0
GO:0019687,0
GO:0086053,8
GO:1905517,29
GO:0060009,34
GO:0036257,15
GO:0090307,82
GO:0071258,3
GO:0014017,0
GO:1904981,0
GO:0035604,0
GO:0035162,38
GO:0018935,0
GO:0070197,32
GO:0098659,21
GO:0090149,8
GO:0045054,3
GO:0033506,0
GO:0007167,38
GO:0071245,0
GO:0044726,15
GO:0002316,1
GO:0019358,0
GO:0006283,9
GO:0009988,93
GO:0071449,0
GO:0043277,56
GO:0016346,0
GO:0006018,0
GO:0062234,0
GO:0060931,1
GO:0072007,0
GO:0007306,0
GO:0006055,0
GO:0048009,153
GO:0072262,4
GO:1905719,37
GO:0034614,252
GO:0021531,0
GO:0048354,0
GO:0061208,0
GO:1902985,0
GO:0060305,4
GO:1902774,6
GO:0048790,160
GO:0061246,0
GO:0110012,2
GO:0021938,0
GO:0051204,0
GO:1901950,0
GO:0090399,126
GO:0035780,0
GO:1902408,0
GO:0051716,44
GO:1902637,0
GO:2001131,0
GO:0035378,0
GO:0009081,1
GO:0071525,0
GO:0046360,0
GO:0046004,0
GO:0006606,389
GO:0046454,0
GO:0071434,0
GO:0090389,2
GO:0019332,0
GO:0093001,2
GO:0046436,0
GO:0060521,0
GO:0033693,1
GO:0097350,14
GO:0071386,0
GO:0061316,0
GO:0042158,15
GO:1903512,1
GO:0000354,0
GO:0061952,6
GO:0038169,0
GO:0034454,51
GO:0000390,32
GO:0019697,0
GO:0032053,62
GO:0031271,0
GO:0097577,2
GO:0007215,19
GO:0030865,17
GO:0018106,0
GO:0030224,90
GO:0009695,0
GO:0061450,34
GO:0030329,0
GO:0048673,0
GO:0042244,0
GO:0003255,0
GO:0061704,0
GO:0061724,8
GO:0036471,2
GO:0032130,0
GO:0032200,0
GO:0007271,63
GO:0072330,0
GO:0008298,20
GO:0002078,0
GO:0060573,0
GO:0072327,0
GO:0015787,1
GO:0006249,29
GO:0010654,0
GO:0009298,16
GO:0097535,8
GO:1900802,0
GO:0097484,47
GO:0019541,0
GO:0086027,14
GO:0000917,1
GO:0099403,0
GO:0015975,0
GO:0015937,64
GO:0032801,101
GO:0061590,84
GO:0140450,0
GO:0002292,23
GO:0098545,0
GO:0060220,0
GO:0044872,0
GO:0009663,0
GO:0097155,6
GO:0000032,0
GO:0030264,0
GO:0061255,0
GO:0019542,42
GO:0030252,16
GO:0036235,0
GO:1901280,0
GO:0045772,0
GO:0007263,25
GO:0050992,2
GO:0141068,33
GO:0022020,0
GO:0003418,6
GO:0090557,71
GO:0006221,0
GO:0019659,0
GO:0033472,0
GO:0000972,20
GO:0015966,9
GO:0036183,0
GO:0009773,0
GO:0061057,0
GO:0071823,0
GO:2001115,0
GO:0007160,594
GO:0021961,0
GO:0010118,0
GO:0034375,44
GO:0101023,0
GO:0140454,0
GO:0090454,0
GO:1903352,7
GO:0070136,0
GO:0009176,0
GO:0018905,0
GO:0006719,0
GO:0061580,6
GO:0007339,102
GO:0006709,7
GO:1904862,60
GO:0090668,0
GO:1904159,0
GO:0140239,0
GO:1901793,0
GO:0061239,0
GO:0009243,0
GO:0140493,17
GO:1903843,0
GO:0046902,18
GO:1902635,11
GO:0019502,0
GO:0016332,7
GO:0000350,2
GO:0043573,0
GO:0071834,0
GO:1901787,4
GO:1902609,0
GO:1901293,0
GO:0010120,0
GO:0003273,44
GO:0060830,0
GO:1900769,0
GO:0072325,0
GO:0071498,81
GO:0046451,0
GO:1903447,0
GO:0035691,0
GO:1903457,0
GO:0071205,56
GO:0046323,63
GO:0035029,0
GO:0014909,20
GO:0038092,10
GO:0032366,37
GO:0019508,0
GO:0046394,0
GO:0046357,0
GO:0110088,6
GO:0060930,0
GO:0099550,0
GO:0006103,33
GO:0000422,45
GO:0072482,0
GO:1902906,0
GO:0043335,10
GO:0060802,0
GO:0061565,0
GO:0034627,0
GO:0006188,2
GO:0051122,42
GO:0042098,124
GO:0075512,0
GO:0061442,0
GO:0019094,0
GO:2001283,0
GO:0071870,17
GO:1901054,0
GO:0098917,0
GO:0030206,75
GO:0051791,11
GO:0033586,0
GO:0071594,0
GO:0006644,134
GO:0019408,1
GO:0036035,33
GO:0003292,0
GO:0060396,16
GO:0006897,1269
GO:0002772,0
GO:1902357,0
GO:0017156,216
GO:0140873,0
GO:0071880,25
GO:0032630,0
GO:0021813,0
GO:0033465,0
GO:0046031,4
GO:0007144,34
GO:0006530,0
GO:0070887,55
GO:0042250,0
GO:0045038,0
GO:0098714,0
GO:0042699,5
GO:0071978,0
GO:0051170,26
GO:0046398,20
GO:0034356,0
GO:0016973,67
GO:0000424,0
GO:0009204,0
GO:0061820,62
GO:1904401,1
GO:0099636,0
GO:1904271,6
GO:0035351,21
GO:1905372,0
GO:0052697,9
GO:0061457,0
GO:0038170,25
GO:2001127,0
GO:0106296,0
GO:1902634,0
GO:0099109,1
GO:0000492,14
GO:0000348,5
GO:0045046,3
GO:0072155,0
GO:0035937,0
GO:0008283,1021
GO:0021924,0
GO:0098916,0
GO:0070199,0
GO:0140898,0
GO:0042201,0
GO:0021981,0
GO:1901789,0
GO:0072530,0
GO:0002319,0
GO:1905199,8
GO:0014044,155
GO:0036148,0
GO:0046651,39
GO:0032392,13
GO:0002329,8
GO:0030035,20
GO:0080147,0
GO:0019376,5
GO:0046168,3
GO:0070493,32
GO:0106081,0
GO:0006167,9
GO:0002361,0
GO:0070583,0
GO:0046041,2
GO:0006113,0
GO:0050674,0
GO:0071294,67
GO:1903075,0
GO:0019633,0
GO:1901870,0
GO:0035708,0
GO:1902383,0
GO:0019657,0
GO:0036460,0
GO:0044774,0
GO:0030222,12
GO:1990408,28
GO:1905351,0
GO:0099024,0
GO:1904011,0
GO:1903554,0
GO:0021843,0
GO:1990180,0
GO:0015679,11
GO:0015749,4
GO:0045217,14
GO:1903831,0
GO:1902189,0
GO:0016321,7
GO:0033353,4
GO:0009231,0
GO:0099185,1
GO:0009215,0
GO:0016036,35
GO:0008347,39
GO:0002285,0
GO:0097411,7
GO:0009140,0
GO:1904491,86
GO:1901752,0
GO:0002076,58
GO:0007269,191
GO:0006119,34
GO:0042863,0
GO:0001783,17
GO:0030208,13
GO:0039640,0
GO:0001887,3
GO:0051651,6
GO:0002322,19
GO:1990751,0
GO:1902776,0
GO:0045063,57
GO:0010619,0
GO:0019647,0
GO:0060530,0
GO:1990878,3
GO:0007266,480
GO:0009827,0
GO:0046467,0
GO:0010430,11
GO:0097111,9
GO:0097069,2
GO:0061485,13
GO:0071265,0
GO:0042700,3
GO:1901282,0
GO:0090510,0
GO:0034446,342
GO:0055004,0
GO:0071251,0
GO:0036135,11
GO:0046054,30
GO:0016260,1
GO:0050936,0
GO:0030046,0
GO:0046188,0
GO:0061250,0
GO:0046292,7
GO:0046048,0
GO:0042759,29
GO:0006201,0
GO:0019637,0
GO:1901802,0
GO:0044206,9
GO:0071267,3
GO:1990145,2
GO:0010796,2
GO:0071924,0
GO:0038119,0
GO:0062170,0
GO:0003391,0
GO:0046295,2
GO:0099153,0
GO:0034638,43
GO:0048657,0
GO:0007232,0
GO:0002276,4
GO:0007199,10
GO:0021949,0
GO:0071224,14
GO:0015979,0
GO:0061564,93
GO:0007076,44
GO:0032837,0
GO:0009146,0
GO:0033584,0
GO:0160119,0
GO:1902384,0
GO:0048041,123
GO:0006244,0
GO:0071311,0
GO:1900814,0
GO:0003325,0
GO:0018984,0
GO:0038156,23
GO:0051309,9
GO:1990892,0
GO:0035720,60
GO:0010182,0
GO:0099069,0
GO:0097402,4
GO:0030954,6
GO:0071921,0
GO:0042376,0
GO:0036285,2
GO:0036160,0
GO:0071604,15
GO:1902759,0
GO:0060317,52
GO:0006408,6
GO:1902989,0
GO:0060809,0
GO:0008219,0
GO:0036444,65
GO:0019382,0
GO:0086028,0
GO:0071827,0
GO:0061582,10
GO:0007077,0
GO:0038002,0
GO:0019599,0
GO:0006751,15
GO:0048491,0
GO:1902195,0
GO:0106091,5
GO:0044843,19
GO:0016063,0
GO:0090408,0
GO:0061567,0
GO:0072251,0
GO:1901932,0
GO:0140582,0
GO:0080171,0
GO:0015762,0
GO:0046399,0
GO:0051457,43
GO:0052316,0
GO:0071464,70
GO:0070358,19
GO:0051230,0
GO:0039688,0
GO:0007098,217
GO:0170006,0
GO:0097750,9
GO:0034109,74
GO:0090601,0
GO:0033367,0
GO:0042758,18
GO:0021837,2
GO:0048308,0
GO:1990810,0
GO:0021533,0
GO:1901813,0
GO:1901706,0
GO:0072260,0
GO:0098925,4
GO:0002336,0
GO:0033275,0
GO:1990656,0
GO:0036300,0
GO:0060640,0
GO:0070370,1
GO:1901848,0
GO:0009396,10
GO:1901281,0
GO:1900633,0
GO:0055001,128
GO:0006413,111
GO:0065004,28
GO:0034755,57
GO:0046359,4
GO:0035646,56
GO:0006335,26
GO:0006245,0
GO:0019720,0
GO:0170037,0
GO:1904982,0
GO:0051639,50
GO:0051542,0
GO:0030417,0
GO:0035426,11
GO:0071328,0
GO:0019677,5
GO:0003398,0
GO:0019744,0
GO:0071872,114
GO:0062196,12
GO:0048240,68
GO:1904738,13
GO:0019655,0
GO:0097700,0
GO:0061264,0
GO:0007287,0
GO:1901782,0
GO:0070427,26
GO:0016056,1
GO:0045444,324
GO:0071415,26
GO:0030221,2
GO:0090638,0
GO:0001111,10
GO:0006631,711
GO:0071326,0
GO:0001766,17
GO:0034150,0
GO:0019458,0
GO:0009144,0
GO:0021755,0
GO:0036181,0
GO:0060984,0
GO:0034337,10
GO:0071280,53
GO:0003305,0
GO:0060395,110
GO:0035933,0
GO:1901818,0
GO:0071218,32
GO:0038112,0
GO:0110072,0
GO:0060983,0
GO:0060217,2
GO:0032325,0
GO:0044598,24
GO:0061446,0
GO:0120306,0
GO:0071216,0
GO:1905583,0
GO:0016320,0
GO:0051763,0
GO:0071239,0
GO:0002320,2
GO:1902356,0
GO:0072334,5
GO:0021884,13
GO:1902242,0
GO:0098534,27
GO:0033467,0
GO:0072162,16
GO:0070782,81
GO:0009443,2
GO:0010481,0
GO:0021534,7
GO:0043692,0
GO:0015953,0
GO:1903476,0
GO:0062163,0
GO:0032288,31
GO:0002775,0
GO:1903558,0
GO:0001573,6
GO:1902441,0
GO:0046548,165
GO:0036529,0
GO:0070285,8
GO:0051017,131
GO:0046459,0
GO:0141194,0
GO:0014009,144
GO:1901540,0
GO:1990139,0
GO:0007229,490
GO:0099628,0
GO:0090158,32
GO:0060057,14
GO:0035999,126
GO:1902200,0
GO:0080003,0
GO:0007192,1
GO:0051276,241
GO:0099088,0
GO:0061471,0
GO:0042866,21
GO:0060561,31
GO:0060825,0
GO:0006913,254
GO:0015950,0
GO:0045458,0
GO:1903394,7
GO:0071268,0
GO:0072670,0
GO:0010443,0
GO:0090455,0
GO:0023035,25
GO:0021895,12
GO:0060097,0
GO:0141168,0
GO:0090657,13
GO:0072255,0
GO:0019380,0
GO:0032623,0
GO:0065002,15
GO:0035443,0
GO:0120145,0
GO:0038145,2
GO:0046940,58
GO:1902859,0
GO:1902346,0
GO:0010778,0
GO:0044379,0
GO:0045460,0
GO:0061352,0
GO:0006549,0
GO:0015905,0
GO:0097704,0
GO:0051458,0
GO:0060221,9
GO:0034113,125
GO:0009299,6
GO:0003335,2
GO:0097214,0
GO:0045122,0
GO:0001949,2
GO:1903475,0
GO:0097093,0
GO:0019632,0
GO:0019801,0
GO:0021848,0
GO:0034314,35
GO:0007105,0
GO:0071380,71
GO:0071608,0
GO:0007161,15
GO:0010496,0
GO:1902549,0
GO:0002263,6
GO:0098739,28
GO:0046826,31
GO:0042067,0
GO:0046247,0
GO:0000055,79
GO:0000045,274
GO:0030182,742
GO:0140745,4
GO:0050900,75
GO:0006091,42
GO:0075509,24
GO:0034650,17
GO:0009913,53
GO:1903810,9
GO:0035666,28
GO:0033053,0
GO:0006768,3
GO:0036339,0
GO:0052701,0
GO:0009217,0
GO:0160086,0
GO:0016101,1
GO:0000011,0
GO:0021785,50
GO:0070409,5
GO:1990194,0
GO:0009700,0
GO:0002138,10
GO:0030038,0
GO:0051418,2
GO:0010882,100
GO:0035707,0
GO:0097092,0
GO:0090135,0
GO:0070945,0
GO:0048203,5
GO:1902970,0
GO:0009785,0
GO:0062056,0
GO:0140967,0
GO:0006615,0
GO:2000814,4
GO:0016561,22
GO:0007278,0
GO:0007099,114
GO:0098940,0
GO:0090615,0
GO:0003253,1
GO:0042820,0
GO:0034178,0
GO:1905430,2
GO:1901268,0
GO:1900575,0
GO:0035524,15
GO:0072035,0
GO:0048236,0
GO:0021711,0
GO:0150105,72
GO:0036485,0
GO:0007549,9
GO:0021902,3
GO:0032457,0
GO:1990397,0
GO:0072651,0
GO:1904586,0
GO:0002502,9
GO:0099019,0
GO:2001130,0
GO:0007499,0
GO:0007064,97
GO:0046431,0
GO:0050696,0
GO:0019621,0
GO:0009218,0
GO:0060619,0
GO:0098941,0
GO:0019272,0
GO:0036102,18
GO:0048677,0
GO:0002933,21
GO:1905383,0
GO:0048600,0
GO:0032978,0
GO:1902766,8
GO:0060579,5
GO:0060374,12
GO:0002288,0
GO:1902262,8
GO:0043448,0
GO:0021931,0
GO:2001304,0
GO:1901541,0
GO:0033079,0
GO:0021885,7
GO:0046211,0
GO:0000731,79
GO:1903680,0
GO:0014715,0
GO:0002232,31
GO:0061533,0
GO:0110100,0
GO:0019434,0
GO:0007219,500
GO:0098725,10
GO:0090152,5
GO:0050903,0
GO:0034194,0
GO:0046835,125
GO:0072743,0
GO:1902440,0
GO:0035750,6
GO:1901106,0
GO:0010017,0
GO:0090134,0
GO:2001311,0
GO:0060663,0
GO:0097086,0
GO:0019504,0
GO:0009902,0
GO:0042361,0
GO:0090164,8
GO:1905588,0
GO:0090223,0
GO:0035435,79
GO:0015913,13
GO:0022606,0
GO:0140698,0
GO:0000027,77
GO:0071883,0
GO:0006904,124
GO:0048934,0
GO:0042110,156
GO:0010547,0
GO:0090497,1
GO:0007062,46
GO:0034367,11
GO:0042744,65
GO:0010788,0
GO:0106272,0
GO:0031025,0
GO:0033571,0
GO:0007031,74
GO:0070196,0
GO:0070278,6
GO:0048932,0
GO:0007004,65
GO:0140879,0
GO:0015738,0
GO:0010133,13
GO:0001117,0
GO:0031023,124
GO:0035425,6
GO:0071259,0
GO:0008293,0
GO:0001779,94
GO:0010927,0
GO:0010249,0
GO:0007055,0
GO:0006195,0
GO:1901814,0
GO:0033362,0
GO:0036497,0
GO:0000722,37
GO:0071602,2
GO:0014012,1
GO:0043647,15
GO:0090656,20
GO:0060321,0
GO:0046478,0
GO:0009178,0
GO:0090437,0
GO:0006173,0
GO:0039685,0
GO:0036250,19
GO:0160155,0
GO:0035929,0
GO:0033614,0
GO:1901023,0
GO:0032529,0
GO:0070789,0
GO:0002221,63
GO:1901748,0
GO:1901052,0
GO:0007395,0
GO:0019605,0
GO:0019761,0
GO:0002397,6
GO:0006526,37
GO:0060653,0
GO:0007006,9
GO:0046709,0
GO:0046276,0
GO:0042841,0
GO:0009714,0
GO:1901871,0
GO:1903498,0
GO:1901655,0
GO:0072746,0
GO:0034050,6
GO:0009626,0
GO:0031055,0
GO:0098702,0
GO:0035336,24
GO:0048920,0
GO:0042685,0
GO:0032180,0
GO:1901364,0
GO:1904566,2
GO:0039687,0
GO:0021522,124
GO:0015761,0
GO:0090294,0
GO:0006122,6
GO:1901855,0
GO:0030328,3
GO:0160203,0
GO:0021925,0
GO:0035436,0
GO:1901177,0
GO:0080177,0
GO:0019752,54
GO:0070200,53
GO:1990456,28
GO:0007143,95
GO:1903841,1
GO:0046076,0
GO:0071288,8
GO:0051759,0
GO:0006507,0
GO:0160058,0
GO:1990755,2
GO:0046951,0
GO:0097368,32
GO:0036492,13
GO:0044582,0
GO:0034192,0
GO:1990034,9
GO:0036446,20
GO:1903826,57
GO:1903087,0
GO:0019381,0
GO:0061385,0
GO:0000743,0
GO:0060031,0
GO:0000212,19
GO:0072245,0
GO:0016118,0
GO:0019420,0
GO:0009187,0
GO:0048789,4
GO:0099050,28
GO:0061529,0
GO:1903562,0
GO:0097705,0
GO:0071166,0
GO:0071165,0
GO:0019610,0
GO:0015757,1
GO:0035476,25
GO:0009780,0
GO:0014841,52
GO:0018146,2
GO:0048669,36
GO:0141083,0
GO:0072699,0
GO:0071206,4
GO:0036150,17
GO:0061017,22
GO:0036496,0
GO:0006646,19
GO:1990956,0
GO:0003413,22
GO:0140253,0
GO:0055048,2
GO:0007282,0
GO:0097294,17
GO:0019625,0
GO:0035165,0
GO:0021815,0
GO:0072135,0
GO:0019679,0
GO:0048194,15
GO:0071324,0
GO:0008208,0
GO:0106028,67
GO:0071309,0
GO:0042858,0
GO:0021860,24
GO:1901606,0
GO:0071520,0
GO:0048758,0
GO:0097622,0
GO:0072310,0
GO:0009242,0
GO:0006354,0
GO:0009201,0
GO:0060507,0
GO:0170048,0
GO:0045167,0
GO:0110077,46
GO:0071252,0
GO:1902601,11
GO:0042774,0
GO:0002282,0
GO:0006047,7
GO:0000352,0
GO:1902691,0
GO:0060510,3
GO:1901030,85
GO:0046059,6
GO:1904637,18
GO:0140048,0
GO:0021828,16
GO:0071554,0
GO:0002070,18
GO:0106434,0
GO:0048268,126
GO:0036155,0
GO:0160006,6
GO:0035191,0
GO:0050845,0
GO:1904927,0
GO:0019395,75
GO:0061364,12
GO:0033540,43
GO:0071960,0
GO:0043061,0
GO:0030859,6
GO:0140718,36
GO:0007510,0
GO:0019431,0
GO:0061581,0
GO:0006590,135
GO:0050652,0
GO:0110096,0
GO:0071306,0
GO:0036279,0
GO:0050931,0
GO:0002431,5
GO:0046516,0
GO:0002269,2
GO:0097430,0
GO:0006893,54
GO:0061816,0
GO:0032310,17
GO:0022034,0
GO:0046043,0
GO:0001516,53
GO:0033301,0
GO:0042865,0
GO:0099545,12
GO:0030166,61
GO:0003424,0
GO:0000711,20
GO:0019634,0
GO:0046079,51
GO:0099543,0
GO:0001115,0
GO:0003312,0
GO:1901029,20
GO:1901116,0
GO:0019249,2
GO:1901747,0
GO:0150019,1
GO:0099606,1
GO:0030952,0
GO:0035385,20
GO:0099587,0
GO:0002160,0
GO:0140516,0
GO:0001175,0
GO:0071928,0
GO:0000914,0
GO:0007171,0
GO:0001549,4
GO:0140029,0
GO:0039683,0
GO:0031507,62
GO:0048052,0
GO:0097393,0
GO:0035602,0
GO:0045022,98
GO:0023002,0
GO:0090616,0
GO:0031534,0
GO:0043697,11
GO:0036447,0
GO:0080029,0
GO:0061210,0
GO:0015936,41
GO:0071231,4
GO:0098977,52
GO:0035621,10
GO:0019658,0
GO:0033173,61
GO:1902109,0
GO:0032988,0
GO:0016345,0
GO:0072531,23
GO:0002308,0
GO:0044579,0
GO:1902971,0
GO:0071402,0
GO:0042941,0
GO:0071414,0
GO:0061819,18
GO:0098883,3
GO:0002290,0
GO:0035046,0
GO:0016560,24
GO:0043011,81
GO:0048708,75
GO:0120320,0
GO:0007509,5
GO:0019660,0
GO:0061091,0
GO:0120329,0
GO:0009191,3
GO:0000132,243
GO:0021899,0
GO:0006750,32
GO:0097500,44
GO:0021812,6
GO:0019377,0
GO:1903222,0
GO:0045214,509
GO:0070834,0
GO:0061433,2
GO:0042276,84
GO:0070889,7
GO:0060979,63
GO:0009206,0
GO:1901776,0
GO:1904896,0
GO:0006524,0
GO:0046500,11
GO:0070902,1
GO:1902475,88
GO:0032202,38
GO:0007155,4687
GO:0060990,0
GO:0032601,0
GO:0160174,0
GO:1904516,0
GO:0036151,47
GO:0015985,0
GO:0008154,99
GO:0061532,0
GO:1990555,0
GO:0036037,27
GO:1901934,0
GO:0018977,0
GO:0018972,0
GO:0071318,152
GO:0045023,9
GO:1903577,5
GO:0086074,0
GO:0044381,6
GO:0031149,0
GO:0032627,0
GO:0150091,0
GO:0051306,11
GO:0008645,7
GO:0140986,0
GO:0055045,0
GO:0048761,0
GO:0007169,594
GO:0061265,0
GO:0021802,0
GO:0019802,0
GO:0042796,31
GO:0043158,0
GO:0031321,0
GO:0007198,11
GO:1904917,0
GO:0050814,0
GO:0090139,0
GO:0071460,6
GO:0070778,39
GO:1902605,0
GO:0001112,0
GO:0021701,0
GO:0098721,0
GO:0046249,0
GO:0042200,0
GO:1900581,0
GO:0010691,0
GO:0044572,13
GO:0002754,0
GO:0034514,3
GO:0046631,23
GO:0006531,56
GO:0140241,0
GO:0019623,0
GO:0099644,0
GO:0009123,0
GO:0048860,0
GO:0071242,105
GO:0018909,0
GO:0006735,0
GO:0034086,0
GO:0061314,0
GO:0033052,0
GO:0031122,222
GO:0002175,41
GO:0019496,0
GO:0042128,0
GO:0039682,0
GO:1904936,79
GO:0071962,8
GO:0000714,0
GO:0016104,31
GO:0033361,0
GO:0044659,0
GO:0016311,673
GO:1903514,5
GO:0001188,31
GO:0035862,0
GO:0062173,0
GO:0032333,0
GO:0071106,0
GO:1900200,20
GO:0031455,0
GO:0180042,0
GO:0071275,6
GO:0002440,0
GO:0021524,0
GO:0009832,0
GO:0046505,0
GO:0002441,0
GO:0019441,20
GO:0009259,7
GO:0071381,0
GO:0098703,156
GO:0009128,2
GO:1990813,0
GO:0098722,0
GO:0097485,21
GO:0071362,0
GO:0070098,67
GO:0071413,0
GO:0006722,0
GO:0001708,82
GO:0031269,10
GO:0046051,2
GO:0006675,0
GO:0010207,0
GO:0021958,0
GO:1902476,487
GO:0061502,13
GO:0035039,6
GO:0007111,0
GO:0071316,28
GO:0042705,0
GO:0035803,7
GO:0048201,0
GO:0018174,0
GO:0071491,0
GO:1901785,0
GO:0034653,4
GO:0044787,0
GO:0019278,0
GO:0023019,41
GO:0048311,28
GO:0060270,0
GO:0019558,0
GO:0021788,0
GO:0032609,0
GO:0002176,2
GO:0060397,49
GO:0042247,1
GO:0044808,0
GO:0071504,11
GO:0016102,0
GO:1905011,0
GO:0002430,69
GO:0060942,0
GO:0055006,16
GO:1905231,5
GO:0048202,0
GO:0033278,9
GO:0035156,0
GO:0006368,102
GO:0033370,0
GO:0006891,79
GO:1902362,4
GO:0018283,12
GO:0006313,0
GO:0021969,0
GO:0015943,0
GO:0036159,148
GO:0001173,0
GO:0021807,0
GO:0060985,0
GO:0032598,0
GO:0048289,6
GO:0061668,5
GO:0016080,79
GO:0048941,0
GO:0035931,0
GO:0000075,0
GO:0046497,0
GO:0035970,3
GO:0052863,0
GO:0006612,141
GO:0021523,8
GO:0034037,0
GO:0033298,0
GO:0036166,17
GO:0099156,0
GO:0071493,36
GO:0060664,0
GO:0072152,0
GO:0030262,9
GO:0070845,0
GO:0033516,0
GO:1903546,66
GO:0090176,8
GO:0000001,0
GO:0015963,0
GO:0098943,48
GO:0097283,12
GO:0090255,0
GO:0060098,0
GO:0060944,0
GO:0002415,0
GO:0006238,0
GO:0070329,0
GO:0006560,13
GO:0090402,16
GO:0046834,69
GO:0019569,0
GO:0071240,0
GO:0048865,0
GO:0009210,0
GO:0030474,0
GO:0036297,164
GO:0042815,0
GO:0007186,4524
GO:0009666,0
GO:0014002,40
GO:0097083,0
GO:0071238,0
GO:0019357,0
GO:0097352,70
GO:1990553,0
GO:0070588,762
GO:0071400,42
GO:0032976,0
GO:0070120,23
GO:0019649,0
GO:0019423,0
GO:0045218,20
GO:0042192,0
GO:0086099,0
GO:1900867,0
GO:0006625,26
GO:0032488,15
GO:0060843,35
GO:0098038,7
GO:0051728,0
GO:1901933,0
GO:0006949,5
GO:0036484,38
GO:0021780,5
GO:0015790,0
GO:0043418,11
GO:0032186,0
GO:1905633,0
GO:2001296,0
GO:0043174,0
GO:0032774,0
GO:0070598,0
GO:0110166,0
GO:0006696,0
GO:0046392,0
GO:0048900,0
GO:0006551,0
GO:0042362,0
GO:0043362,0
GO:0035494,12
GO:0035311,0
GO:1901909,0
GO:0000282,0
GO:0098866,0
GO:0031408,0
GO:0051878,7
GO:0032608,0
GO:0021926,0
GO:0003415,0
GO:0003432,0
GO:0006626,43
GO:0010032,7
GO:1905243,0
GO:0006477,0
GO:0018900,0
GO:0086101,1
GO:0015737,0
GO:0002318,59
GO:0048910,0
GO:1903084,0
GO:0072037,0
GO:0099556,0
GO:0019464,4
GO:0006547,19
GO:0042185,0
GO:0043363,6
GO:0035938,0
GO:0031568,0
GO:1905145,19
GO:0042357,0
GO:0060851,0
GO:0006647,0
GO:0045190,66
GO:0032634,0
GO:0014719,21
GO:0140727,0
GO:0023003,0
GO:0018875,0
GO:0006996,135
GO:0046280,0
GO:0070978,0
GO:0034499,0
GO:0072539,3
GO:0106218,0
GO:1990146,0
GO:0032484,7
GO:0071401,0
GO:0007130,131
GO:0097308,0
GO:0009082,1
GO:0033377,0
GO:0044574,0
GO:1903513,0
GO:0032628,0
GO:0035853,2
GO:0033542,0
GO:0035855,61
GO:0035440,0
GO:0097084,9
GO:0032633,0
GO:0051665,0
GO:0006739,113
GO:0035739,23
GO:0002370,0
GO:1990451,0
GO:0048699,113
GO:0099040,15
GO:0009095,0
GO:0048469,107
GO:0042814,0
GO:0052315,0
GO:0042373,6
GO:0019298,0
GO:1905161,4
GO:0051455,2
GO:1903189,2
GO:0042149,222
GO:0000022,0
GO:0015959,0
GO:0086093,0
GO:0006601,2
GO:0051450,29
GO:0060956,51
GO:0032612,0
GO:0045064,14
GO:0060657,0
GO:0032632,0
GO:0006701,9
GO:1903812,1
GO:0006193,0
GO:0008637,24
GO:0048627,22
GO:0072748,0
GO:1902790,0
GO:0019528,0
GO:0015794,0
GO:0071452,0
GO:0032613,0
GO:0031958,0
GO:0018880,36
GO:0002333,5
GO:0048144,85
GO:0035338,17
GO:0141119,0
GO:0048250,24
GO:0006223,0
GO:0036481,8
GO:0000316,0
GO:0099068,0
GO:0070980,5
GO:0001713,0
GO:0034727,51
GO:0061518,9
GO:0009226,0
GO:0000097,0
GO:0019368,0
GO:0009450,5
GO:0036103,0
GO:0035357,24
GO:0052784,0
GO:0044812,0
GO:0140479,0
GO:0045476,0
GO:0071331,0
GO:0071971,0
GO:1903803,6
GO:1901605,1
GO:0006178,0
GO:0045324,9
GO:2001312,0
GO:0071278,0
GO:0110019,0
GO:0001667,3
GO:0035683,20
GO:0035051,0
GO:0009080,0
GO:2001118,0
GO:0098712,70
GO:0006002,66
GO:0071980,0
GO:0090119,18
GO:0070223,0
GO:0019435,0
GO:0009221,0
GO:0016601,295
GO:0098751,0
GO:0018873,0
GO:0072705,0
GO:0006639,15
GO:0071769,0
GO:1903785,4
GO:0140723,0
GO:0030995,0
GO:0030632,0
GO:0035722,54
GO:0140961,0
GO:0009970,0
GO:1905440,0
GO:0010139,0
GO:0030706,0
GO:0060014,0
GO:0002518,0
GO:0046038,9
GO:1902048,0
GO:0007078,0
GO:0019694,0
GO:1990767,0
GO:0002362,9
GO:0009084,0
GO:0072703,1
GO:0120207,0
GO:0000103,21
GO:0007091,11
GO:0006054,33
GO:0071301,0
GO:0034263,8
GO:0098923,0
GO:0090385,26
GO:0003396,0
GO:0006614,44
GO:1905556,0
GO:0000965,13
GO:0060643,0
GO:0048937,0
GO:0032618,0
GO:0018919,0
GO:0060158,23
GO:0042204,0
GO:0051084,6
GO:0071463,0
GO:0010456,0
GO:0035967,0
GO:0006405,136
GO:1905136,0
GO:0015733,0
GO:0060385,45
GO:0060934,0
GO:0018878,0
GO:0019631,0
GO:0003333,101
GO:0035879,0
GO:1903257,0
GO:0038109,10
GO:1904784,15
GO:0006849,0
GO:0035037,0
GO:1902263,36
GO:0061985,0
GO:0039015,0
GO:1990626,0
GO:0007196,44
GO:0002283,6
GO:1900787,0
GO:0090663,5
GO:0006011,20
GO:0071255,0
GO:1990828,0
GO:0045342,18
GO:0009061,0
GO:0019650,0
GO:0033508,0
GO:0019678,0
GO:0045329,0
GO:1903418,0
GO:0036376,46
GO:0030836,12
GO:0033332,0
GO:0042838,0
GO:0035475,0
GO:0019246,0
GO:0036104,0
GO:0070682,3
GO:0035981,0
GO:0007052,141
GO:0045141,118
GO:0034440,39
GO:0140353,0
GO:0051660,122
GO:0090386,0
GO:0017062,0
GO:0090606,0
GO:0099123,6
GO:0001514,13
GO:2001197,0
GO:0001973,16
GO:0014809,0
GO:0099555,7
GO:0016240,21
GO:0048889,0
GO:0018920,0
GO:0090628,0
GO:1990551,0
GO:0019467,0
GO:0034412,0
GO:0018343,4
GO:0071711,254
GO:0045065,0
GO:0099039,20
GO:0009167,0
GO:0051085,33
GO:0098924,3
GO:0009130,0
GO:0038166,30
GO:1904387,0
GO:0046248,0
GO:0031989,0
GO:0070779,35
GO:0097753,2
GO:0046184,0
GO:0030720,0
GO:0008057,0
GO:0009161,0
GO:0048846,86
GO:0072052,0
GO:0019436,0
GO:1904122,0
GO:0016243,6
GO:0001675,71
GO:0019254,0
GO:1901831,0
GO:0010781,0
GO:0000760,0
GO:0098777,0
GO:0098959,0
GO:1905375,0
GO:0061737,2
GO:0072689,0
GO:0070266,29
GO:1902602,0
GO:0006676,0
GO:0046016,0
GO:0106045,2
GO:0010151,0
GO:0014816,28
GO:0042369,3
GO:0043617,0
GO:0061872,0
GO:0016233,58
GO:0043098,0
GO:0035681,0
GO:0006063,0
GO:0019661,5
GO:0034331,0
GO:0048905,0
GO:0022030,0
GO:0051016,101
GO:0018866,0
GO:0072754,0
GO:0071996,0
GO:0033469,0
GO:0046304,0
GO:0002062,219
GO:0018952,0
GO:1901687,2
GO:0034488,0
GO:0071767,0
GO:0007537,0
GO:0046056,0
GO:1903100,12
GO:0006226,0
GO:0090540,0
GO:0060891,0
GO:0098720,0
GO:0009588,0
GO:0018109,0
GO:0097339,0
GO:1901255,8
GO:0051335,0
GO:0170033,0
GO:0120045,0
GO:0061544,0
GO:1901780,0
GO:0042100,86
GO:0031535,0
GO:0048195,0
GO:0006112,79
GO:0180045,0
GO:0061230,0
GO:0071448,0
GO:0097178,42
GO:0140888,0
GO:0044578,0
GO:0070981,2
GO:0060290,26
GO:0098785,0
GO:0000128,0
GO:0009111,0
GO:0052573,0
GO:0071616,0
GO:1901539,0
GO:0032986,2
GO:0072535,0
GO:0097745,1
GO:0046074,28
GO:1900818,0
GO:0043485,0
GO:0032527,44
GO:0046466,0
GO:0042186,0
GO:0061864,0
GO:0007041,67
GO:0046437,0
GO:0006679,0
GO:0016081,121
GO:0120322,0
GO:0003426,0
GO:0009126,0
GO:0071379,15
GO:0003274,9
GO:0032508,292
GO:0042545,0
GO:0061725,5
GO:0050935,0
GO:0008153,0
GO:0097639,0
GO:1902396,54
GO:0050847,78
GO:0060870,0
GO:0000320,37
GO:0099551,0
GO:0035499,0
GO:0090516,0
GO:0097720,34
GO:0048372,0
GO:0007268,725
GO:0019387,0
GO:0071313,133
GO:1905315,0
GO:0007095,175
GO:0038086,0
GO:0089722,0
GO:1901289,0
GO:0061102,0
GO:1901864,0
GO:0019398,0
GO:0072153,0
GO:0042823,2
GO:0045455,0
GO:0002426,0
GO:0019341,5
GO:0016183,40
GO:0048812,381
GO:0072658,0
GO:0060925,0
GO:0072639,0
GO:0071988,0
GO:0038043,23
GO:0036256,0
GO:0009117,106
GO:0097185,4
GO:0106387,0
GO:0031412,0
GO:0010441,0
GO:0019639,0
GO:0034378,12
GO:0034067,91
GO:0006851,62
GO:1903575,16
GO:0097552,12
GO:0006545,36
GO:0046491,0
GO:0006384,19
GO:1903858,0
GO:0042119,11
GO:0035874,4
GO:0090295,0
GO:0002573,44
GO:0001909,7
GO:0007416,487
GO:0022012,0
GO:0051657,0
GO:0052164,0
GO:0030050,93
GO:0042178,72
GO:0032638,0
GO:0060705,0
GO:0032528,10
GO:0006900,37
GO:0019260,0
GO:0019606,3
GO:0032597,0
GO:0048137,3
GO:0097107,72
GO:0055130,0
GO:0048321,0
GO:0099173,178
GO:0006718,0
GO:1990734,0
GO:1903716,9
GO:0042198,0
GO:1990504,23
GO:0140147,0
GO:0120229,85
GO:2000793,0
GO:0071304,0
GO:1902976,0
GO:0046435,0
GO:1903621,0
GO:0039684,0
GO:0050650,16
GO:0035171,0
GO:0071896,12
GO:0071472,18
GO:0048136,0
GO:1903804,12
GO:0002297,0
GO:0006925,27
GO:0034089,16
GO:0035676,0
GO:0036085,0
GO:0080170,4
GO:0071359,20
GO:0051693,102
GO:1900578,0
GO:0009151,0
GO:2001299,6
GO:0010998,13
GO:0006451,0
GO:0071329,0
GO:0032619,0
GO:1905173,0
GO:0042398,0
GO:0019612,0
GO:0006098,22
GO:0000278,276
GO:0009069,26
GO:0042350,1
GO:0019265,6
GO:1903131,9
GO:0048280,14
GO:0048928,0
GO:0009190,109
GO:0140904,0
GO:0019475,0
GO:0160077,3
GO:0071489,0
GO:0035153,0
GO:0033387,5
GO:0019544,0
GO:0071766,0
GO:0015988,0
GO:0055015,3
GO:0061709,61
GO:0006929,51
GO:0048762,33
GO:0007281,141
GO:0015881,15
GO:0043101,3
GO:0098746,7
GO:0016037,0
GO:0003411,0
GO:0002066,6
GO:0002314,21
GO:0015964,25
GO:0006181,0
GO:0033374,0
GO:1900873,0
GO:0010833,11
GO:0061340,0
GO:0046380,1
GO:0009169,0
GO:0009225,0
GO:0019416,0
GO:0009828,0
GO:0097061,44
GO:0042093,3
GO:1900605,0
GO:0060836,19
GO:0007054,0
GO:0019584,0
GO:0046062,0
GO:0042318,0
GO:0097579,0
GO:1903092,0
GO:0060127,0
GO:0000741,0
GO:0060126,16
GO:0022017,0
GO:0050813,0
GO:0070125,7
GO:0048756,0
GO:0018946,0
GO:0060845,0
GO:0022412,0
GO:0038194,7
GO:1902618,4
GO:0043113,247
GO:0140041,2
GO:0033471,0
GO:0000949,0
GO:0009862,0
GO:1900762,0
GO:0002233,0
GO:0051551,0
GO:0060665,16
GO:0006756,2
GO:0031525,0
GO:0009147,0
GO:0000742,0
GO:0001913,75
GO:0098990,0
GO:0046300,0
GO:1901975,0
GO:0036346,0
GO:0035852,0
GO:1901944,0
GO:0019760,0
GO:0019547,4
GO:0046654,48
GO:0001572,13
GO:1901704,0
GO:0042989,35
GO:0009202,0
GO:0044375,7
GO:0061719,0
GO:0045339,0
GO:0046052,2
GO:0042676,0
GO:0030520,52
GO:1900161,0
GO:0001079,0
GO:0009102,0
GO:1905631,4
GO:0032261,1
GO:0072432,0
GO:0030951,18
GO:0035765,0
GO:0051068,0
GO:1902012,0
GO:0140157,12
GO:0038124,0
GO:0009051,3
GO:0070126,12
GO:0035971,0
GO:1904745,0
GO:0044351,34
GO:0010789,11
GO:0141044,0
GO:2001315,0
GO:0048333,305
GO:0140115,67
GO:0071964,0
GO:0006746,0
GO:1904017,3
GO:0030030,981
GO:0002364,4
GO:1990182,17
GO:0098921,11
GO:1902946,3
GO:1901817,0
GO:0006681,0
GO:0006563,22
GO:0061610,0
GO:0016144,0
GO:0035768,0
GO:0061318,0
GO:0009087,3
GO:0048930,0
GO:1990936,0
GO:0022023,0
GO:0021778,4
GO:0045008,0
GO:0035932,11
GO:0014016,25
GO:0038171,0
GO:0098877,1
GO:0061266,0
GO:0006599,0
GO:1902742,104
GO:0043369,8
GO:0016358,251
GO:0048663,107
GO:0014817,0
GO:0090167,0
GO:0045050,59
GO:0035444,10
GO:0080065,0
GO:0006853,0
GO:0106381,0
GO:0042707,0
GO:0002492,0
GO:0019482,8
GO:0038096,0
GO:0071606,0
GO:0003134,0
GO:0032290,38
GO:0042317,0
GO:0071307,0
GO:0099093,8
GO:0042836,0
GO:0009245,0
GO:0036309,62
GO:1902014,0
GO:0071710,0
GO:1901770,0
GO:0099082,0
GO:0036358,0
GO:1901938,0
GO:0035921,0
GO:0043048,1
GO:0014055,0
GO:1901947,0
GO:0046948,0
GO:0003198,44
GO:0000952,0
GO:0060929,0
GO:0061100,0
GO:2001295,28
GO:0019474,0
GO:0042210,0
GO:0044580,0
GO:0046311,0
GO:0044038,0
GO:1902633,0
GO:1990383,0
GO:0032118,0
GO:0055012,17
GO:0007113,11
GO:0044809,0
GO:0006104,12
GO:0038135,21
GO:0042046,0
GO:0038172,24
GO:0097087,0
GO:0060497,0
GO:0002304,0
GO:0035742,0
GO:0070983,0
GO:0000915,40
GO:0032295,0
GO:1904825,0
GO:0019379,0
GO:0010315,0
GO:0071976,0
GO:0034275,0
GO:0051232,0
GO:0030148,117
GO:0070142,14
GO:0007191,28
GO:0048207,0
GO:0150038,0
GO:0046458,7
GO:0042407,46
GO:0019386,0
GO:0022035,0
GO:0051479,0
GO:0002267,0
GO:0042710,0
GO:1902191,0
GO:0071732,70
GO:0140877,0
GO:0042714,0
GO:0072488,37
GO:0060855,0
GO:0051291,64
GO:0019221,465
GO:1905349,0
GO:0034370,0
GO:0099155,0
GO:0036234,0
GO:0015938,0
GO:0018929,0
GO:0021962,0
GO:0060088,323
GO:0042775,38
GO:0086103,11
GO:0003379,0
GO:0036093,0
GO:0036392,0
GO:0007178,67
GO:0018107,188
GO:0018864,0
GO:0071451,0
GO:0070828,23
GO:0000388,16
GO:0060957,0
GO:0021787,0
GO:0009240,2
GO:0060974,0
GO:0042254,272
GO:0060581,0
GO:0046931,11
GO:0045201,0
GO:0008654,192
GO:0090165,0
GO:0000393,0
GO:0002408,0
GO:0072423,26
GO:1905071,0
GO:0072579,10
GO:0034204,116
GO:0042138,43
GO:0141176,0
GO:0035928,14
GO:0006075,0
GO:1901111,0
GO:0002244,581
GO:0061251,0
GO:0030036,1340
GO:0097703,0
GO:0007053,0
GO:0033622,34
GO:0051932,71
GO:0001775,6
GO:0071375,52
GO:1900877,0
GO:1905420,0
GO:0042368,3
GO:0002273,5
GO:0035372,99
GO:0046387,0
GO:0006362,6
GO:1902049,0
GO:0043290,0
GO:0035735,17
GO:0043711,0
GO:0048883,0
GO:0002174,0
GO:0021934,45
GO:0048625,1
GO:0018923,0
GO:0060480,0
GO:0008354,14
GO:0031036,0
GO:0043643,0
GO:0042118,15
GO:1901266,0
GO:0006290,32
GO:0070811,0
GO:0051935,6
GO:0003293,0
GO:1901853,0
GO:0048903,0
GO:0018985,0
GO:0070489,0
GO:0070503,0
GO:0001714,20
GO:1905373,5
GO:0150094,2
GO:0090080,2
GO:0015887,3
GO:0044727,47
GO:0002287,0
GO:0003358,23
GO:0071611,0
GO:0006241,63
GO:0070946,5
GO:0048384,61
GO:0061355,3
GO:0034087,11
GO:0034166,0
GO:1904764,0
GO:0098841,0
GO:0061611,0
GO:1990556,0
GO:0015791,13
GO:0009440,0
GO:0035163,0
GO:0052865,0
GO:0021507,0
GO:0003168,0
GO:0003359,0
GO:0140237,0
GO:0000706,0
GO:0086003,42
GO:1901801,0
GO:0048135,0
GO:1902284,0
GO:0032635,0
GO:0042771,109
GO:0032511,7
GO:0006170,0
GO:0022033,0
GO:0140673,19
GO:0006179,0
GO:0006015,0
GO:0019442,4
GO:0000266,51
GO:0097010,0
GO:0042701,0
GO:0072476,0
GO:2001298,0
GO:0098747,0
GO:0062237,0
GO:0032980,0
GO:0099563,19
GO:0071320,316
GO:0043447,0
GO:1902141,0
GO:0044338,3
GO:0060495,0
GO:0021856,0
GO:0052708,0
GO:0016188,92
GO:0022619,0
GO:0019286,0
GO:2001303,10
GO:0036109,0
GO:0051308,4
GO:0019546,0
GO:0061622,0
GO:0051695,1
GO:0009449,3
GO:0070487,21
GO:0048205,7
GO:0072322,0
GO:1905725,0
GO:0042671,0
GO:1901369,0
GO:0034343,0
GO:0046046,0
GO:0075214,0
GO:0006452,0
GO:0050904,15
GO:0001907,0
GO:2001116,0
GO:0044208,22
GO:0042554,97
GO:0097475,91
GO:0007079,8
GO:0033381,0
GO:0036149,26
GO:0010052,0
GO:0071524,0
GO:0044382,0
GO:0032265,0
GO:0061624,4
GO:0106233,0
GO:1904322,53
GO:0071433,0
GO:0072122,0
GO:0010053,0
GO:0150060,0
GO:0019805,4
GO:0000948,0
GO:0046900,5
GO:0097320,52
GO:0002409,0
GO:0071394,81
GO:1900832,0
GO:0006065,0
GO:0141190,0
GO:0071344,10
GO:0016111,0
GO:0072249,0
GO:0042211,0
GO:0040038,72
GO:0038110,17
GO:0006003,64
GO:0016237,13
GO:0033365,197
GO:0051873,3
GO:0030581,0
GO:0160059,0
GO:0046632,37
GO:0021527,13
GO:0046464,9
GO:0061413,0
GO:0070292,125
GO:0051333,0
GO:1905442,0
GO:0060916,6
GO:0044029,57
GO:0060941,0
GO:0009267,363
GO:0060857,0
GO:1990786,26
GO:0038099,0
GO:0048394,0
GO:0098717,0
GO:0097491,40
GO:0051694,38
GO:1902286,0
GO:0035249,323
GO:0006654,102
GO:1903806,0
GO:0036061,0
GO:0030073,249
GO:0042390,0
GO:0009684,0
GO:0090114,3
GO:0002284,0
GO:0099010,40
GO:0052838,0
GO:0019347,0
GO:0090376,0
GO:0043436,0
GO:0034389,113
GO:0010198,0
GO:1901760,0
GO:1990181,0
GO:0038108,2
GO:0009736,0
GO:0071784,0
GO:0051315,22
GO:0071387,0
GO:0072248,0
GO:0032120,0
GO:0046201,0
GO:0006888,409
GO:0022003,0
GO:0042464,0
GO:0007393,0
GO:1902075,0
GO:0002327,27
GO:0002372,0
GO:0006661,42
GO:1903728,0
GO:0031104,16
GO:1990569,33
GO:0071340,44
GO:0000964,0
GO:1901794,0
GO:0038097,4
GO:0030855,233
GO:0000147,5
GO:0018907,0
GO:0072757,74
GO:0046460,0
GO:1901607,0
GO:0050853,200
GO:0030317,593
GO:1901366,0
GO:0032544,0
GO:0046663,0
GO:0010144,0
GO:0097473,32
GO:0030833,101
GO:1905670,0
GO:0042875,0
GO:2001294,0
GO:1904015,0
GO:0097215,0
GO:0090453,0
GO:0045574,0
GO:0071692,0
GO:0090162,117
GO:0061868,0
GO:0071939,6
GO:0009738,0
GO:0072729,0
GO:0038123,3
GO:0045105,0
GO:0090592,0
GO:0071227,0
GO:0060940,0
GO:0051402,494
GO:0009092,0
GO:0006642,9
GO:0036515,76
GO:0019560,0
GO:0007402,0
GO:0000183,11
GO:0046432,0
GO:0021923,0
GO:1901527,0
GO:0099051,0
GO:0035698,0
GO:0001677,0
GO:0038060,39
GO:0032323,0
GO:0000436,0
GO:0060946,0
GO:0048102,1
GO:0003259,0
GO:1903166,0
GO:0017038,16
GO:0006634,0
GO:0106101,0
GO:0014904,21
GO:0140495,0
GO:0032275,5
GO:0071228,39
GO:0051874,0
GO:0071211,5
GO:0097080,8
GO:0006237,0
GO:0070365,54
GO:0019335,0
GO:0071469,5
GO:0070925,69
GO:1990052,0
GO:0039634,0
GO:0038146,40
GO:0072326,0
GO:0072329,0
GO:0007543,0
GO:0035930,0
GO:0002150,0
GO:0008615,0
GO:0006116,12
GO:1990775,0
GO:0071690,0
GO:1903710,4
GO:0050651,3
GO:0070841,2
GO:0006640,20
GO:0009222,0
GO:0009904,0
GO:0072161,0
GO:0010121,0
GO:0070591,0
GO:0071501,0
GO:0010021,0
GO:1990546,0
GO:0046293,2
GO:0099083,0
GO:0071846,16
GO:0016123,0
GO:0003311,6
GO:0048008,192
GO:0043045,17
GO:0140880,0
GO:0097399,0
GO:0070059,140
GO:0044027,68
GO:0009875,0
GO:0048599,117
GO:0018906,0
GO:0140632,0
GO:0002572,0
GO:1990820,0
GO:0021979,8
GO:0006931,5
GO:0099084,14
GO:0019557,19
GO:0140301,0
GO:0032790,9
GO:0046344,0
GO:0044873,25
GO:0071788,0
GO:0097114,53
GO:0061824,16
GO:0003423,0
GO:0044772,60
GO:0031508,8
GO:0030573,0
GO:0001897,0
GO:1902000,0
GO:0003433,12
GO:0061982,0
GO:1903441,33
GO:0070462,2
GO:1990976,0
GO:0002291,5
GO:0034441,0
GO:0021702,183
GO:0010658,19
GO:1901022,0
GO:1901949,0
GO:0007200,307
GO:0010686,0
GO:0019365,0
GO:1904474,0
GO:1904843,16
GO:0072721,9
GO:0071545,59
GO:0106380,0
GO:0035936,0
GO:0060479,0
GO:0050873,117
GO:0097628,0
GO:0071323,0
GO:0046946,0
GO:0046465,0
GO:0072069,0
GO:0002031,45
GO:0071322,106
GO:0006781,0
GO:0150093,4
GO:0019277,0
GO:0036321,3
GO:0032011,14
GO:1902611,0
GO:0007270,70
GO:0061077,50
GO:0046498,7
GO:0098780,50
GO:0045231,0
GO:0099052,0
GO:0072707,0
GO:0042065,0
GO:1901600,0
GO:0002222,0
GO:0021891,0
GO:0036008,0
GO:1904384,0
GO:0010440,0
GO:1990927,16
GO:0060767,8
GO:0090735,0
GO:1903045,0
GO:0038111,0
GO:1903047,0
GO:0071398,41
GO:0030982,0
GO:0043164,0
GO:0009088,0
GO:0071588,10
GO:0090403,37
GO:0006887,617
GO:0021886,0
GO:0014019,0
GO:0140231,0
GO:0030034,0
GO:0071668,0
GO:0043683,0
GO:0033475,0
GO:0019672,0
GO:0120311,0
GO:0006534,11
GO:0042078,8
GO:0001768,27
GO:0019656,0
GO:0071293,0
GO:0106036,0
GO:0035759,0
GO:0042450,0
GO:1904903,2
GO:0030419,0
GO:0000769,0
GO:0010126,0
GO:0046290,0
GO:0032975,0
GO:0015750,0
GO:0007438,0
GO:0140626,0
GO:0008037,1
GO:0006805,444
GO:1902480,0
GO:0061339,2
GO:0036315,0
GO:0140053,12
GO:0072674,20
GO:0021515,35
GO:0090603,0
GO:0071408,0
GO:0044780,0
GO:0021911,0
GO:0019640,33
GO:0036184,0
GO:0071706,0
GO:0060945,0
GO:0001109,0
GO:0019250,0
GO:0043438,0
GO:0021910,0
GO:0006182,58
GO:0010643,12
GO:0002307,0
GO:0097354,4
GO:0060927,0
GO:0044380,4
GO:0170041,0
GO:0039529,49
GO:1901107,0
GO:1900796,0
GO:0007445,0
GO:0106167,0
GO:0033398,0
GO:0106383,1
GO:0009197,0
GO:0016090,0
GO:0060650,0
GO:0072738,16
GO:0140878,0
GO:0060933,0
GO:0070343,0
GO:1905355,0
GO:0032943,5
GO:0007301,0
GO:0099518,11
GO:1901822,0
GO:0039585,0
GO:0018870,0
GO:0060856,25
GO:0036164,0
GO:1903965,0
GO:0007043,303
GO:0009563,0
GO:0044205,0
GO:0006229,0
GO:0006898,377
GO:0120179,4
GO:0018887,0
GO:0140206,5
GO:0042724,0
GO:0071327,0
GO:1990671,0
GO:1900631,0
GO:0098939,13
GO:0060074,110
GO:0000921,0
GO:0002328,14
GO:0071300,445
GO:0071423,0
GO:0045450,0
GO:0097734,4
GO:0022022,0
GO:0006196,7
GO:0061414,0
GO:0070843,0
GO:1905200,0
GO:0045467,0
GO:0044395,0
GO:1904123,0
GO:0042461,79
GO:0071467,37
GO:0060638,1
GO:0006748,0
GO:0048055,0
GO:0140652,0
GO:2001293,0
GO:0033024,28
GO:0060509,32
GO:0061370,22
GO:1901146,0
GO:1902697,0
GO:0071912,0
GO:1902561,0
GO:1990314,68
GO:0051755,0
GO:0070560,4
GO:0090538,0
GO:0097698,5
GO:1904308,0
GO:0061789,63
GO:0031388,0
GO:1904555,0
GO:0048377,0
GO:0003348,0
GO:0001709,3
GO:1905647,5
GO:0140238,3
GO:0061883,0
GO:0051167,0
GO:0097749,21
GO:0070124,0
GO:0030399,0
GO:0140507,5
GO:0018108,126
GO:0001751,0
GO:0043096,0
GO:0016226,69
GO:0072241,0
GO:1900791,0
GO:0097101,5
GO:0099180,8
GO:0019674,20
GO:1990689,0
GO:0018969,0
GO:0019648,0
GO:0046061,2
GO:0046155,0
GO:0061162,6
GO:0036228,31
GO:0042789,149
GO:0008090,256
GO:0035767,15
GO:0061309,0
GO:0061528,0
GO:1990519,0
GO:0062096,0
GO:0006653,0
GO:1903471,0
GO:0106092,0
GO:0007163,123
GO:0097377,0
GO:0071835,0
GO:0021831,5
GO:0036316,0
GO:0021824,0
GO:0019256,0
GO:0038009,0
GO:0050993,0
GO:0140895,0
GO:0036084,0
GO:0003372,0
GO:0032510,8
GO:0022613,0
GO:0042822,25
GO:0090511,0
GO:0006741,20
GO:0019645,0
GO:0051383,16
GO:0021957,14
GO:0044097,0
GO:0036058,0
GO:0019588,0
GO:0071593,5
GO:0045162,66
GO:2001302,10
GO:0043653,51
GO:1901173,0
GO:0036230,0
GO:0098969,15
GO:0016094,4
GO:0007211,0
GO:1902320,0
GO:1901729,0
GO:0042793,0
GO:0000430,0
GO:0055011,0
GO:0010387,24
GO:1902434,0
GO:0071383,13
GO:0003427,0
GO:0140331,51
GO:0007146,2
GO:1901749,10
GO:0034238,0
GO:0045003,15
GO:1901825,0
GO:0030845,4
GO:0061225,0
GO:0042203,0
GO:0070189,13
GO:0051301,1399
GO:0048924,0
GO:0001755,166
GO:1905544,0
GO:0000744,0
GO:0001836,44
GO:0046071,0
GO:0046181,0
GO:0072036,0
GO:0046327,10
GO:0055002,233
GO:0051080,0
GO:0089708,1
GO:0071462,0
GO:1904045,47
GO:1902489,0
GO:0140039,0
GO:0021832,0
GO:0072254,0
GO:0051278,0
GO:0086097,1
GO:0072719,19
GO:0019490,0
GO:1901290,0
GO:0036305,3
GO:0006064,0
GO:0009188,0
GO:0061382,0
GO:0038055,0
GO:0051674,5
GO:0100009,0
GO:0061024,136
GO:0071215,0
GO:0019340,0
GO:0021980,0
GO:0009098,1
GO:0098935,6
GO:0048133,1
GO:0052653,0
GO:0035233,0
GO:0002315,36
GO:0033002,20
GO:0002280,28
GO:0099639,1
GO:0160063,30
GO:0043452,0
GO:0061319,0
GO:1901885,0
GO:0000715,8
GO:0090673,25
GO:0099076,0
GO:0090126,2
GO:0035887,9
GO:0099526,120
GO:0015713,0
GO:0060529,0
GO:0070689,0
GO:0007427,0
GO:0072290,0
GO:0010106,1
GO:0051470,0
GO:1990542,11
GO:0071840,1
GO:1990554,0
GO:0061447,0
GO:0044210,0
GO:0071314,27
GO:0140821,0
GO:0097530,21
GO:0009432,0
GO:0052704,0
GO:0035745,0
GO:0045492,0
GO:0009871,0
GO:0018898,0
GO:0051262,121
GO:1901663,5
GO:0002523,36
GO:0055111,0
GO:0051299,4
GO:0086033,0
GO:0030707,0
GO:0006225,0
GO:1903088,0
GO:0015919,0
GO:0030207,13
GO:0003318,0
GO:0099640,13
GO:0035988,31
GO:1905039,21
GO:0052386,0
GO:0007308,0
GO:0060986,0
GO:0021876,0
GO:1902638,0
GO:0042120,0
GO:1902463,10
GO:1903982,0
GO:1990049,30
GO:0090414,0
GO:0035668,0
GO:0071444,0
GO:0019454,0
GO:0003326,2
GO:0097166,0
GO:0071298,2
GO:0035857,0
GO:1904885,0
GO:0036092,111
GO:0014018,0
GO:0072540,24
GO:0071282,0
GO:0019673,28
GO:0046183,0
GO:0018968,0
GO:0001865,5
GO:0007051,34
GO:0070900,5
GO:0015708,0
GO:0040039,0
GO:0010438,0
GO:0006102,13
GO:0031567,0
GO:0009692,0
GO:1901759,0
GO:0061222,0
GO:0141156,0
GO:0009304,0
GO:0070600,0
GO:0002234,0
GO:0014860,0
GO:0061307,0
GO:0046313,0
GO:0019457,0
GO:1905842,0
GO:1903479,37
GO:0031582,0
GO:0006176,0
GO:0018105,246
GO:0060071,31
GO:1902758,0
GO:0006303,132
GO:0036350,0
GO:0036324,11
GO:0019589,0
GO:0033474,0
GO:0062034,0
GO:0086064,7
GO:0055085,2632
GO:0097292,0
GO:0042541,18
GO:0070091,0
GO:1903607,0
GO:0002781,0
GO:0042837,0
GO:0019297,0
GO:2000813,88
GO:0015810,45
GO:0071475,21
GO:2000796,0
GO:1902196,0
GO:0033527,0
GO:0090384,1
GO:0009397,0
GO:0046551,0
GO:0036213,0
GO:1902321,0
GO:0018418,0
GO:0006906,114
GO:0009863,0
GO:0046338,13
GO:0043396,0
GO:0160043,0
GO:0099607,1
GO:0046469,0
GO:0019352,0
GO:0033396,5
GO:0043379,10
GO:0032870,121
GO:0086055,0
GO:0003271,0
GO:0060318,11
GO:0006180,0
GO:0033514,2
GO:0072633,0
GO:0046314,6
GO:0071573,0
GO:0051070,0
GO:0036386,0
GO:0042869,0
GO:0099537,30
GO:0110051,0
GO:0060531,0
GO:0071607,0
GO:0070307,43
GO:0071213,0
GO:0060493,0
GO:0032923,0
GO:0014037,173
GO:0035927,0
GO:0070242,22
GO:0090627,0
GO:0007343,9
GO:0015796,0
GO:0071868,0
GO:0099519,3
GO:0070238,0
GO:0140242,12
GO:1901174,0
GO:0071299,0
GO:0046653,45
GO:1903405,0
GO:0032185,129
GO:0034453,117
GO:0006383,29
GO:0060704,0
GO:0019477,6
GO:1904845,16
GO:0072258,0
GO:0140300,3
GO:0006279,6
GO:0002561,0
GO:0034643,0
GO:0160144,0
GO:0034631,0
GO:0106110,0
GO:0070315,22
GO:0061583,0
GO:0044597,24
GO:1905130,0
GO:0045103,7
GO:0110141,0
GO:0044248,0
GO:0110136,0
GO:0044818,65
GO:0003247,0
GO:0099183,3
GO:0070206,13
GO:0009074,1
GO:1990540,8
GO:0043093,0
GO:1990344,0
GO:0048362,0
GO:1902570,14
GO:0006744,31
GO:0035700,0
GO:0019440,5
GO:0009052,9
GO:0120197,115
GO:1990933,0
GO:0007216,81
GO:1900768,0
GO:0060502,21
GO:0046657,8
GO:0010463,39
GO:0030704,0
GO:0043303,96
GO:0016031,12
GO:0150062,20
GO:0071399,0
GO:1902199,0
GO:1901661,3
GO:0006298,127
GO:0010970,6
GO:0042116,90
GO:0032787,5
GO:0140043,0
GO:0071244,0
GO:0034063,90
GO:1990044,21
GO:0140146,0
GO:0031109,0
GO:0071693,0
GO:1905378,0
GO:1904106,8
GO:0021709,0
GO:0002065,0
GO:0051311,0
GO:0033320,1
GO:0046667,0
GO:0035231,0
GO:0002399,3
GO:0090731,0
GO:0110018,0
GO:0035684,0
GO:0002556,0
GO:0008104,794
GO:0098656,153
GO:0042219,0
GO:0014839,1
GO:1904556,3
GO:0061804,0
GO:1990747,0
GO:0072417,0
GO:0010742,17
GO:0051685,3
GO:0009195,0
GO:0060989,34
GO:0002575,0
GO:0007260,8
GO:0170039,0
GO:0046496,3
GO:0007021,56
GO:0006505,8
GO:0010785,0
GO:1903125,0
GO:0061015,20
GO:1901703,0
GO:0006081,21
GO:0080173,0
GO:0042213,0
GO:0030033,42
GO:0010192,0
GO:0006666,0
GO:0097468,0
GO:0072192,0
GO:0072389,0
GO:0045448,0
GO:0051484,0
GO:0099014,0
GO:0035701,4
GO:0045035,0
GO:0010124,7
GO:0051209,257
GO:0090539,0
GO:0035941,0
GO:0007267,155
GO:0071881,0
GO:1900606,0
GO:1901936,0
GO:0071302,0
GO:0043704,0
GO:0070813,28
GO:0000761,0
GO:0140207,0
GO:0002771,0
GO:0031623,191
GO:0032636,0
GO:1900767,0
GO:0072351,0
GO:0045321,3
GO:0098957,122
GO:0061445,3
GO:0051456,0
GO:0003389,0
GO:0009072,20
GO:0006680,6
GO:1901108,0
GO:0090481,8
GO:1901026,1
GO:0001556,44
GO:0006265,9
GO:0160015,0
GO:0061983,0
GO:0019835,0
GO:0086019,7
GO:1903539,18
GO:0007603,15
GO:1903560,0
GO:1902194,0
GO:0097029,3
GO:0072332,159
GO:0062177,6
GO:0046354,0
GO:0010476,0
GO:0036399,14
GO:0097278,35
GO:0007223,0
GO:0031671,0
GO:0045163,113
GO:0060130,0
GO:1902657,0
GO:0045991,0
GO:0032789,1
GO:0007127,71
GO:0006367,36
GO:0043572,0
GO:0071669,0
GO:0003345,0
GO:0071487,0
GO:0009401,0
GO:0010685,0
GO:0045196,0
GO:0099559,0
GO:0052317,0
GO:0071526,169
GO:0020014,0
GO:0098708,24
GO:0033548,0
GO:0009826,6
GO:0072140,0
GO:0098710,0
GO:1990938,0
GO:0002576,31
GO:0006057,0
GO:0044779,9
GO:0038162,5
GO:0060715,0
GO:0031506,0
GO:0006294,0
GO:1903673,8
GO:0044837,0
GO:0045151,0
GO:0006353,45
GO:0036108,0
GO:0140014,12
GO:0033103,0
GO:0120039,0
GO:0046246,0
GO:0051653,38
GO:0035471,0
GO:0062093,0
GO:0021967,0
GO:1904868,0
GO:0035617,11
GO:0035881,23
GO:1990579,0
GO:0002265,32
GO:0071420,34
GO:1902488,0
GO:0140236,12
GO:1904082,0
GO:0061517,0
GO:0038151,0
GO:0010787,0
GO:0034265,0
GO:0000727,15
GO:0071542,53
GO:0016261,0
GO:0006391,0
GO:0033319,0
GO:0019680,0
GO:0046618,60
GO:1990539,0
GO:0048490,52
GO:1902497,0
GO:1904068,0
GO:0048588,49
GO:0098729,0
GO:0060810,0
GO:0098628,0
GO:0089707,0
GO:0009435,12
GO:0006564,17
GO:0100008,0
GO:0042366,65
GO:0010381,0
GO:0009262,0
GO:0051546,3
GO:0006578,0
GO:0031577,0
GO:0062102,0
GO:0097293,0
GO:0044807,0
GO:0098535,0
GO:0010790,0
GO:1900829,0
GO:0030254,0
GO:0097527,1
GO:0006884,149
GO:0061591,84
GO:0098629,22
GO:0090667,0
GO:1904065,0
GO:0036246,0
GO:0071266,1
GO:0022010,63
GO:0036034,0
GO:0061141,1
GO:0090678,0
GO:1904274,13
GO:0097211,12
GO:0070871,0
GO:0071481,80
GO:0030097,244
GO:0001193,0
GO:0045457,0
GO:0010584,0
GO:0002182,0
GO:0015957,0
GO:0140650,0
GO:0009094,0
GO:0038065,50
GO:0045461,0
GO:0019525,0
GO:2001289,0
GO:0106097,0
GO:0033539,27
GO:0061935,0
GO:0140406,0
GO:0046488,119
GO:0034439,0
GO:0021535,0
GO:0051485,0
GO:0061256,0
GO:0035434,29
GO:0035076,0
GO:0061572,5
GO:0046502,0
GO:0043063,5
GO:0046884,0
GO:0086023,6
GO:0140462,0
GO:0007259,140
GO:0033480,0
GO:0045175,6
GO:1990700,7
GO:0048864,48
GO:0060478,52
GO:0006523,0
GO:0071970,0
GO:0071882,0
GO:0001830,7
GO:1901826,0
GO:0019364,0
GO:0044854,2
GO:0034033,16
GO:0008302,0
GO:0033521,0
GO:0042812,0
GO:0003278,0
GO:1990036,27
GO:1903608,18
GO:0033512,11
GO:0018943,0
GO:0010659,47
GO:0001845,9
GO:0043308,0
GO:0042214,2
GO:0071828,0
GO:0060949,0
GO:0046057,0
GO:0006901,43
GO:0062142,0
GO:1901730,0
GO:0095500,67
GO:0061253,0
GO:0034220,1577
GO:1905135,3
GO:0015736,0
GO:0034489,0
GO:0000973,0
GO:0120316,96
GO:0046440,0
GO:1990134,0
GO:0045332,144
GO:0045066,6
GO:0097172,0
GO:0140467,14
GO:0051013,34
GO:0002778,0
GO:0042052,0
GO:0001941,4
GO:0035710,0
GO:0141199,0
GO:0098863,0
GO:0045576,29
GO:1901279,0
GO:1990806,72
GO:1904611,0
GO:0033962,27
GO:0071678,2
GO:0044277,0
GO:2000812,0
GO:0070162,0
GO:0002064,68
GO:0044857,10
GO:0002325,0
GO:1905251,0
GO:0072595,0
GO:0002442,0
GO:0072567,0
GO:0010458,33
GO:1990608,0
GO:0021850,0
GO:0034390,4
GO:0001171,0
GO:0071403,1
GO:1900583,0
GO:0048813,301
GO:0072240,0
GO:0009403,1
GO:0038129,14
GO:0003371,0
GO:0044098,0
GO:0051304,24
GO:0006532,5
GO:0060642,0
GO:0043272,0
GO:0021929,0
GO:0120117,0
GO:0032334,0
GO:0015971,0
GO:0006686,51
GO:2001061,0
GO:0051225,211
GO:0035778,0
GO:0071838,5
GO:0046967,0
GO:1904541,0
GO:0098507,0
GO:0048322,0
GO:0071484,0
GO:0061727,2
GO:0000226,951
GO:0097477,8
GO:0038095,12
GO:0140966,0
GO:0097115,4
GO:0002152,8
GO:0019342,0
GO:0036514,5
GO:0051293,6
GO:0070832,0
GO:0032581,0
GO:0098528,6
GO:0022027,7
GO:0060471,3
GO:0051295,67
GO:0061454,0
GO:1902359,0
GO:0048760,0
GO:0090377,0
GO:0071485,0
GO:1905632,0
GO:0030970,68
GO:1903864,0
GO:0061589,60
GO:0018882,0
GO:0010597,0
GO:0097252,2
GO:0097316,0
GO:0097168,0
GO:0038017,0
GO:0009448,6
GO:0061988,0
GO:0034605,232
GO:0035592,0
GO:0031033,0
GO:0072204,0
GO:0006307,25
GO:0086068,0
GO:0060911,0
GO:0150018,3
GO:0012501,115
GO:0050798,43
GO:0070901,0
GO:0032614,0
GO:1903540,0
GO:0061259,0
GO:0019554,0
GO:0033351,0
GO:0071446,0
GO:0120181,2
GO:2001128,0
GO:0070625,0
GO:0019877,0
GO:0046178,0
GO:1901274,0
GO:0032258,0
GO:0002330,0
GO:0033382,0
GO:0141212,0
GO:0001182,0
GO:0140977,0
GO:0038155,9
GO:0009372,0
GO:0070252,17
GO:0006203,1
GO:0061082,0
GO:0008218,0
GO:0030837,173
GO:0021873,0
GO:0170034,0
GO:2000701,0
GO:0055057,0
GO:0061207,0
GO:0090166,9
GO:0071297,0
GO:0097117,41
GO:1990262,0
GO:0051504,0
GO:1903191,0
GO:0002302,0
GO:0120009,274
GO:0042372,0
GO:0099054,36
GO:0019559,0
GO:0060011,12
GO:0006668,0
GO:1902779,0
GO:0070947,0
GO:1901067,0
GO:1902112,0
GO:0046244,0
GO:0008071,0
GO:0000752,0
GO:0031669,173
GO:0009142,2
GO:0036112,9
GO:0009246,0
GO:0055129,8
GO:1902297,0
GO:1901828,0
GO:0043007,26
GO:0009697,0
GO:0009715,0
GO:1903446,0
GO:0006468,3321
GO:0097707,0
GO:0048628,0
GO:0033210,26
GO:0016120,0
GO:0033376,0
GO:0046032,32
GO:0071416,0
GO:0003363,0
GO:0051486,0
GO:0051757,0
GO:0043454,0
GO:0035766,0
GO:0010056,0
GO:0051261,2
GO:0071360,48
GO:0015694,24
GO:1904679,0
GO:0044407,0
GO:0048666,366
GO:0032486,38
GO:0021939,0
GO:0050902,0
GO:0098937,0
GO:0005978,141
GO:0097384,4
GO:0015939,0
GO:0043636,0
GO:0030261,57
GO:0042070,0
GO:0006571,0
GO:0071543,0
GO:1990558,0
GO:0006585,2
GO:0042694,5
GO:0033322,0
GO:0071911,7
GO:1904976,8
GO:0019308,0
GO:0032005,0
GO:0006338,1623
GO:1901601,0
GO:1901109,0
GO:0014902,100
GO:0009131,0
GO:0019692,0
GO:0099017,7
GO:1905234,0
GO:0140636,0
GO:0015780,0
GO:0070060,0
GO:0045463,0
GO:1901172,0
GO:0061623,0
GO:0052700,0
GO:0001826,54
GO:0099404,0
GO:0019243,16
GO:0030968,134
GO:1901754,0
GO:0009159,0
GO:0002335,5
GO:0035349,1
GO:0018885,0
GO:0007038,0
GO:0002752,3
GO:0046072,0
GO:0099536,81
GO:0140916,57
GO:0007094,109
GO:0045990,0
GO:0051206,0
GO:0006801,93
GO:0046196,0
GO:0038163,8
GO:0099613,0
GO:0035793,10
GO:0035865,141
GO:0097052,13
GO:0043100,0
GO:0022019,0
GO:0032629,0
GO:0099542,0
GO:1990155,0
GO:0046177,3
GO:0009211,0
GO:0045051,0
GO:0061526,7
GO:0061951,25
GO:0062021,0
GO:0043708,0
GO:0046225,0
GO:0070502,0
GO:0035041,0
GO:0051687,0
GO:0120309,0
GO:0046232,0
GO:0097251,0
GO:0048344,0
GO:0032615,0
GO:0000411,0
GO:0009868,0
GO:0009139,0
GO:0021947,0
GO:1904019,73
GO:0036078,0
GO:0046499,6
GO:0001774,67
GO:0032193,0
GO:0033470,0
GO:0007299,0
GO:0010161,0
GO:1902190,0
GO:1900632,0
GO:0070550,0
GO:0046457,0
GO:0071257,36
GO:0006175,0
GO:1903605,0
GO:0042668,0
GO:0030242,0
GO:0019745,0
GO:0051502,0
GO:0007195,12
GO:0036052,0
GO:0002071,23
GO:0071425,79
GO:0031290,110
GO:1990255,0
GO:0060069,0
GO:0009873,0
GO:0035588,0
GO:0006414,33
GO:0019577,0
GO:0035172,0
GO:0042267,55
GO:0001110,0
GO:0032121,0
GO:0036498,34
GO:0019451,0
GO:0006236,0
GO:0150059,0
GO:0021930,55
GO:0046065,0
GO:0070898,46
GO:0021907,0
GO:0097712,0
GO:0009065,0
GO:0060919,0
GO:0045036,0
GO:0031887,0
GO:0000745,0
GO:1901705,0
GO:0009734,0
GO:0006579,1
GO:0046395,11
GO:0033865,0
GO:0072675,41
GO:1901147,0
GO:1905755,0
GO:0048824,0
GO:0032621,0
GO:1900636,0
GO:0002758,13
GO:0035090,0
GO:1901939,0
GO:0072653,0
GO:0070792,0
GO:0072139,2
GO:0006251,0
GO:0048709,225
GO:0006268,46
GO:0016344,58
GO:0043353,47
GO:0030979,0
GO:0009255,0
GO:1904887,5
GO:0035935,0
GO:0090112,0
GO:0008286,438
GO:0045313,0
GO:0006881,0
GO:0006019,0
GO:0006031,0
GO:0019483,19
GO:0120113,0
GO:0006754,111
GO:0006278,24
GO:0021526,3
GO:0042400,0
GO:1902086,0
GO:0007017,96
GO:0032640,0
GO:0060121,5
GO:0046785,170
GO:1901482,0
GO:0001777,0
GO:1903102,0
GO:1903968,0
GO:1904072,0
GO:0001575,0
GO:0061805,0
GO:0016322,138
GO:0062236,0
GO:0015955,0
GO:0006558,0
GO:0090561,0
GO:1904422,0
GO:0034276,0
GO:0071457,0
GO:0019410,0
GO:0043143,0
GO:0002773,0
GO:0043615,18
GO:0002192,6
GO:0042873,0
GO:0019466,0
GO:0035660,0
GO:0099539,0
GO:0160024,0
GO:0120232,0
GO:1902016,0
GO:1905319,4
GO:0099592,0
GO:0045232,0
GO:0099560,106
GO:1990484,0
GO:0010786,0
GO:0061204,0
GO:0051696,0
GO:0101027,0
GO:0140529,0
GO:0045117,0
GO:0030717,0
GO:0035089,57
GO:0030382,24
GO:0019585,36
GO:0001833,52
GO:0021874,9
GO:0014004,15
GO:0071410,0
GO:1905129,0
GO:1904071,104
GO:0060812,0
GO:0045443,0
GO:0042874,9
GO:0033055,0
GO:0010190,0
GO:0042722,0
GO:0000740,0
GO:0009560,0
GO:1902775,0
GO:0035669,24
GO:0003295,0
GO:0010263,0
GO:0036152,19
GO:0046463,0
GO:0051975,0
GO:0009833,0
GO:0032973,1
GO:0140783,0
GO:1901906,0
GO:0043579,0
GO:0099637,0
GO:0042144,0
GO:0140742,0
GO:0070601,0
GO:0086069,25
GO:0061103,0
GO:0007405,172
GO:0051169,24
GO:0006198,91
GO:0042371,1
GO:0021948,0
GO:0042706,0
GO:0045109,157
GO:0046185,9
GO:0043491,440
GO:0052314,2
GO:0060003,3
GO:0072198,0
GO:1902783,0
GO:0097054,0
GO:0033056,0
GO:0060838,9
GO:0072344,65
GO:1902439,0
GO:1904563,0
GO:0061334,0
GO:0022011,284
GO:1902791,0
GO:0031106,37
GO:0060120,0
GO:0160054,29
GO:0071479,316
GO:0034138,32
GO:0014723,8
GO:0030418,0
GO:0140526,0
GO:1902192,0
GO:1990672,0
GO:0052652,1
GO:0035607,2
GO:0051294,26
GO:0086072,0
GO:0008543,499
GO:0071621,1
GO:0090378,0
GO:0010776,0
GO:0062075,0
GO:0006542,5
GO:1903926,15
GO:0080175,0
GO:0002311,0
GO:0009768,0
GO:0098974,108
GO:0002264,0
GO:1990019,0
GO:0032637,0
GO:0021932,0
GO:0015735,0
GO:0003261,0
GO:0097374,17
GO:0034728,28
GO:0045016,11
GO:0036060,21
GO:1903119,0
GO:0042370,0
GO:0048212,0
GO:0044718,0
GO:0090617,0
GO:0019429,0
GO:0033386,1
GO:1902755,0
GO:0035393,0
GO:0090222,5
GO:0044804,59
GO:0042437,0
GO:0042797,4
GO:0016325,0
GO:0071232,0
GO:0046383,0
GO:0051729,13
GO:0060719,0
GO:0072731,0
GO:0071609,0
GO:0003388,0
GO:0006591,6
GO:0030199,183
GO:0007272,0
GO:0140159,0
GO:0097248,0
GO:0070192,66
GO:0006712,0
GO:0031580,0
GO:0021960,14
GO:1904758,0
GO:0038116,77
GO:0009659,0
GO:0097045,0
GO:0002420,0
GO:1900567,0
GO:0016119,0
GO:0009297,0
GO:0072629,0
GO:0061615,17
GO:0009693,0
GO:0070501,0
GO:0031589,134
GO:0032506,18
GO:0006799,0
GO:0110105,0
GO:1901930,0
GO:0048870,377
GO:0045013,0
GO:0071892,0
GO:0045229,0
GO:0045500,0
GO:0001787,25
GO:0033059,0
GO:0007294,0
GO:0061592,0
GO:0010737,294
GO:0061456,0
GO:0106298,0
GO:0045165,134
GO:0035725,508
GO:0035736,0
GO:0000052,60
GO:0044467,0
GO:0006569,25
GO:0003419,3
GO:0072597,0
GO:0099041,29
GO:0046520,0
GO:0035556,2206
GO:0072711,96
GO:0030041,174
GO:0008608,27
GO:0032124,0
GO:0000086,88
GO:0071281,17
GO:0000724,500
GO:0014003,62
GO:0140854,0
GO:1990575,0
GO:0070943,0
GO:0015969,0
GO:1903120,0
GO:0046224,0
GO:0097528,0
GO:1901926,0
GO:0033316,0
GO:1990253,31
GO:0098840,3
GO:0060517,0
GO:0009742,0
GO:0060952,0
GO:0046042,0
GO:1902757,0
GO:0006256,10
GO:1903938,0
GO:1990545,0
GO:0002289,0
GO:0007344,0
GO:1901278,0
GO:0033572,24
GO:0043654,25
GO:0060219,74
GO:0039692,4
GO:0097022,37
GO:0048285,0
GO:0016116,0
GO:0060496,0
GO:0015795,0
GO:0008655,0
GO:0098749,0
GO:0030847,0
GO:0007049,2111
GO:0072252,0
GO:0048197,0
GO:0045814,157
GO:0070408,0
GO:0061862,0
GO:0003390,0
GO:0060519,0
GO:0061025,130
GO:1903409,18
GO:0060352,7
GO:0042457,0
GO:0060995,0
GO:0046655,49
GO:0030183,245
GO:0051123,89
GO:0072657,134
GO:0071411,0
GO:0009300,0
GO:0006528,0
GO:0048284,7
GO:0036337,28
GO:0051658,8
GO:0046390,0
GO:0006169,0
GO:0042251,0
GO:0043710,0
GO:0031134,7
GO:0048791,107
GO:0006108,61
GO:0035590,13
GO:1903046,0
GO:0071726,0
GO:0052709,0
GO:0007156,1909
GO:0019480,0
GO:0060036,0
GO:0007084,3
GO:0090528,0
GO:0030265,0
GO:0051256,9
GO:0071335,0
GO:0006910,59
GO:0070395,0
GO:0061345,0
GO:1902821,0
GO:0001781,0
GO:0038180,80
GO:0030029,23
GO:1901929,0
GO:0036289,13
GO:0045337,3
GO:0032836,156
GO:0170046,0
GO:0048251,58
GO:0035645,0
GO:0140024,0
GO:0042388,0
GO:1990616,0
GO:0045104,451
GO:0000953,0
GO:0002259,0
GO:0030577,0
GO:0061939,4
GO:1900553,0
GO:0060898,0
GO:0032257,0
GO:0090435,24
GO:0140591,0
GO:1990603,2
GO:0021817,157
GO:0070499,0
GO:0008103,0
GO:0006776,4
GO:0071679,143
GO:1900813,0
GO:0071303,0
GO:1990536,0
GO:0035779,0
GO:0007159,83
GO:0038114,0
GO:0035319,0
GO:0141204,0
GO:0003364,0
GO:0097534,0
GO:0010995,0
GO:1902781,0
GO:0002220,0
GO:0046213,0
GO:0000762,0
GO:0061509,0
GO:0061302,2
GO:0009866,0
GO:0009152,42
GO:0043482,0
GO:0044577,0
GO:0032194,1
GO:1904639,8
GO:0071250,0
GO:1901283,0
GO:0150090,0
GO:0006575,0
GO:0033028,43
GO:0018926,0
GO:0001752,0
GO:0008063,9
GO:0015778,0
GO:0019654,0
GO:0007464,0
GO:0019524,0
GO:0031032,216
GO:0006892,49
GO:0042463,0
GO:0097154,8
GO:0032507,55
GO:0042552,290
GO:0043249,53
GO:0046414,0
GO:0009174,0
GO:0010683,0
GO:0061633,0
GO:0072137,90
GO:0042795,23
GO:0035854,0
GO:0006699,25
GO:0007265,300
GO:0007277,0
GO:0035350,1
GO:0072683,3
GO:1904763,0
GO:0090522,23
GO:0070306,40
GO:0043933,78
GO:0006086,8
GO:0048757,0
GO:0030543,0
GO:0043578,0
GO:0033369,0
GO:0016264,16
GO:0071483,0
GO:0071527,0
GO:0000712,65
GO:0009992,10
GO:0046487,18
GO:0003132,0
GO:0006915,2221
GO:0031152,0
GO:0030521,52
GO:0106385,1
GO:0060950,0
GO:0061278,0
GO:0015967,0
GO:0035973,7
GO:0033611,0
GO:0015968,0
GO:0032987,0
GO:0000758,0
GO:0033359,0
GO:1900882,0
GO:0035753,0
GO:0060035,26
GO:0032602,0
GO:0009103,0
GO:0033378,0
GO:0019375,0
GO:0051872,0
GO:0140572,0
GO:0071474,88
GO:0061577,19
GO:0150137,0
GO:0070072,30
GO:0051979,0
GO:0009957,40
GO:1901053,5
GO:0038130,23
GO:0097476,0
GO:0071277,720
GO:0009825,0
GO:0070777,1
GO:0000160,4
GO:2001317,0
GO:0006233,2
GO:0018897,0
GO:0032363,0
GO:0042113,247
GO:0006107,38
GO:0044211,7
GO:0072291,0
GO:1904937,0
GO:0006896,53
GO:1990535,89
GO:1903210,6
GO:0021917,0
GO:0099646,0
GO:1990627,0
GO:0009688,0
GO:0150061,0
GO:1990764,0
GO:1905691,40
GO:1904646,284
GO:0006190,0
GO:0045338,2
GO:0017145,8
GO:0001059,0
GO:0072263,0
GO:0009920,0
GO:0021971,0
GO:0038190,3
GO:0038001,32
GO:0072537,9
GO:0048361,0
GO:0007023,56
GO:1905835,0
GO:1990918,81
GO:0099515,0
GO:0042684,0
GO:0007028,15
GO:0140201,0
GO:0097529,11
GO:0060960,0
GO:0035719,0
GO:0062052,0
GO:0043580,0
GO:0141137,0
GO:0016114,0
GO:0009143,6
GO:0042983,0
GO:0002296,22
GO:0060487,27
GO:0045771,0
GO:0006376,56
GO:0042942,0
GO:0061539,0
GO:0019444,0
GO:0019339,0
GO:0071888,2
GO:0009170,0
GO:1901686,0
GO:0007318,0
GO:0061936,0
GO:0072382,1
GO:0000395,33
GO:0106044,2
GO:0072062,0
GO:0002271,0
GO:0035322,0
GO:0048913,0
GO:0009155,0
GO:1902600,345
GO:1905584,3
GO:0080129,0
GO:1900238,0
GO:1905350,0
GO:0009125,0
GO:0044242,4
GO:0016100,0
GO:0090410,7
GO:0018924,0
GO:0006687,9
GO:0039691,0
GO:0061257,0
GO:0038026,27
GO:0042181,0
GO:0046841,0
GO:0001192,0
GO:0045198,45
GO:0030974,7
GO:0061093,0
GO:0021791,0
GO:0070314,31
GO:0045795,14
GO:0072762,0
GO:0071276,95
GO:0030634,0
GO:0014872,0
GO:0014030,1
GO:0086030,0
GO:0072574,36
GO:0015782,2
GO:0032989,4
GO:0061734,33
GO:0048768,0
GO:0140722,0
GO:1905641,0
GO:1904392,0
GO:0019065,23
GO:0016124,0
GO:0021786,0
GO:0035706,0
GO:0060783,0
GO:0000389,1
GO:0090243,0
GO:1904615,0
GO:0140894,0
GO:0034269,0
GO:0051756,0
GO:1902279,0
GO:0099098,0
GO:0033379,0
GO:0044085,0
GO:0071315,10
GO:0006016,0
GO:0150007,67
GO:0090292,178
GO:0018344,0
GO:1903790,8
GO:0140125,0
GO:0015910,6
GO:0006363,9
GO:0098730,0
GO:0051132,0
GO:1903044,27
GO:0140140,0
GO:0072016,20
GO:0061867,0
GO:0009099,1
GO:0006289,103
GO:0045143,15
GO:0002367,0
GO:0034377,0
GO:1904837,0
GO:0060708,5
GO:0034203,0
GO:0018965,0
GO:0034198,155
GO:0038094,24
GO:1990491,0
GO:0071236,16
GO:0035337,0
GO:0060764,7
GO:0048235,0
GO:0090244,0
GO:0035873,16
GO:0097106,71
GO:0007187,33
GO:0072256,0
GO:1902481,0
GO:0071975,0
GO:1990950,0
GO:0009149,0
GO:0141013,0
GO:0016197,382
GO:0009691,0
GO:0071497,0
GO:0006458,0
GO:1902287,38
GO:0009847,0
GO:0050846,0
GO:0009398,0
GO:2001305,0
GO:0035329,127
GO:0035884,0
GO:0000012,54
GO:0097706,0
GO:0042274,82
GO:0140913,0
GO:0035872,0
GO:0042773,16
GO:0030851,63
GO:0071334,0
GO:0038165,24
GO:0007147,0
GO:1903443,0
GO:0042343,0
GO:0034490,0
GO:0019620,0
GO:0036010,59
GO:1901737,0
GO:0072741,0
GO:0019473,0
GO:0009066,0
GO:0018938,0
GO:0019279,0
GO:0009060,73
GO:0090639,0
GO:0007264,715
GO:0072663,0
GO:0015797,0
GO:0098784,0
GO:0051596,0
GO:0009667,0
GO:0006671,0
GO:1903964,0
GO:0035781,0
GO:0009106,0
GO:0048866,0
GO:0072489,0
GO:0019369,173
GO:0046549,97
GO:0043651,118
GO:0045465,0
GO:0140205,0
GO:0030394,0
GO:0061472,0
GO:0140641,0
GO:0002359,0
GO:0010191,0
GO:0061909,30
GO:0006191,0
GO:0046474,20
GO:0019430,33
GO:0042573,38
GO:0032639,0
GO:0048327,0
GO:0048869,2
GO:0051451,45
GO:0035789,4
GO:0016024,49
GO:0051469,1
GO:0033526,0
GO:0009306,204
GO:0061323,0
GO:0035316,0
GO:1904161,0
GO:0097051,36
GO:0046055,12
GO:0016477,1159
GO:0098849,13
GO:0010478,0
GO:1900994,0
GO:0044571,13
GO:0008535,15
GO:0009772,0
GO:0097036,1
GO:0002371,0
GO:0034214,25
GO:0007312,0
GO:0034380,13
GO:0010215,0
GO:0055007,280
GO:1990355,0
GO:0003384,0
GO:0050872,80
GO:0035429,8
GO:0043421,0
GO:0009198,0
GO:0140917,28
GO:0070922,32
GO:1900764,0
GO:0008361,148
GO:0052699,0
GO:1903420,6
GO:0090251,73
GO:0000916,0
GO:0007400,0
GO:0009747,0
GO:0035943,0
GO:0045176,115
GO:0000429,0
GO:0033497,0
GO:0000491,0
GO:0006228,63
GO:0009407,0
GO:0034174,0
GO:0071926,0
GO:1900880,0
GO:1903185,0
GO:0010497,0
GO:0052648,0
GO:0002148,0
GO:0033073,0
GO:0060936,0
GO:1902988,0
GO:0001555,0
GO:0038014,0
GO:0018173,0
GO:1900603,0
GO:0071612,0
GO:0048219,10
GO:0021896,0
GO:0097193,59
GO:0009831,0
GO:0022029,22
GO:1902300,0
GO:0070658,0
GO:0019415,0
GO:0032906,0
GO:0044581,0
GO:0018939,0
GO:0070220,0
GO:1990793,0
GO:0051177,11
GO:1904374,0
GO:0006603,4
GO:0071990,0
GO:0017004,7
GO:0034496,0
GO:0009232,0
GO:0071494,18
GO:0060739,1
GO:0007188,217
GO:0046950,0
GO:0034411,0
GO:0009090,0
GO:0046521,0
GO:0030153,0
GO:1904867,3
GO:0014908,5
GO:0035096,0
GO:0002521,9
GO:0090160,45
GO:0060959,0
GO:0043954,7
GO:0086044,7
GO:0015859,0
GO:0090605,0
GO:0046305,0
GO:0051754,19
GO:0009205,0
GO:1904606,0
GO:0019611,0
GO:0048753,0
GO:0042976,6
GO:0021889,4
GO:0021852,49
GO:1901931,0
GO:0021779,0
GO:0021795,49
GO:0046552,0
GO:0031147,0
GO:0072747,0
GO:0022032,0
GO:0009048,78
GO:0071456,690
GO:0022031,0
GO:0090677,0
GO:0046901,2
GO:1990799,0
GO:0048821,62
GO:1900634,0
GO:0007044,50
GO:0009748,0
GO:0072319,0
GO:0043060,0
GO:0042864,0
GO:0071895,11
GO:0007172,4
GO:0061110,12
GO:0002774,0
GO:0036301,0
GO:0006470,608
GO:0044861,34
GO:1900554,0
GO:0032533,0
GO:0071279,3
GO:0009302,0
GO:0061646,36
GO:0014045,9
GO:0044319,45
GO:0002298,0
GO:0048134,0
GO:0043102,0
GO:1905346,0
GO:0060012,14
GO:0070308,0
GO:0010421,0
GO:0006697,0
GO:0009179,0
GO:0097250,8
GO:0042679,0
GO:0006688,25
GO:0009200,1
GO:0006907,20
GO:0009264,32
GO:0072635,0
GO:0072015,69
GO:0031038,0
GO:0030311,6
GO:0120084,0
GO:1990831,0
GO:0030072,16
GO:0140541,0
GO:0071397,161
GO:0045446,18
GO:0038113,16
GO:0038152,0
GO:0006734,97
GO:0038088,0
GO:0061415,0
GO:0035898,1
GO:0048772,0
GO:0006797,0
GO:0097021,1
GO:1902925,0
GO:0048015,144
GO:0006301,42
GO:0002270,1
GO:0030719,33
GO:0044786,0
GO:0002901,1
GO:0009686,0
GO:0070716,0
GO:0018976,0
GO:0042340,0
GO:0072274,0
GO:0097118,31
GO:1990688,0
GO:1900801,0
GO:0060607,0
GO:0003341,660
GO:0090679,0
GO:0062171,0
GO:0062121,0
GO:0061531,0
GO:0033380,0
GO:0015793,17
GO:1904562,26
GO:0070222,0
GO:0006555,29
GO:1900785,0
GO:0038196,0
GO:0070753,0
GO:0071829,0
GO:0043401,63
GO:0018888,0
GO:0002281,75
GO:0003260,0
GO:0042147,274
GO:0042180,43
GO:0006890,191
GO:0097174,0
GO:0021968,0
GO:0019501,0
GO:0010457,130
GO:0101026,0
GO:0019493,0
GO:0009436,18
GO:0002001,0
GO:0006587,0
GO:0071332,0
GO:0000756,0
GO:0071333,339
GO:0140889,0
GO:1902432,0
GO:0007208,0
GO:0046455,0
GO:0042208,0
GO:0007258,0
GO:0009256,7
GO:0033080,22
GO:0051906,0
GO:0009091,0
GO:0001866,0
GO:0007288,164
GO:0070880,0
GO:0035232,0
GO:0042386,0
GO:0032604,0
GO:0060935,0
GO:1902178,2
GO:0006637,110
GO:0060271,1260
GO:0097103,0
GO:0000096,0
GO:0043375,4
GO:0034213,0
GO:0010142,0
GO:0046708,0
GO:0061258,0
GO:0052151,0
GO:0009199,0
GO:1901662,1
GO:0002574,6
GO:0007158,48
GO:0085029,38
GO:0051761,0
GO:0110122,0
GO:0071670,20
GO:0070459,0
GO:0098718,0
GO:1901908,0
GO:0018896,0
GO:0042851,0
GO:1902170,13
GO:0060038,96
GO:0014010,15
GO:1901965,0
GO:0071994,0
GO:1903361,5
GO:0060813,0
GO:1990683,9
GO:0052543,0
GO:0048867,0
GO:0016204,0
GO:0042492,40
GO:0009395,149
GO:0097324,5
GO:1902386,0
GO:0052325,0
GO:1990000,63
GO:0008045,77
GO:0036294,14
GO:0046342,0
GO:0120174,0
GO:0021870,19
GO:0071163,2
GO:0090127,0
GO:0006189,15
GO:0071234,0
GO:0070227,10
GO:0007157,336
GO:1990961,56
GO:0009971,0
GO:0090680,0
GO:0030518,33
GO:1904919,0
GO:0030316,145
GO:0042026,27
GO:0033477,2
GO:1990069,0
GO:0034462,19
GO:0019463,0
GO:0045017,0
GO:0061321,0
GO:2001121,0
GO:0019481,6
GO:0090332,0
GO:0097680,35
GO:1903401,12
GO:0035353,0
GO:0046490,2
GO:0097284,100
GO:0003310,8
GO:0061171,0
GO:0071385,108
GO:0009273,0
GO:1900160,0
GO:0061429,0
GO:1901832,0
GO:0048858,23
GO:0035212,3
GO:0036244,0
GO:0031163,0
GO:0072764,0
GO:0097192,86
GO:0070972,67
GO:0032361,0
GO:1902850,26
GO:0060882,0
GO:0007121,0
GO:0009668,0
GO:0046286,0
GO:0006573,0
GO:1990557,0
GO:0062095,0
GO:0060117,40
GO:0035313,22
GO:0048929,0
GO:0097049,37
GO:0019470,12
GO:0042670,35
GO:0023061,13
GO:0045227,0
GO:0046842,0
GO:0035099,0
GO:0048142,0
GO:0071249,0
GO:0160001,0
GO:0019933,126
GO:0048279,0
GO:0021518,0
GO:0035705,0
GO:0048894,0
GO:0001742,0
GO:0120193,133
GO:0010324,13
GO:0006574,8
GO:0006024,37
GO:1902381,0
GO:0006740,16
GO:0052703,0
GO:0033389,43
GO:0071287,32
GO:0032620,0
GO:0061720,0
GO:1905499,0
GO:0007135,0
GO:0042791,0
GO:0000098,0
GO:0015951,0
GO:0006670,44
GO:0140270,0
GO:0042218,0
GO:0010270,0
GO:0000054,1
GO:0008206,42
GO:0140865,4
GO:1901553,0
GO:0039016,0
GO:0010235,0
GO:0019622,0
GO:0046069,11
GO:0089704,0
GO:0010444,0
GO:0007129,226
GO:0006577,1
GO:1905324,0
GO:0060114,0
GO:0051316,0
GO:0010798,0
GO:0000244,58
GO:0006097,4
GO:0001731,5
GO:0045123,3
GO:0071506,0
GO:1902935,0
GO:0044751,1
GO:0072655,14
GO:1901273,0
GO:0090346,10
GO:1905353,0
GO:0038160,11
GO:0061796,0
GO:0034329,88
GO:0086098,5
GO:0071765,0
GO:0010573,22
GO:0072145,0
GO:0008315,10
GO:0048053,0
GO:0009148,0
GO:0007460,0
GO:0002334,1
GO:0010480,0
GO:0071374,13
GO:0044874,0
GO:0071405,0
GO:0061223,0
GO:0031629,65
GO:0007040,138
GO:0071222,480
GO:0034267,0
GO:1902222,0
GO:0104004,0
GO:0003397,0
GO:0044858,0
GO:0018942,0
GO:0006667,0
GO:0032536,1
GO:0046847,151
GO:0100010,0
GO:1905572,2
GO:0030725,0
GO:0033585,0
GO:0060889,0
GO:1990010,0
GO:0019651,0
GO:0019397,0
GO:0140203,0
GO:0048564,0
GO:0009683,0
GO:0007057,10
GO:0006072,5
GO:1901925,0
GO:1902217,0
GO:0098953,10
GO:0160040,24
GO:0072043,0
GO:0006240,0
GO:0035782,0
GO:0046053,0
GO:0110102,0
GO:1904584,0
GO:0071210,0
GO:0002557,0
GO:0032065,0
GO:0035664,0
GO:0061514,6
GO:1902085,0
GO:0021540,31
GO:0001896,0
GO:0019626,1
GO:0072749,0
GO:0062097,0
GO:0071365,0
GO:0072008,0
GO:0072386,0
GO:0042275,2
GO:0036299,0
GO:1900883,0
GO:0021887,0
GO:1990138,162
GO:0001119,0
GO:1904405,0
GO:0051365,5
GO:1902990,13
GO:1905660,0
GO:1904881,16
GO:0061511,15
GO:0035526,13
GO:0021514,3
GO:0009171,0
GO:0061619,0
GO:0140820,0
GO:0071225,34
GO:0075513,0
GO:0019452,28
GO:0072598,0
GO:1903241,5
GO:1904390,2
GO:0030578,27
GO:0032958,72
GO:0043449,0
GO:0019503,0
GO:0021855,0
GO:0072464,0
GO:0033364,0
GO:0042351,1
GO:0006533,5
GO:1901907,0
GO:1902984,0
GO:0006850,4
GO:0044773,32
GO:0008356,9
GO:0044565,6
GO:0036248,0
GO:0051652,0
GO:0070973,25
GO:0007165,7414
GO:0021530,3
GO:0043694,0
GO:0035655,13
GO:0048765,0
GO:0071377,50
GO:0036088,0
GO:0006691,54
GO:2000305,0
GO:0010069,0
GO:1901783,0
GO:0097380,0
GO:0043464,0
GO:0031103,167
GO:0033051,0
GO:0018934,0
GO:0035712,2
GO:0006824,18
GO:0071806,15
GO:0141196,0
GO:0006540,0
GO:0048057,0
GO:0019241,0
GO:0052695,50
GO:0060920,0
GO:1904314,0
GO:1990549,9
GO:1900607,0
GO:1901803,0
GO:0061330,0
GO:0072383,3
GO:0007529,10
GO:0030834,3
GO:0019295,0
GO:0070058,0
GO:0097656,0
GO:0097222,0
GO:0000720,19
GO:0071948,0
GO:1900604,0
GO:0141006,24
GO:0051838,17
GO:0033563,33
GO:0006535,9
GO:0033544,0
GO:0030099,60
GO:0072393,34
GO:0046845,0
GO:0042862,0
GO:0090137,0
GO:0090392,0
GO:0019630,0
GO:0043650,0
GO:0051305,0
GO:0000950,0
GO:0098869,182
GO:0015987,0
GO:0045464,0
GO:1900812,0
GO:1903712,7
GO:0071247,3
GO:0002680,0
GO:0014838,0
GO:0019665,0
GO:0044336,1
GO:0036462,26
GO:0018957,0
GO:0060052,48
GO:0070995,66
GO:0033352,0
GO:0071308,0
GO:0090518,0
GO:0097647,37
GO:0022028,19
GO:0047497,34
GO:0061984,0
GO:0009216,0
GO:0035964,0
GO:0046400,0
GO:1990109,0
GO:0140210,0
GO:0050428,16
GO:1901159,0
GO:0060710,5
GO:0003246,0
GO:0110052,0
GO:0002366,0
GO:0016082,176
GO:0031291,10
GO:0120323,0
GO:0009830,0
GO:0035787,5
GO:0048895,0
GO:0140635,0
GO:0015960,0
GO:0006166,13
GO:0099105,69
GO:0019350,0
GO:0071221,0
GO:0043288,0
GO:0106273,0
GO:0033292,128
GO:0000730,1
GO:0072723,0
GO:0071447,32
GO:0003399,0
GO:0036448,0
GO:0006796,18
GO:0015012,134
GO:0032616,0
GO:0033074,0
GO:0008065,3
GO:0071366,0
GO:0071330,0
GO:1905359,0
GO:0032289,12
GO:0009107,1
GO:0061270,0
GO:0019590,0
GO:0043602,10
GO:0048939,0
GO:0042761,49
GO:0007298,0
GO:0009834,0
GO:0097102,0
GO:0062235,0
GO:0043953,0
GO:0030965,0
GO:0090250,0
GO:0043062,0
GO:0097590,0
GO:0097435,30
GO:0071927,0
GO:0035384,0
GO:0140782,0
GO:0045445,124
GO:1904886,20
GO:0060030,0
GO:0001712,1
GO:0002223,16
GO:0019522,0
GO:0046391,0
GO:0097588,0
GO:0042262,12
GO:0019353,0
GO:0034413,0
GO:0072315,0
GO:0030727,0
GO:0006096,115
GO:0003329,2
GO:0170035,0
GO:0071226,3
GO:0031382,0
GO:0035383,0
GO:0019367,25
GO:0007019,120
GO:0015954,0
GO:0034644,217
GO:0051403,81
GO:0072751,0
GO:0015944,0
GO:0006246,0
GO:1903190,2
GO:0042675,0
GO:0000165,533
GO:0097090,4
GO:0140739,5
GO:0072150,0
GO:0035741,0
GO:0141187,0
GO:0070498,104
GO:0006635,172
GO:0061535,29
GO:0061616,0
GO:1990486,0
GO:0009183,0
GO:0002377,0
GO:0046067,0
GO:1905396,0
GO:1905288,0
GO:1990144,4
GO:0043171,62
GO:0090125,6
GO:0140302,0
GO:0099514,0
GO:0048499,24
GO:0031566,0
GO:1901946,0
GO:0031034,0
GO:0045222,0
GO:0046228,0
GO:0002190,6
GO:0009854,0
GO:0003334,126
GO:0040001,8
GO:0009078,0
GO:0150147,0
GO:0055059,9
GO:0061267,0
GO:0032438,41
GO:0120164,0
GO:0021974,0
GO:0019472,0
GO:1902795,0
GO:0000038,56
GO:0036500,0
GO:0019478,0
GO:0086018,14
GO:0002501,0
GO:0072734,11
GO:0072410,0
GO:1904498,0
GO:0090094,0
GO:0046044,0
GO:0046175,0
GO:0060070,281
GO:1990963,12
GO:0009665,0
GO:0031990,0
GO:1904327,23
GO:0006705,0
GO:1902221,0
GO:0016108,0
GO:1903472,0
GO:0018982,0
GO:0021972,11
GO:0061308,6
GO:0019433,34
GO:0061614,2
GO:1902900,0
GO:0030576,3
GO:0003431,48
GO:0090077,0
GO:0089706,0
GO:1901774,0
GO:0048290,0
GO:1902197,0
GO:0006393,3
GO:0160192,0
GO:0042413,0
GO:0021970,0
GO:0016115,0
GO:0014005,15
GO:0061512,274
GO:1990670,0
GO:0018944,0
GO:0071372,56
GO:0042921,13
GO:0000749,0
GO:0006761,0
GO:0071422,23
GO:0034642,0
GO:0016113,0
GO:0006543,61
GO:0048342,0
GO:0032599,0
GO:0071800,51
GO:0061911,0
GO:0046080,0
GO:0001885,10
GO:0006895,68
GO:0048665,31
GO:0019583,0
GO:0032287,110
GO:0052698,0
GO:0002755,16
GO:0033206,4
GO:1990420,0
GO:0070071,0
GO:0071793,0
GO:0097494,28
GO:0042760,16
GO:0140735,0
GO:0035294,0
GO:0021975,0
GO:0002756,4
GO:1990953,11
GO:0060402,83
GO:0030522,75
GO:1903662,0
GO:0042870,0
GO:0090737,12
GO:0071488,0
GO:0051638,10
GO:0048242,0
GO:0021898,0
GO:0070897,8
GO:0048013,291
GO:0061756,0
GO:0010668,10
GO:0042377,0
GO:0035045,0
GO:0006187,0
GO:1902604,0
GO:0098885,51
GO:1905805,0
GO:0032607,0
GO:1901166,47
GO:0046503,0
GO:0045039,18
GO:0042023,0
GO:0098698,6
GO:0045793,48
GO:2001290,0
GO:1902334,0
GO:0070527,154
GO:0072736,0
GO:0006222,0
GO:0021976,0
GO:0099562,277
GO:1905962,13
GO:0019817,0
GO:0060656,0
GO:0006117,1
GO:0042126,0
GO:0035169,0
GO:0014034,1
GO:0048312,47
GO:0000387,26
GO:0042216,0
GO:1903232,115
GO:0036059,0
GO:0071296,0
GO:0061269,0
GO:0033228,0
GO:0060155,109
GO:0042255,22
GO:0006903,3
GO:0060269,0
GO:0042817,2
GO:0071689,0
GO:0060932,0
GO:0072314,0
GO:0051255,10
GO:1902341,0
GO:0036504,0
GO:0061679,0
GO:0051081,36
GO:0086070,62
GO:0042839,0
GO:0007286,381
GO:0006463,4
GO:0019363,11
GO:0002398,6
GO:0019285,0
GO:0006554,6
GO:0140925,0
GO:1902050,0
GO:0060997,155
GO:0003324,0
GO:0010070,1
GO:0000918,0
GO:0033356,0
GO:0046187,0
GO:0044269,0
GO:0140145,0
GO:1902350,0
GO:0008078,13
GO:0042882,0
GO:1901791,0
GO:0140121,0
GO:0006234,0
GO:0019372,55
GO:0090151,0
GO:0019427,21
GO:0060113,298
GO:0030204,24
GO:0007120,0
GO:0000196,0
GO:0002004,0
GO:1901927,0
GO:0010158,0
GO:0009234,1
GO:0010143,0
GO:1905177,0
GO:0016110,0
GO:0072385,34
GO:0014035,0
GO:0061444,0
GO:1990394,0
GO:0006522,0
GO:0071217,5
GO:0006566,1
GO:0060582,0
GO:0032458,42
GO:0048012,27
GO:0120290,0
GO:0060040,17
GO:0046075,0
GO:0019561,0
GO:0007058,0
GO:1902768,0
GO:1903988,0
GO:0015756,0
GO:0046216,0
GO:0141112,0
GO:0044784,0
GO:0060294,461
GO:0150089,0
GO:0001120,0
GO:1903074,0
GO:0061680,0
GO:0042190,0
GO:0010258,0
GO:0048355,0
GO:0009138,0
GO:0016043,315
GO:0032606,0
GO:1904568,29
GO:0015973,0
GO:0051793,1
GO:0002188,5
GO:0010265,1
GO:0019276,28
GO:0019683,0
GO:1902794,0
GO:0033211,17
GO:1903096,0
GO:0021890,0
GO:0006541,110
GO:0060707,12
GO:0042117,8
GO:1901745,0
GO:0070444,4
GO:0045216,184
GO:1904186,0
GO:0033661,0
GO:0030999,0
GO:0047496,107
GO:0009227,0
GO:0003357,1
GO:0010248,46
GO:0010236,0
GO:0051321,496
GO:0014011,0
GO:1902599,0
GO:0030150,17
GO:0035603,0
GO:0090104,6
GO:0035667,0
GO:0099163,3
GO:0097116,11
GO:0001816,0
GO:0060287,66
GO:0042140,2
GO:0021806,0
GO:0038183,27
GO:0098737,0
GO:0097722,0
GO:0010253,0
GO:0048906,0
GO:0003370,0
GO:0098743,0
GO:0016117,0
GO:1900574,0
GO:0061263,0
GO:0043616,246
GO:0046712,2
GO:0002342,0
GO:0051292,69
GO:0140056,18
GO:0032611,0
GO:0035754,1
GO:1902969,3
GO:0019432,34
GO:0002044,0
GO:0099633,0
GO:0030103,1
GO:0021877,0
GO:0098972,11
GO:0007290,4
GO:0014813,2
GO:0140208,0
GO:0009777,0
GO:0009932,0
GO:0030509,199
GO:0000913,0
GO:1904334,0
GO:0071954,0
GO:0038203,74
GO:1990891,0
GO:1905275,0
GO:0038027,31
GO:0021954,189
GO:0036371,62
GO:0034031,0
GO:0036394,0
GO:0002194,9
GO:0007008,0
GO:1903008,6
GO:0018104,0
GO:0110094,0
GO:0007181,13
GO:0016558,80
GO:1903351,19
GO:0071555,0
GO:0014914,0
GO:1905741,0
GO:0009158,0
GO:0046070,1
GO:1903808,0
GO:0060846,0
GO:0007100,7
GO:0034085,7
GO:0015869,0
GO:0033306,17
GO:0046331,0
GO:1900870,0
GO:0036039,0
GO:0008366,14
GO:0021897,19
GO:0072149,0
GO:0033545,0
GO:0060528,35
GO:0048477,215
GO:0090634,0
GO:0060981,4
GO:0160031,0
GO:0034219,9
GO:0018947,0
GO:1905232,54
GO:1990691,0
GO:0046506,0
GO:1905238,0
GO:0042187,0
GO:0090161,33
GO:0046476,0
GO:0021858,0
GO:0140882,37
GO:0019618,0
GO:0070757,0
GO:0007093,12
GO:0044346,22
GO:0036390,0
GO:1905197,0
GO:0072193,0
GO:0006506,86
GO:0046949,0
GO:0019356,0
GO:0098971,18
GO:0140974,0
GO:0033616,0
GO:0051382,18
GO:0048309,0
GO:0071539,109
GO:0072292,0
GO:0035672,13
GO:0072565,0
GO:0043387,0
GO:0140025,0
GO:0048488,452
GO:0008204,0
GO:0035875,6
GO:0015980,0
GO:0042693,0
GO:1904210,0
GO:0045053,67
GO:0061325,0
GO:0052651,14
GO:0072123,0
GO:0098660,70
GO:0070631,0
GO:1900600,0
GO:0010054,0
GO:0090646,0
GO:0015751,0
GO:0007274,141
GO:0046269,0
GO:0002553,25
GO:0000723,271
GO:0000426,0
GO:0048393,0
GO:0098926,11
GO:0097681,68
GO:0015948,0
GO:0042692,259
GO:0033696,9
GO:0030043,4
GO:0048056,0
GO:1990443,20
GO:0048227,39
GO:0060132,0
GO:0031133,3
GO:1905236,0
GO:0018891,0
GO:0007086,0
GO:0050851,4
GO:0009438,1
GO:0000725,15
GO:0099541,0
GO:0071613,0
GO:0021878,0
GO:0051666,1
GO:0071283,0
GO:0002184,0
GO:0071816,33
GO:0019396,0
GO:0072195,0
GO:0032343,0
GO:1904155,0
GO:0003367,0
GO:0050665,50
GO:0060018,10
GO:0097403,7
GO:1901771,0
GO:0022615,0
GO:0060379,54
GO:0001574,11
GO:0060008,32
GO:0021894,6
GO:1905795,19
GO:0042448,43
GO:0021790,0
GO:1904682,0
GO:0120218,0
GO:1902047,4
GO:0001116,0
GO:0035886,27
GO:0002321,0
GO:0071603,0
GO:0006798,0
GO:0042399,0
GO:0010684,0
GO:0032625,0
GO:0098726,0
GO:0022013,6
GO:0097392,0
GO:0070096,0
GO:0034088,13
GO:0071421,117
GO:0060913,0
GO:0009756,0
GO:0043320,19
GO:0019662,0
GO:0001502,54
GO:0051026,17
GO:0002769,2
GO:0031107,0
GO:0042404,0
GO:0098711,12
GO:0006239,0
GO:1901872,0
GO:0033383,0
GO:0046452,32
GO:1990705,19
GO:0032605,0
GO:0060096,0
GO:0021838,0
GO:0006656,77
GO:0048199,0
GO:0042904,21
GO:0060691,0
GO:0061716,0
GO:0072637,0
GO:0071291,0
GO:0051668,143
GO:0048356,0
GO:1902686,1
GO:0072676,2
GO:0003355,0
GO:0071168,92
GO:2001308,0
GO:0090269,0
GO:0001715,0
GO:0071519,0
GO:0141091,0
GO:0070650,3
GO:0060915,0
GO:0044255,73
GO:0106046,2
GO:0015752,0
GO:1904601,0
GO:0035437,0
GO:0071544,0
GO:0044860,0
GO:1902198,0
GO:0001410,0
GO:0071499,38
GO:1903807,0
GO:0018868,0
GO:0001834,5
GO:0021942,32
GO:0089703,0
GO:1901911,0
GO:0019471,0
GO:0007032,120
GO:0071839,3
GO:0048674,0
GO:0045018,0
GO:0070179,0
GO:0036520,0
GO:0042966,0
GO:0042572,128
GO:0160131,0
GO:0009145,0
GO:0010128,0
GO:0090517,0
GO:0007518,0
GO:1904160,0
GO:0014837,0
GO:0099190,0
GO:0043165,0
GO:0032326,0
GO:0031037,1
GO:0042667,0
GO:0000353,16
GO:0061540,0
GO:0006672,120
GO:0090640,0
GO:0043646,0
GO:0001118,0
GO:0046462,0
GO:0036388,0
GO:0018954,0
GO:0061817,14
GO:0006684,18
GO:0071887,17
GO:0003365,8
GO:2001316,0
GO:0072744,0
GO:0106342,3
GO:0097388,0
GO:0032959,10
GO:0021826,0
GO:0061857,0
GO:0019517,0
GO:0007010,1020
GO:0033360,0
GO:0140285,9
GO:0140317,0
GO:0070231,50
GO:0048914,0
GO:0010057,0
GO:1903778,0
GO:0006366,653
GO:0089718,33
GO:0030152,0
GO:0006998,104
GO:0150155,0
GO:0038128,7
GO:0060921,0
GO:0019520,0
GO:0141010,0
GO:0090106,0
GO:0001407,0
GO:0033358,0
GO:0042918,0
GO:0097492,12
GO:1900810,0
GO:0019417,0
GO:0072680,0
GO:0019306,0
GO:0034487,0
GO:1904273,6
GO:1904821,0
GO:0002312,0
GO:0071674,3
GO:0035682,0
GO:1990922,0
GO:0010208,0
GO:0031268,6
GO:0034775,39
GO:0032327,0
GO:0008039,13
GO:0070417,63
GO:1904102,0
GO:0097696,9
GO:0034628,0
GO:0000705,0
GO:0002068,28
GO:0045478,0
GO:0030473,0
GO:0072681,0
GO:0051475,0
GO:0010129,0
GO:0006664,5
GO:0072678,3
GO:0000076,12
GO:0070217,0
GO:0010020,0
GO:0034334,15
GO:0060912,3
GO:0048291,0
GO:0080119,0
GO:0060015,0
GO:0097578,0
GO:0071214,0
GO:1990809,15
GO:0140425,0
GO:1990543,0
GO:0043451,0
GO:0030652,0
GO:0090520,12
GO:1901004,0
GO:0051014,102
GO:0060172,0
GO:0045144,0
GO:0030202,3
GO:0001754,105
GO:0035696,19
GO:0072435,0
GO:0002069,5
GO:0035461,18
GO:0051688,0
GO:1902484,0
GO:0010881,105
GO:1903791,1
GO:1901024,0
GO:0042184,0
GO:1900792,0
GO:1990974,0
GO:0051257,5
GO:1901267,0
GO:0006232,0
GO:0007536,0
GO:0019393,0
GO:0035687,0
GO:0007413,116
GO:0031148,0
GO:0046952,15
GO:0070177,0
GO:0021959,0
GO:0019578,0
GO:0035441,31
GO:0046063,0
GO:0071940,0
GO:1900584,0
GO:1901849,0
GO:0002279,0
GO:0061848,0
GO:0055107,6
GO:0046371,0
GO:1901475,0
GO:0019498,0
GO:1990570,0
GO:0046485,27
GO:0048823,0
GO:1903495,0
GO:0097050,51
GO:0072160,0
GO:0061322,0
GO:1902079,0
GO:0000425,61
GO:1901699,0
GO:0072485,0
GO:1903260,0
GO:0014836,0
GO:0061527,0
GO:0050901,47
GO:1990550,5
GO:0043693,0
GO:1904403,0
GO:0035077,0
GO:0007342,54
GO:0071235,0
GO:0180029,0
GO:1990153,0
GO:0061462,33
GO:0097391,0
GO:0030953,80
GO:0033554,13
GO:0060863,0
GO:0010146,0
GO:0007535,0
GO:0046166,3
GO:1900868,0
GO:0033875,0
GO:0051642,532
GO:0006202,3
GO:0036378,6
GO:0036236,0
GO:0003376,20
GO:0006106,0
GO:0061736,5
GO:0019624,0
GO:0003277,0
GO:0071169,13
GO:0097113,52
GO:0098884,92
GO:0035699,0
GO:0009110,0
GO:0060133,0
GO:1902486,0
GO:1904620,0
GO:0099642,87
GO:0031270,0
GO:0014881,0
GO:0097576,0
GO:0106082,0
GO:0033054,0
GO:0070929,0
GO:0071478,18
GO:2001310,0
GO:0003393,0
GO:0061692,0
GO:1903801,9
GO:0032201,3
GO:0160073,0
GO:0052644,0
GO:0098967,46
GO:0071454,1
GO:0022614,5
GO:0030205,1
GO:0003395,0
GO:0110101,0
GO:0022904,95
GO:0035724,0
GO:0035723,30
GO:0003380,0
GO:0071763,28
GO:0098609,1638
GO:0060893,0
GO:0045004,44
GO:0051290,45
GO:0051501,0
GO:0071528,0
GO:0051156,58
GO:0030049,4
GO:0045014,0
GO:1990822,0
GO:0035320,0
GO:0043400,0
GO:1905743,0
GO:0097400,54
GO:1902482,0
GO:0002373,0
GO:0060924,0
GO:1903537,5
GO:0061538,0
GO:0007465,0
GO:0036322,0
GO:0021847,2
GO:0042794,0
GO:0032048,8
GO:0061678,0
GO:0035317,0
GO:0015783,1
GO:0072766,0
GO:0045197,211
GO:0030209,4
GO:0071768,0
GO:0061728,0
GO:1990547,0
GO:0006720,4
GO:0072154,0
GO:0036110,0
GO:1904969,0
GO:0031578,0
GO:1901999,0
GO:0030595,10
GO:0031848,31
GO:1901779,0
GO:0070504,0
GO:0071404,89
GO:0006622,100
GO:0035082,230
GO:0097105,8
GO:0099532,0
GO:0090345,0
GO:0032802,0
GO:0098838,28
GO:0006650,9
GO:0035479,0
GO:0043645,0
GO:1900872,0
GO:0018877,0
GO:1903545,0
GO:0061163,10
GO:1900766,0
GO:1990778,3
GO:0042122,0
GO:0044696,0
GO:0001767,0
GO:0099630,5
GO:0071874,23
GO:0071963,7
GO:0002309,11
GO:1900580,0
GO:0140330,0
GO:0021789,0
GO:1902247,0
GO:0035335,144
GO:0051036,72
GO:0009252,0
GO:0060231,27
GO:0001014,0
GO:0001523,29
GO:0009394,0
GO:0021816,14
GO:0140352,0
GO:1990544,10
GO:1903703,3
GO:0034626,14
GO:0002551,30
GO:0046705,0
GO:0031102,4
GO:0048893,0
GO:1904968,0
GO:0019506,0
GO:0100011,0
GO:0098704,0
GO:1990171,0
GO:0033473,0
GO:0016038,1
GO:0072396,0
GO:0031028,0
GO:0016103,0
GO:1990654,2
GO:0042853,0
GO:0000708,0
GO:0031509,18
GO:0150023,0
GO:0086021,0
GO:0099525,84
GO:0019422,0
GO:0090163,0
GO:0044320,37
GO:0036040,0
GO:0009073,0
GO:0043299,0
GO:0072253,0
GO:0033618,0
GO:0015734,11
GO:0006334,184
GO:0070070,13
GO:0016199,29
GO:0019409,0
GO:0043571,0
GO:0038011,0
GO:0009301,9
GO:1990172,0
GO:0006078,0
GO:0018980,0
GO:0046230,0
GO:0038090,0
GO:0006749,83
GO:0098876,20
GO:0043952,0
GO:1904185,0
GO:0033546,0
GO:0001837,393
GO:0003430,12
GO:0002266,0
GO:0019574,0
GO:0038003,25
GO:0089705,0
GO:0036167,0
GO:0044573,0
GO:0034134,17
GO:0097466,4
GO:0034975,13
GO:0006392,2
GO:0180015,0
GO:0006242,0
GO:1904977,17
GO:0007209,0
GO:0046278,0
GO:0038154,25
GO:0042631,13
GO:1904270,21
GO:0045487,0
GO:0141007,54
GO:0046040,10
GO:0031203,0
GO:0006281,1657
GO:0110009,0
GO:0071691,117
GO:0008300,8
GO:0002274,0
GO:0046706,0
GO:0071395,18
GO:0006457,294
GO:0033564,15
GO:0072470,0
GO:0007173,259
GO:0072685,0
GO:1990692,0
GO:0032122,0
GO:0099117,0
GO:0014844,0
GO:0043570,33
GO:0046666,0
GO:0006548,19
GO:1903101,0
GO:0006663,3
GO:0031571,41
GO:0002941,0
GO:0110017,0
GO:0032341,1
GO:0071289,0
GO:0010306,0
GO:1901117,0
GO:0006924,20
GO:0046265,0
GO:0035040,0
GO:1990772,0
GO:0019617,0
GO:0072318,10
GO:0075218,0
GO:0060955,0
GO:0097553,91
GO:0009185,24
GO:1901088,0
GO:0006715,0
GO:0046281,0
GO:0061280,0
GO:0008053,79
GO:0031991,0
GO:0097170,0
GO:0035944,0
GO:1990773,0
GO:0061639,0
GO:0072429,21
GO:0046294,6
GO:0014833,0
GO:0062022,0
GO:0002154,25
GO:0097081,0
GO:0160122,0
GO:0042462,63
GO:0030388,24
GO:0097191,162
GO:0034478,1
GO:0043173,0
GO:0061738,2
GO:0034429,0
GO:0070360,0
GO:0045815,94
GO:0009740,9
GO:0046907,193
GO:1903497,0
GO:0034032,0
GO:0060818,55
GO:1902616,3
GO:0031930,1
GO:0030705,74
GO:0010631,79
GO:0016092,0
GO:0038061,97
GO:0043707,0
GO:0015965,0
GO:0061706,0
GO:2000699,0
GO:0009664,0
GO:0021963,0
GO:0048515,10
GO:0031627,0
GO:1904918,0
GO:0098705,25
GO:0046385,0
GO:0055097,0
GO:0016055,719
GO:1902967,0
GO:0140357,0
GO:0019476,0
GO:0016182,36
GO:0035053,0
GO:0090425,15
GO:0018895,0
GO:1903823,0
GO:0035362,0
GO:0090529,0
GO:1905323,8
GO:1902057,0
GO:0009177,0
GO:2001306,8
GO:0006914,755
GO:0038159,0
GO:1903292,14
GO:0048204,0
GO:0033520,0
GO:0035790,0
GO:0016339,378
GO:0006553,6
GO:0019896,50
GO:0032119,5
GO:0016112,0
GO:0140544,0
GO:0097212,14
GO:1990502,4
GO:0019284,0
GO:0071369,0
GO:0007197,10
GO:0036241,0
GO:1990179,0
GO:0016093,0
GO:0070488,0
GO:0180026,0
GO:0070208,5
GO:1902088,0
GO:0045106,0
GO:0072452,0
GO:1904600,0
GO:0007000,33
GO:0099003,96
GO:1901685,0
GO:1904124,0
GO:0099593,0
GO:0019619,0
GO:0048243,27
GO:1902889,4
GO:0006843,0
GO:0140013,34
GO:0035674,0
GO:0140334,0
GO:0120029,0
GO:0140874,0
GO:0019530,56
GO:0044396,0
GO:1902858,0
GO:0044813,0
GO:0071286,85
GO:0009186,0
GO:1905047,0
GO:0046039,61
GO:0007056,15
GO:0006593,0
GO:1903083,0
GO:0070649,64
GO:0001649,317
GO:0072247,0
GO:0021519,0
GO:0072242,0
GO:0060575,38
GO:0060152,10
GO:0046396,0
GO:0006048,7
GO:1990896,0
GO:0010417,0
GO:0044721,19
GO:0006714,7
GO:0061640,33
GO:0021927,0
GO:0072725,0
GO:0006685,20
GO:1990668,0
GO:0071824,0
GO:0019414,0
GO:0015862,23
GO:1905143,1
GO:0021782,12
GO:0010122,0
GO:0099110,0
GO:0120010,0
GO:1902087,0
GO:1903663,0
GO:0099129,0
GO:1902626,0
GO:1904389,3
GO:0090143,0
GO:0061335,0
GO:0046504,0
GO:0019681,0
GO:0035711,2
GO:0048143,59
GO:0099022,62
GO:0051258,53
GO:0071770,0
GO:0071295,8
GO:0062143,0
GO:0034036,0
GO:0019447,0
GO:0019370,46
GO:0097640,0
GO:0080159,0
GO:0140645,0
GO:0021827,0
GO:0051478,0
GO:0007189,474
GO:0070178,0
GO:0061209,0
GO:0051790,0
GO:0071312,30
GO:0006529,2
GO:1901175,0
GO:0071384,15
GO:0030593,132
GO:0106027,20
GO:0090426,0
GO:0019553,0
GO:1900793,0
GO:0008070,0
GO:0070221,11
GO:0042191,0
GO:0031670,47
GO:0009207,0
GO:0070726,0
GO:0006231,0
GO:0030466,0
GO:0046473,19
GO:0043149,90
GO:0045489,0
GO:0014036,0
GO:1905887,0
GO:0038184,0
GO:0014818,0
GO:0072141,0
GO:0051661,54
GO:0038083,36
GO:0030259,149
GO:0046711,27
GO:0070844,0
GO:0033869,0
GO:1900579,0
GO:0060034,0
GO:0046468,0
GO:0060019,25
GO:0046512,30
GO:0140026,0
GO:0035987,220
GO:0000493,10
GO:0010257,2
GO:0010814,6
GO:0042248,0
GO:1904802,0
GO:0038015,0
GO:0010705,10
GO:0160029,0
GO:0021879,3
GO:0032262,0
GO:0033559,8
GO:0018400,0
GO:0038084,62
GO:0002317,6
GO:1901735,0
GO:0006404,26
GO:0042367,0
GO:0043402,0
GO:1903091,0
GO:1904156,0
GO:0070301,271
GO:0009203,2
GO:0099627,5
GO:0007107,0
GO:0160162,0
GO:0072596,0
GO:0042051,0
GO:0090674,0
GO:0042617,0
GO:0090532,0
GO:0035234,53
GO:0071260,491
GO:0051296,2
GO:0014808,132
GO:0042688,0
GO:0140914,28
GO:0019264,8
GO:0036153,0
GO:0061613,0
GO:0120012,3
GO:0140074,2
GO:0019091,0
GO:0046180,0
GO:0046434,4
GO:0003412,18
GO:0097446,0
GO:0003394,0
GO:0072257,0
GO:0019670,0
GO:0036249,0
GO:0099087,0
GO:0021901,0
GO:0097026,0
GO:2001117,0
GO:0003387,0
GO:0000750,0
GO:0065005,0
GO:0099506,0
GO:0042363,0
GO:0061691,2
GO:0072698,0
GO:0048741,190
GO:0060223,13
GO:1904970,22
GO:0048210,7
GO:0043316,15
GO:0046412,0
GO:0000768,0
GO:0006164,68
GO:0035166,19
GO:0002396,0
GO:0009219,0
GO:0016330,0
GO:0061919,0
GO:0034460,0
GO:0170036,0
GO:0070790,0
GO:0070253,2
GO:0001325,0
GO:0045112,0
GO:0019384,0
GO:1905318,0
GO:0032594,0
GO:0030575,17
GO:0015753,0
GO:0061311,0
GO:0030101,17
GO:0035088,0
GO:0006101,26
GO:0035038,7
GO:0023041,1
GO:0046361,0
GO:0007520,125
GO:0061470,7
GO:0016338,68
GO:0048912,0
GO:0021846,119
GO:0006230,0
GO:0033384,3
GO:0072593,198
GO:0098610,0
GO:1901778,0
GO:0071371,49
GO:0051229,0
GO:0014856,22
GO:0046277,0
GO:0090480,0
GO:1902414,32
GO:0042740,0
GO:0097194,76
GO:0021781,15
GO:0009263,24
GO:0036118,0
GO:0042725,0
GO:0070371,155
GO:0097067,21
GO:0033479,0
GO:0042680,0
GO:0002224,34
GO:0019334,0
GO:0019060,0
GO:0032292,0
GO:0097240,0
GO:0140570,1
GO:0038161,12
GO:0021773,41
GO:0031108,0
GO:0015031,2754
GO:0014906,0
GO:0002493,0
GO:0015990,0
GO:0071220,0
GO:1905837,0
GO:0000301,11
GO:0033372,0
GO:0072461,0
GO:0043562,0
GO:0009258,17
GO:0006017,0
GO:0019629,0
GO:0007348,0
GO:0048888,0
GO:0086073,49
GO:0030010,293
GO:0019305,0
GO:0008058,0
GO:0072656,14
GO:0042205,0
GO:0035352,1
GO:0044778,0
GO:0003316,0
GO:0098997,0
GO:0006693,119
GO:0010289,0
GO:1990986,0
GO:0051124,13
GO:0019523,0
GO:0099112,0
GO:0034369,0
GO:0046217,0
GO:0061329,0
GO:0061030,7
GO:0046176,0
GO:0010213,0
GO:0006673,0
GO:0042899,0
GO:0009229,7
GO:0002429,0
GO:0021892,0
GO:0060319,9
GO:0015754,0
GO:1904916,0
GO:0021935,15
GO:0006562,5
GO:0009182,0
GO:1900163,0
GO:0038157,6
GO:0036489,0
GO:0015755,7
GO:0061305,0
GO:1902244,0
GO:0098715,0
GO:0030217,285
GO:0071382,0
GO:0051762,0
GO:0051976,0
GO:0051210,0
GO:0009141,0
GO:0060639,0
GO:0060326,155
GO:0034504,143
GO:0043373,4
GO:0002286,38
GO:0099157,0
GO:0035903,0
GO:0061740,1
GO:0035318,0
GO:0031121,0
0009987,0
GO:0007412,20
GO:0061764,2
GO:0061723,9
GO:0140429,0
GO:1990516,0
GO:0036247,0
GO:1901179,0
GO:0008299,30
GO:0009068,0
GO:0043001,98
GO:1901697,0
GO:0034374,13
GO:1902285,0
GO:0006552,42
GO:0018291,0
GO:0086054,7
GO:0044856,0
GO:0071409,20
GO:0006085,70
GO:0046787,0
GO:0140469,21
GO:0015882,3
GO:0030032,347
GO:0019664,0
GO:0022607,10
GO:1903090,0
GO:1902001,0
GO:0021520,0
GO:0072138,0
GO:0031640,95
GO:0044011,0
GO:0071389,1
GO:1900539,0
GO:0002454,0
GO:0042339,0
GO:1901790,0
GO:0021944,2
GO:0038118,0
GO:0071373,4
GO:0060858,0
GO:0046081,0
GO:0055108,20
GO:1903966,6
GO:0038153,0
GO:0009236,0
GO:0048792,9
GO:0071998,0
GO:1990659,0
GO:0019288,0
GO:0099011,58
GO:0006009,0
GO:0018189,0
GO:0160176,0
GO:0030994,0
GO:0090374,0
GO:0042202,0
GO:0035703,0
GO:0055058,0
GO:0060119,22
GO:0140059,28
GO:0006538,16
GO:1901943,0
GO:1902888,0
GO:0060329,0
GO:0071325,0
GO:0000002,32
GO:0019746,0
GO:0001561,10
GO:0042490,8
GO:0075226,0
GO:0055003,297
GO:0046854,205
GO:0097375,0
GO:0071450,0
GO:0003361,0
GO:0051086,0
GO:0006090,96
GO:0036100,0
GO:0006678,2
GO:1990748,19
GO:0030241,233
GO:2001133,0
GO:0051307,8
GO:0045026,6
GO:0035348,0
GO:0099538,5
GO:0019450,0
GO:0042501,26
GO:2000689,66
GO:0002149,0
GO:1902682,8
GO:0043453,0
GO:0001927,0
GO:0033375,0
GO:0006409,14
GO:0043503,3
GO:0009093,0
GO:1905690,0
GO:0044785,0
GO:0009247,24
GO:0016488,15
GO:0008089,92
GO:0106400,0
GO:0150099,3
GO:0010125,0
GO:0030318,115
GO:1901772,0
GO:0016236,134
GO:0098930,102
GO:0070814,11
GO:0120273,0
GO:0097580,0
GO:0061707,0
GO:0010026,0
GO:0008064,28
GO:0034355,0
GO:0072761,0
GO:0061546,0
GO:0010775,0
GO:0046461,9
GO:0007142,0
GO:0043542,271
GO:0021875,0
GO:0035661,0
GO:0060892,0
GO:0120031,0
GO:0071453,2
GO:0097082,0
GO:0042811,0
GO:0019296,0
GO:0048398,0
GO:0002313,0
GO:0072151,0
GO:0072578,3
GO:1904385,127
GO:0097306,0
GO:0061842,0
GO:0009969,0
GO:0006253,1
GO:0036503,109
GO:0030397,1
GO:0046471,52
GO:0060617,0
GO:0010245,0
GO:0031035,0
GO:1900602,0
GO:0090118,7
GO:0009124,8
GO:0070830,205
GO:0003167,0
GO:0070903,0
GO:0099140,39
GO:1904157,5
GO:0070262,6
GO:0046058,28
GO:0099558,70
GO:1990048,44
GO:0080162,0
GO:1901285,0
GO:0071977,0
GO:0007463,0
GO:0048359,0
GO:1902860,15
GO:1903449,0
GO:0099044,3
GO:0022617,76
GO:0006227,2
GO:0044795,2
GO:0097048,7
GO:0008611,63
GO:1904659,86
GO:0006583,21
GO:0009989,0
GO:0048358,0
GO:0006177,28
GO:0033609,12
GO:0042193,0
GO:0061101,48
GO:0009192,0
GO:0097300,48
GO:0007124,0
GO:1902193,0
GO:0060923,21
GO:0098920,0
GO:0009224,7
GO:0009441,0
GO:0007521,0
GO:0072701,0
GO:0022025,0
GO:1904628,26
GO:0016191,5
GO:0045010,168
GO:0019399,0
GO:0061521,0
GO:0061762,30
GO:0002326,20
GO:0098661,33
GO:0072594,28
GO:0070842,67
GO:0003368,0
GO:0160052,0
GO:0006911,81
GO:1905198,14
GO:0046340,27
GO:0061520,25
GO:0042387,0
GO:0003309,17
GO:0110021,0
GO:0003202,0
GO:0048103,53
GO:0006995,27
GO:0060671,0
GO:0022411,0
GO:0140426,0
GO:0019492,0
GO:0032981,63
GO:0033308,0
GO:0106007,0
GO:0007218,242
GO:0150115,3
GO:0019479,0
GO:0071852,0
GO:0042047,0
GO:0048246,30
GO:0006721,0
GO:0098706,4
GO:0019487,0
GO:0007066,16
GO:1900534,0
GO:0097723,0
GO:0042344,0
GO:0018892,0
GO:0097699,6
GO:0040016,32
GO:0042810,0
GO:0031635,10
GO:0061620,0
GO:0065003,599
GO:0033390,0
GO:0141063,0
GO:1905390,0
GO:0006544,29
GO:0046879,47
GO:0040029,73
GO:0061566,0
GO:1900833,0
GO:0061586,0
GO:0160156,0
GO:0060938,0
GO:0019262,17
GO:0071412,12
GO:1990113,0
GO:0006369,44
GO:0007493,2
GO:1904310,0
GO:0019668,0
GO:0062200,0
GO:0099561,0
GO:0019573,0
GO:0072697,3
GO:0045230,0
GO:0030048,46
GO:0140899,0
GO:1905120,0
GO:1901808,0
GO:0031569,0
GO:0031457,0
GO:0030715,0
GO:0006546,4
GO:0140719,0
GO:0033466,0
GO:0098776,0
GO:0042403,116
GO:0072583,178
GO:0072441,0
GO:0090105,0
GO:0033478,0
GO:0034373,0
GO:0019638,0
GO:0044546,11
GO:1990410,11
GO:0039693,0
GO:1903424,2
GO:1904632,14
GO:0048245,30
GO:0061621,45
GO:0038034,0
GO:0032940,61
GO:0060975,0
GO:0036445,5
GO:0060580,1
GO:0030721,0
GO:0071237,0
GO:0010779,0
GO:0036158,169
GO:0055005,12
GO:0048897,0
GO:0019245,0
GO:0035965,19
GO:0030154,3276
GO:0044179,0
GO:0019836,0
GO:0035733,24
GO:0033346,0
GO:0002381,0
GO:0033331,0
GO:0060610,0
GO:0000423,89
GO:0010344,0
GO:0006648,0
GO:0051072,0
GO:0007462,0
GO:0009101,28
GO:0018883,0
GO:0033371,0
GO:0015014,61
GO:0099118,0
GO:0032196,7
GO:0021849,13
GO:0035036,12
GO:0032274,12
GO:0014722,4
GO:0140568,0
GO:1905398,0
GO:0003392,0
GO:0006730,154
GO:0072157,0
GO:1904648,0
GO:0072414,0
GO:1905780,0
GO:0019266,0
GO:1901176,0
GO:1900573,0
GO:0090515,0
GO:0090380,0
GO:0009755,123
GO:0019743,0
GO:0002768,35
GO:0038063,106
GO:1901847,0
GO:0140504,0
GO:0016105,0
GO:0021529,13
GO:1900831,0
GO:0030832,107
GO:0045168,0
GO:0072732,1
GO:0072250,0
GO:0097171,0
GO:0030835,26
GO:1902410,4
GO:0044743,0
GO:1900205,0
GO:0098775,0
GO:1904317,3
GO:0099504,55
GO:0002268,0
GO:1902385,0
GO:0033626,13
GO:0072673,13
GO:0042852,0
GO:0033617,21
GO:0019449,21
GO:0098778,0
GO:0051145,58
GO:1904701,0
GO:0016095,0
GO:0061790,0
GO:0046279,0
GO:0060122,413
GO:0033513,0
GO:0019934,52
GO:0046630,0
GO:0006790,43
GO:0060327,33
GO:0000919,0
GO:0042892,0
GO:0006185,27
GO:0014812,0
GO:0019852,12
GO:0010250,0
GO:0071173,0
GO:0034349,8
GO:0140468,0
GO:0030200,15
GO:0055060,0
GO:0036483,2
GO:1900828,0
GO:0038087,0
GO:1904613,0
GO:0038148,0
GO:0098664,24
GO:0046236,0
GO:0015792,0
GO:0061757,8
GO:0070914,83
GO:0014866,69
GO:0007307,0
GO:1903563,0
GO:1900204,0
GO:0050808,512
GO:0044660,0
GO:0060216,64
GO:0038120,0
GO:1990387,0
GO:0007018,765
GO:0009166,9
GO:1902084,0
GO:0035498,0
GO:0017121,43
GO:0019722,530
GO:0010706,49
GO:0021952,75
GO:0043103,1
GO:0007214,114
GO:0003328,0
GO:0018871,0
GO:0006171,52
GO:1901104,0
GO:0031456,0
GO:0061233,0
GO:0072679,0
GO:0036262,0
GO:0072713,0
GO:0006607,73
GO:0008335,0
GO:0045184,521
GO:0097230,0
GO:0099527,65
GO:0090513,0
GO:0043554,0
GO:0038188,0
GO:0030219,30
GO:0086100,40
GO:0060637,0
GO:0010761,193
GO:2001307,0
GO:0031175,782
GO:0075510,0
GO:0044663,0
GO:0009848,0
GO:0010028,0
GO:0051758,54
GO:0034552,0
GO:0043461,0
GO:0035942,0
GO:0098927,0
GO:0046439,0
GO:0019343,9
GO:1990771,0
GO:1902418,0
GO:0071799,19
GO:0160083,0
GO:0007285,0
GO:0140866,0
GO:0032322,0
GO:0009175,0
GO:0006659,26
GO:0043099,0
GO:0051524,0
GO:1903871,0
GO:0120180,0
GO:1902445,1
GO:1905388,0
GO:0033507,0
GO:0060951,0
GO:0072647,0
GO:0009803,0
GO:0042364,0
GO:1900761,0
GO:0070415,0
GO:0070286,28
GO:0072146,0
GO:0035675,7
GO:0042412,45
GO:0031583,0
GO:0009778,0
GO:0035310,0
GO:0032285,0
GO:0051337,0
GO:0060084,19
GO:0060847,0
GO:1902404,0
GO:0010797,0
GO:0008583,0
GO:0001174,0
GO:0002323,29
GO:0097112,17
GO:1902223,0
GO:0036486,40
GO:0170038,0
GO:1903359,0
GO:0000911,0
GO:0044350,0
GO:0009849,0
GO:0007030,606
GO:1990299,0
GO:0006760,56
GO:0046442,0
GO:0048911,0
GO:0097175,0
GO:0060738,0
GO:1905692,0
GO:0042397,0
GO:0031024,0
GO:0007224,359
GO:0046339,66
GO:0043639,0
GO:0052837,0
GO:0098934,0
GO:0060709,2
GO:0036349,0
GO:0035726,35
GO:0140970,23
GO:0046066,0
GO:0014047,39
GO:0046207,0
GO:0006572,16
GO:0009294,0
GO:0140464,0
GO:0032263,15
GO:0042546,0
GO:1901148,16
GO:0022036,0
GO:0072750,2
GO:0035623,4
GO:0060131,0
GO:1905793,14
GO:0140227,0
GO:0036325,0
GO:0032220,0
GO:0033859,0
GO:0035794,2
GO:0097345,41
GO:0007254,173
GO:0039705,0
GO:0060742,14
GO:1904860,1
GO:0046060,33
GO:0071470,100
GO:0090398,173
GO:1990591,0
GO:1900569,0
GO:2001266,0
GO:0018963,3
GO:0003263,0
GO:1901948,0
GO:0097231,0
GO:0030645,0
GO:0050673,311
GO:0070899,0
GO:0042243,0
GO:1901272,0
GO:0034502,16
GO:1905590,8
GO:0035052,0
GO:0046819,0
GO:0060922,0
GO:0072202,0
GO:0010002,0
GO:0098976,77
GO:0009851,0
GO:0016091,0
GO:0018956,0
GO:0048668,44
GO:0097376,3
GO:0042273,89
GO:0072136,0
GO:0033373,0
GO:0180025,0
GO:0001906,8
GO:0039530,5
GO:0071631,0
GO:0002410,0
GO:0018419,0
GO:0052647,0
GO:0000963,5
GO:0033395,0
GO:0071459,19
GO:0010019,0
GO:0042574,45
GO:0006089,21
GO:1901809,0
GO:0000105,33
GO:0071955,4
GO:1990571,0
GO:0009189,0
GO:1902270,5
GO:0046441,0
GO:0034034,0
GO:0006780,0
GO:0141193,0
GO:0140456,0
GO:0006550,23
GO:0015986,95
GO:0048392,0
GO:0048323,0
GO:0030210,79
GO:1900875,0
GO:1990669,0
GO:0072259,0
GO:0009661,0
GO:0072285,8
GO:0051146,39
GO:1904559,0
GO:0048773,1
GO:0001963,24
GO:0042189,0
GO:0009779,0
GO:0006168,0
GO:0035164,0
GO:1990173,0
GO:0006568,0
GO:0060948,42
GO:0008069,0
GO:0006690,103
GO:0018186,0
GO:0072398,0
GO:0071419,0
GO:1904644,0
GO:0034486,0
GO:0010772,0
GO:0021900,0
GO:0038150,0
GO:0090500,0
GO:0099565,0
GO:0033515,0
GO:0061431,4
GO:1901886,0
GO:0036111,9
GO:1900635,0
GO:0090174,9
GO:0002191,4
GO:1904117,25
GO:0060227,0
GO:0160057,0
GO:0021830,0
GO:0034354,20
GO:0046477,4
GO:0031142,0
GO:1902169,0
GO:0071376,12
GO:0002770,0
GO:0001195,0
GO:0061229,0
GO:1902787,0
GO:1902907,0
GO:0035589,13
GO:0072753,0
GO:0032543,154
GO:1905515,340
GO:0019510,0
GO:0006537,67
GO:0019064,4
GO:0070661,12
GO:0002299,0
GO:0035685,0
GO:0051415,0
GO:0098630,0
GO:0022406,0
GO:0019548,0
GO:0120036,2
GO:0033078,0
GO:0007110,0
GO:0090360,0
GO:0007231,61
GO:0048468,76
GO:0038173,5
GO:0060129,27
GO:0008088,79
GO:0034599,283
GO:0021956,3
GO:0016050,36
GO:0031579,14
GO:0021800,8
GO:0072709,4
GO:0072184,0
GO:0035883,10
GO:0170040,0
GO:0071605,0
GO:0034268,0
GO:0036345,0
GO:0035044,0
GO:0044342,35
GO:0019509,0
GO:0015706,21
GO:0071709,25
GO:0071246,0
GO:0038033,8
GO:0097326,0
GO:0009079,0
GO:0051300,0
GO:0071825,0
GO:0141209,0
GO:0034193,0
GO:1902756,0
GO:0034463,0
GO:0043504,8
GO:0170043,0
GO:0006657,20
GO:1900535,22
GO:0006669,0
GO:0051079,0
GO:0106150,0
GO:0060215,0
GO:0006257,0
GO:0006847,0
GO:0034501,15
GO:0019580,0
GO:0001778,77
GO:0046289,0
GO:0019412,0
GO:0010773,0
GO:0034436,36
GO:1901833,0
GO:0021992,0
GO:0090618,2
GO:0106236,0
GO:0061573,10
GO:0160194,0
GO:0050432,2
GO:0036482,0
GO:0007213,25
GO:0099643,0
GO:0048107,0
GO:0000717,0
GO:0034403,0
GO:0002764,0
GO:0009223,24
GO:0019698,0
GO:0035493,38
GO:1990264,65
GO:0050427,27
GO:0007604,0
GO:0006921,6
GO:0000073,0
GO:0044575,0
GO:0032291,0
GO:0140042,36
GO:0000709,0
GO:0098658,0
GO:0071500,66
GO:0007007,19
GO:0070590,0
GO:0035746,0
GO:0038158,7
GO:0007185,12
GO:0046386,7
GO:0021707,25
GO:0048371,2
GO:1903040,0
GO:1902785,0
GO:0009562,0
GO:0035845,133
GO:0006489,5
GO:0044855,9
GO:0045048,4
GO:0140647,0
GO:0014810,0
GO:1903983,0
GO:0043613,0
GO:0061033,10
GO:0043097,0
GO:0048247,13
GO:0140361,13
GO:0009209,0
GO:0097156,2
GO:0009214,0
GO:0090382,93
GO:0030244,0
GO:0044725,25
GO:0045333,38
GO:0070341,7
GO:0031529,54
GO:1904947,0
GO:0018901,0
GO:0006692,0
GO:0098716,0
GO:0062197,0
GO:0002767,0
GO:0046037,52
GO:1903515,7
GO:0006651,62
GO:1901284,0
GO:0039686,0
GO:0045794,53
GO:0070398,0
GO:0009260,0
GO:1901753,14
GO:1902603,2
GO:0060848,0
GO:0043276,39
GO:0003428,0
GO:1903014,0
GO:0036245,0
GO:0009853,0
GO:0043163,0
GO:0150020,4
GO:0031048,4
GO:0051767,0
GO:0097360,0
GO:0009554,0
GO:0030149,4
GO:0018063,0
GO:0140872,0
GO:0097499,10
GO:0001770,0
GO:0055096,135
GO:0003349,7
GO:0009757,0
GO:1990966,2
GO:0018937,0
GO:0097401,49
GO:0002277,33
GO:0036146,14
GO:0052776,0
GO:0070268,2
GO:0051211,0
GO:0000719,0
GO:0016099,0
GO:0046482,0
GO:0000819,12
GO:0042840,0
GO:0051289,385
GO:0032293,0
GO:1904482,0
GO:0062174,0
GO:1903360,0
GO:0010246,0
GO:0046049,0
GO:0010813,6
GO:0097119,23
GO:0001060,0
GO:0009194,0
GO:0002294,0
GO:0018962,0
GO:0042723,4
GO:0061492,0
GO:0070833,0
GO:0071319,0
GO:0090387,2
GO:1901625,0
GO:0002303,0
GO:0033627,224
GO:0035901,0
GO:0033299,4
GO:0072599,22
GO:0006700,20
GO:0035772,0
GO:0140588,12
GO:0019293,0
GO:0006716,0
GO:0061818,0
GO:0008627,7
GO:0071455,8
GO:1990086,8
GO:0046033,6
GO:0001732,32
GO:0036161,0
GO:0006527,29
GO:0022008,594
GO:1990115,0
GO:0046493,0
GO:0140209,0
GO:0071995,0
GO:0036372,1
GO:0021859,8
GO:0031573,88
GO:0002554,6
GO:0008631,85
GO:0046470,68
GO:0071378,10
GO:0071578,47
GO:0016185,49
GO:0141167,0
GO:1990395,0
GO:0034379,56
GO:0061792,0
GO:0032933,61
GO:1900601,0
GO:0141124,0
GO:0061588,15
GO:0097298,4
GO:0014855,0
GO:0060885,0
GO:0060689,27
GO:0009134,35
GO:0042365,0
GO:0003147,0
GO:0042063,38
GO:0038185,0
GO:0038179,3
GO:0007020,125
GO:0035192,0
GO:0046475,136
GO:1900681,0
GO:0036336,41
GO:0002159,24
GO:2001012,0
GO:0021851,0
GO:0061449,0
GO:0010241,0
GO:0071233,173
GO:1901941,0
GO:0044781,0
GO:0010774,0
GO:0009257,57
GO:0046514,42
GO:0021799,241
GO:0019251,0
GO:1901781,0
GO:0002555,0
GO:0090254,0
GO:0051417,0
GO:0010994,35
GO:0046633,26
GO:0001676,130
GO:0007097,413
GO:0036051,0
GO:0010850,0
GO:0046722,17
GO:0000077,183
GO:0006204,9
GO:0046389,0
GO:0051476,0
GO:0098813,8
GO:0015970,0
GO:0048861,28
GO:0006386,2
GO:0032610,0
GO:0034158,0
GO:0060476,0
GO:1900869,0
GO:0071269,0
GO:0039694,2
GO:0061260,0
GO:0010230,0
GO:0007297,0
GO:0044010,0
GO:0032622,0
GO:0006620,20
GO:0072577,62
GO:0009067,0
GO:0043709,0
GO:0007296,12
GO:0002407,37
GO:0032150,0
GO:0006084,39
GO:0048659,3
GO:1901679,0
GO:0060926,0
GO:0046298,0
GO:1990946,0
GO:0006360,56
GO:0042188,0
GO:0030239,64
GO:0022018,10
GO:0016336,0
GO:0030476,0
GO:0006525,78
GO:0006248,28
GO:0007179,406
GO:0033615,4
GO:0009437,15
GO:1990506,19
GO:0006660,10
GO:1901807,0
GO:0033049,0
GO:0140694,39
GO:0042776,81
GO:0015942,31
GO:0016109,0
GO:0038127,54
GO:0099187,0
GO:0001576,15
GO:1903511,0
GO:0035043,0
GO:1903473,0
GO:1990739,0
GO:0070656,0
GO:0032788,1
GO:0048010,69
GO:0090306,3
GO:0044879,0
GO:0071391,81
GO:1903256,0
GO:0032603,0
GO:0046073,0
GO:0062172,0
GO:0044249,30
GO:0097711,0
GO:0008630,231
GO:0035626,0
GO:0016122,0
GO:1901829,0
GO:0021829,0
GO:1990690,0
GO:0090393,0
GO:0098964,13
GO:0061452,0
GO:0061268,0
GO:0002051,41
GO:0061331,0
GO:0051483,0
GO:0030724,0
GO:0071103,5
GO:1901292,0
GO:0052324,0
GO:0003133,0
GO:0002158,10
GO:0072111,0
GO:0140875,0
GO:0046443,0
GO:0043151,0
GO:0015940,0
GO:0033315,0
GO:0014001,0
GO:0098786,0
GO:0090110,113
GO:0140021,3
GO:1900582,0
GO:0097389,0
GO:0086066,62
GO:1990485,0
GO:0098991,0
GO:0006346,38
GO:0019346,37
GO:0061989,0
GO:0015974,0
GO:0006478,14
GO:0042819,0
GO:0061092,50
GO:0140405,0
GO:0033321,0
GO:0045186,6
GO:0030011,185
GO:0097323,0
GO:1990386,14
GO:0007114,0
GO:0015730,13
GO:0036298,0
GO:0072281,0
GO:0002301,0
GO:0052889,0
GO:1905635,0
GO:0015726,0
GO:0061669,96
GO:0007059,318
GO:0007193,182
GO:0006567,21
GO:0006613,0
GO:1904853,0
GO:0072312,0
GO:1903559,0
GO:0030330,64
GO:0001764,486
GO:0030047,3
GO:0046199,0
GO:0090602,0
GO:0022402,0
GO:0035092,71
GO:0046239,0
GO:0046530,15
GO:0045114,0
GO:0099554,0
GO:1902378,0
GO:0007284,11
GO:0036182,0
GO:0035315,59
GO:0045107,0
GO:0097581,2
GO:0009272,0
GO:0045792,59
GO:0035190,0
GO:0009228,0
GO:0072666,0
GO:0061585,0
GO:0022021,0
GO:0070486,0
GO:0000910,0
GO:0006772,10
GO:0035167,0
GO:0007411,1372
GO:1902487,0
GO:0019267,0
GO:0048288,0
GO:0000280,8
GO:0032907,0
GO:0048211,12
GO:0009129,0
GO:0090148,44
GO:0071805,536
GO:0045466,0
GO:0031504,0
GO:0009127,0
GO:0009086,39
GO:1905861,0
GO:0019385,0
GO:0106300,13
GO:0006302,390
GO:2001313,0
GO:0038018,22
GO:0061530,0
GO:1901810,0
GO:0007005,508
GO:0080169,0
GO:0042081,0
GO:0009233,0
GO:0098719,57
GO:0043181,2
GO:0030838,340
GO:0046479,0
GO:0048896,0
GO:0045228,0
GO:0071985,28
GO:0046254,0
GO:0106210,0
GO:0034517,3
GO:0072089,248
GO:0006643,7
GO:0003262,0
GO:0032324,28
GO:0009047,0
GO:0042860,0
GO:0071897,142
GO:0019876,0
GO:0033509,0
GO:0045479,0
GO:0034332,345
GO:1900786,0
GO:0045049,0
GO:1901751,8
GO:0048193,76
GO:0070431,32
GO:0002043,36
GO:1990151,0
GO:0003366,0
GO:0007206,28
GO:1903936,24
GO:0009864,0
GO:1903477,0
GO:0032255,0
GO:0031524,0
GO:0010255,14
GO:0008205,0
GO:0021801,24
GO:1901945,0
GO:0009990,0
GO:1902767,0
GO:0072667,0
GO:0061320,0
GO:0032367,44
GO:0010467,895
GO:0071466,386
GO:0070246,0
GO:1905070,2
GO:0045056,140
GO:0032342,14
GO:0021712,0
GO:0016098,6
GO:0061028,71
GO:1990266,13
GO:0072664,0
GO:0009439,0
GO:1902108,31
GO:0046047,0
GO:0043385,0
GO:0044345,0
GO:1905669,0
GO:1901028,3
GO:0098942,86
GO:0036116,22
GO:0045210,0
GO:0006351,304
GO:0030098,78
GO:0015947,0
GO:0018953,0
GO:0006311,0
GO:0035442,0
GO:0030541,0
GO:0043247,57
GO:0034333,55
GO:1990117,0
GO:0140278,0
GO:0007168,55
GO:0030225,59
GO:0009193,0
GO:0097213,4
GO:0099557,53
GO:0071826,0
GO:0000053,37
GO:0072388,3
GO:0009701,0
GO:0061343,0
GO:0072438,0
GO:0060720,7
GO:0098958,103
GO:0046250,0
GO:0106304,0
GO:0140861,81
GO:0060973,0
GO:0032125,0
GO:0099645,216
GO:0061148,0
GO:0051205,10
GO:1904066,0
GO:0098814,5
GO:0009248,0
GO:1902577,0
GO:0002293,0
GO:0045057,0
GO:0000437,0
GO:0140421,0
GO:0019579,0
GO:0071476,70
GO:0071223,26
GO:0030240,242
GO:0090521,58
GO:0070086,31
GO:0048313,18
GO:0003347,5
GO:0003275,0
GO:0034090,0
GO:0030042,55
GO:1902575,0
GO:0060673,0
GO:0098529,24
GO:0031407,0
GO:0086067,13
GO:0002365,3
GO:0046444,0
GO:0015911,11
GO:1903258,0
GO:0045002,0
GO:0021528,0
GO:0035225,0
GO:0022015,0
GO:0034294,0
GO:0034553,12
GO:0009767,0
GO:0007060,5
GO:0140923,0
GO:0072387,0
GO:0042857,0
GO:0003383,40
GO:0019693,0
GO:0051677,0
GO:0097237,80
GO:0001827,4
GO:1904519,0
GO:0071418,38
GO:0046456,26
GO:0002360,22
GO:0017143,5
GO:0036295,32
GO:0120211,8
GO:1901824,0
GO:0019413,42
GO:0000281,172
GO:0045575,5
GO:0014033,17
GO:0034371,9
GO:0030420,0
GO:0046486,93
GO:0060844,5
GO:0021966,8
GO:0071486,29
GO:0046312,0
GO:0007015,633
GO:0070593,96
GO:0009168,3
GO:0019596,0
GO:0038134,9
GO:0072672,16
GO:0035769,0
GO:0090159,0
GO:0039689,29
GO:0033077,114
GO:0046494,0
GO:0019351,0
GO:0006621,52
GO:0014032,76
GO:0061900,0
GO:1901827,0
GO:0051168,58
GO:0043307,0
GO:0033496,0
GO:0042861,0
GO:0046382,0
GO:0048373,0
GO:0060958,0
GO:0045041,0
GO:0019294,0
GO:0036225,0
GO:0048489,65
GO:0009162,0
GO:0060576,16
GO:0044771,13
GO:0097715,0
GO:0034510,0
GO:0007500,0
GO:1990854,0
GO:1903445,7
GO:0006127,0
GO:1904108,0
GO:0019741,0
GO:0006172,4
GO:0033307,0
GO:0019669,0
GO:0070944,1
GO:0006592,1
GO:0009265,24
GO:0070458,0
GO:0052482,0
GO:0061279,0
GO:0006082,54
GO:0007087,0
GO:0046337,9
GO:0019700,0
GO:0071370,0
GO:0000707,0
GO:1901178,0
GO:0032049,1
GO:1902110,5
GO:0072449,0
GO:0002414,0
GO:0036258,4
GO:0043446,0
GO:0097104,58
GO:0042358,0
GO:0048357,0
GO:0016198,0
GO:1901728,0
GO:0015956,0
GO:0051083,6
GO:0019552,0
GO:0016360,0
GO:0097490,48
GO:0002765,0
GO:1901942,0
GO:0019360,0
GO:1904759,0
GO:0046223,0
GO:0018936,0
GO:0043635,0
GO:2001013,26
GO:0150146,0
GO:0072649,0
GO:0019281,0
GO:1901775,0
GO:0000716,0
GO:0001820,18
GO:0060811,0
GO:2001297,0
GO:0035186,0
GO:1902483,0
GO:0061688,0
GO:0021823,0
GO:0097280,0
GO:1905345,0
GO:0141084,0
GO:0048682,0
GO:0097028,34
GO:0048626,0
GO:0070911,0
GO:0090150,92
GO:0022026,0
GO:0044209,8
GO:0009173,0
GO:0071284,2
GO:0034035,0
GO:0033363,17
GO:0140924,1
GO:0009860,0
GO:0051208,23
GO:0019456,0
GO:2001132,0
GO:0071507,0
GO:0043289,0
GO:0021811,0
GO:0019749,0
GO:0097646,0
GO:0031322,0
GO:0097359,16
GO:0035747,0
GO:0008626,7
GO:0043648,8
GO:0071979,0
GO:0090221,0
GO:0097743,0
GO:1902332,0
GO:1901180,0
GO:0090379,0
GO:1901105,0
GO:0080035,0
GO:0048473,0
GO:0043545,12
GO:0072261,0
GO:0000434,0
GO:0006220,5
GO:0034410,0
GO:0048014,60
GO:0098039,0
GO:0009716,0
GO:0019742,6
GO:0034994,0
GO:0062176,27
GO:0090015,0
GO:1903212,0
GO:1901928,0
GO:0097378,0
GO:0060595,0
GO:0003270,35
GO:0018401,0
GO:0072499,0
GO:1902928,0
GO:0035850,0
GO:0072384,47
GO:0010777,0
GO:0120308,0
GO:0035795,2
GO:0009220,0
GO:0030220,51
GO:0007112,0
GO:1904983,5
GO:0009850,0
GO:0002416,0
GO:0036107,0
GO:0060337,67
GO:0060937,0
GO:0006999,26
GO:0035235,142
GO:0021525,0
GO:0061718,0
GO:0061987,0
GO:0034651,12
GO:0061313,0
GO:0021776,35
GO:0097638,13
GO:0048935,5
GO:0086029,22
GO:0106117,0
GO:0048054,0
GO:0006777,28
GO:0035170,0
GO:0044821,0
GO:0002337,5
GO:0070073,0
GO:0046797,0
GO:0019244,0
GO:0071610,0
GO:0019092,0
GO:0043150,0
GO:0006105,17
GO:1902789,0
GO:0061140,6
GO:0110135,7
GO:0016039,0
GO:0071174,0
GO:0042073,165
GO:0006025,0
GO:0030631,0
GO:0140105,0
GO:1900815,0
GO:0070102,51
GO:0061510,0
GO:0055095,0
GO:0006121,14
GO:0016053,0
GO:0038007,44
GO:0010018,0
GO:0006855,107
GO:0019854,0
GO:0021839,0
GO:0140781,0
GO:0060328,0
GO:0060750,5
GO:0006974,2078
GO:0071407,294
GO:1904200,4
GO:0052544,0
GO:0070941,0
GO:0060016,0
GO:0044839,14
GO:0006658,29
GO:0101025,0
GO:0097432,0
GO:0097271,0
GO:0140530,0
GO:0048886,0
GO:1901365,0
GO:0060787,0
GO:0000954,0
GO:0090452,0
GO:0000410,0
GO:0030950,24
GO:0090293,0
GO:0019453,0
GO:0030223,38
GO:0097088,0
GO:0097241,13
GO:0007289,19
GO:0019518,1
GO:1990758,0
GO:0060668,19
GO:0006794,0
GO:0052649,0
GO:0007407,0
GO:0015813,72
GO:0070561,14
GO:0072553,13
GO:0046649,37
GO:0071482,114
GO:0033368,0
GO:0046839,48
GO:0060386,0
GO:0098662,133
GO:0052864,0
GO:0042066,0
GO:0006570,3
GO:0019327,0
GO:0003319,0
GO:0090610,0
GO:0006284,177
GO:0072090,0
GO:0006390,33
GO:0045226,6
GO:0034142,48
GO:0002533,0
GO:0070400,0
GO:0042547,0
GO:0072560,7
GO:0050934,0
GO:0032905,1
GO:0009912,40
GO:0072756,0
GO:0035418,218
GO:0009658,0
GO:0010938,0
GO:0016079,206
GO:0046656,0
GO:0019394,0
GO:0019497,0
GO:0071292,0
GO:0060814,0
GO:0048544,0
GO:0036198,0
GO:1990880,0
GO:0031663,106
GO:0006267,0
GO:1900817,0
GO:0036530,0
GO:0086022,0
GO:1904700,0
GO:0140057,0
GO:0042195,0
GO:0035689,0
GO:0030168,146
GO:0030216,303
GO:0021825,0
GO:0034030,16
GO:0090400,15
GO:0090660,127
GO:1900727,0
GO:0009867,0
GO:0035934,13
GO:0046629,4
GO:0006742,9
GO:1904258,0
GO:1903251,3
GO:0030716,0
GO:0021814,11
GO:1990414,36
GO:0002412,0
GO:0000435,3
GO:0034640,20
GO:0031204,5
GO:0019383,0
GO:0006616,8
GO:0015628,0
GO:2001058,0
GO:1901118,0
GO:0051715,2
GO:0048689,0
GO:0006600,2
GO:0018342,1
GO:0021964,0
GO:0072311,0
GO:0010197,0
GO:0061111,0
GO:0032631,0
GO:0042867,0
GO:0060486,8
GO:0021862,0
GO:0097325,5
GO:0072426,0
GO:0140274,0
GO:0016192,1047
GO:0036113,0
GO:0030218,227
GO:0031570,0
GO:0032595,0
GO:0009687,0
GO:0032641,0
GO:0072752,4
GO:0019653,0
GO:0001710,0
GO:1903692,0
GO:0019635,0
GO:0051274,0
GO:0106213,0
GO:1902550,0
GO:0048278,62
GO:0003306,0
GO:0010934,0
GO:0015952,0
GO:0006743,10
GO:0021872,3
GO:0003351,234
GO:1990236,0
GO:0060128,11
GO:0036499,23
GO:0030913,103
GO:0046077,0
GO:0120112,0
GO:0002305,6
GO:0070194,2
GO:0046045,0
GO:0033494,0
GO:0007249,142
GO:0071480,187
GO:0002042,50
GO:1900765,0
GO:0140515,0
GO:0060706,2
GO:1903711,31
GO:0140271,0
GO:0071959,0
GO:0006604,0
GO:0009172,0
GO:0099188,0
GO:1901815,0
GO:0008333,225
GO:0071367,0
GO:0016145,0
GO:0010707,1
GO:0048200,0
GO:0061545,0
GO:1905781,0
GO:0046519,0
GO:0019488,0
GO:0061865,2
GO:0001172,4
GO:0030198,1059
GO:0060954,0
GO:0090609,0
GO:0038115,0
GO:0008212,0
GO:0001788,1
GO:0160007,0
GO:0090120,0
GO:0048863,173
GO:0070207,67
GO:0007516,0
GO:0021928,0
GO:0140329,1
GO:0046856,186
GO:0031247,11
GO:0009165,5
GO:0160135,0
GO:0007033,21
GO:0006977,13
GO:0046356,15
GO:0036480,7
GO:0002295,0
GO:0120185,0
GO:1901755,0
GO:0034162,46
GO:0099124,0
GO:0019255,10
GO:0009059,32
GO:0140298,5
GO:0043367,8
GO:0019292,0
GO:0015958,0
GO:0021775,35
GO:0019570,0
GO:0060839,0
GO:0045055,85
GO:0003317,0
GO:0019762,0
GO:0080188,0
GO:0048822,3
GO:0072343,0
GO:0043649,1
GO:0033050,0
GO:0006083,7
GO:0090121,0
GO:0033598,56
GO:0097623,60
GO:1905270,0
GO:0090436,0
GO:0050933,0
GO:1903448,0
GO:0002278,0
GO:0000431,0
GO:0048923,0
GO:0072142,0
GO:0072592,17
GO:0043328,4
GO:0071961,0
GO:0009070,26
GO:0030031,113
GO:0099553,13
GO:0046384,0
GO:0046315,0
GO:0090675,3
GO:0042139,0
GO:0019273,0
GO:0006235,2
GO:0046411,0
GO:0071783,0
GO:0140204,0
GO:0042182,0
GO:0009212,0
GO:0032535,0
GO:0009800,0
GO:0098728,0
GO:0003323,47
GO:0032203,3
GO:0060795,0
GO:1901962,0
GO:0048933,0
GO:0046034,114
GO:0043442,0
GO:1901736,0
GO:0071787,30
GO:0051523,0
GO:1901812,0
GO:0006682,127
GO:0019247,0
GO:0072662,0
GO:0090117,0
GO:0034368,0
GO:0044315,0
GO:0038091,4
GO:0033355,0
GO:0015786,0
GO:0009150,0
GO:0048208,56
GO:0035028,0
GO:0050653,20
GO:0002934,17
GO:1903259,0
GO:0090676,9
GO:0060118,0
GO:0060320,0
GO:0042905,0
GO:0016121,0
GO:0140480,0
GO:0060645,0
GO:0000245,56
GO:0000070,135
GO:1990893,0
GO:0019361,0
GO:0002181,50
GO:1905397,0
GO:1902406,0
GO:1903696,0
GO:0071361,85
GO:0006633,285
GO:0006984,1
GO:0036154,0
GO:0035567,99
GO:0006556,12
GO:0048927,0
GO:0038016,12
GO:0046296,0
GO:0032365,5
GO:0009180,0
GO:1904895,0
GO:0046078,0
GO:0033345,0
GO:0030255,0
GO:1904588,8
GO:0099172,7
GO:0062195,0
GO:0042197,0
GO:0035080,0
GO:0033476,0
GO:0035860,13
GO:0001578,197
GO:0006258,0
GO:1901112,0
GO:0035281,36
GO:0008625,137
GO:0141082,0
GO:0010256,0
GO:0006023,0
GO:0018217,0
GO:1900533,0
GO:0036172,0
GO:0009153,0
GO:0098655,388
GO:1900220,0
GO:0072659,856
GO:1904630,14
GO:0035238,0
GO:1903928,0
GO:0060928,33
GO:0080166,0
GO:0006337,65
GO:0039014,0
GO:0015972,0
GO:0097343,1
GO:0010493,0
GO:0018867,0
GO:0071934,23
GO:0097754,0
GO:0044656,0
GO:0046035,0
GO:0002306,0
GO:0009556,0
GO:0060508,0
GO:0034497,28
GO:0106384,0
GO:0048132,18
GO:0001113,1
GO:0072071,0
GO:0051655,0
GO:0048769,235
GO:0044331,242
GO:1900608,0
GO:0071317,0
GO:0044782,128
GO:0071396,15
GO:0010275,0
GO:0019529,0
GO:0099632,0
GO:0009133,8
GO:0050843,0
GO:0032974,0
GO:0016049,0
GO:0071918,22
GO:0106212,0
GO:1990737,2
GO:0048936,25
GO:0061104,0
GO:0019242,6
GO:0046358,0
GO:0070106,15
GO:0090531,0
GO:0009089,0
GO:0021853,7
GO:0006049,2
GO:0071492,21
GO:0001771,52
GO:0140058,32
GO:0033519,0
GO:0019486,0
GO:0032060,35
GO:1902245,0
GO:0071468,76
GO:1904967,0
GO:0018872,7
GO:0043574,0
GO:0140052,36
GO:0019521,3
GO:0035688,0
GO:0010621,16
GO:0046179,0
GO:1990442,0
GO:0070375,8
GO:0140633,0
GO:0001829,58
GO:0010690,0
GO:0010644,29
GO:1990573,166
GO:1904272,0
GO:0009136,0
GO:0072763,0
GO:0032796,3
GO:0070193,0
GO:2001134,0
GO:0048675,86
GO:0140273,0
GO:0072331,2
GO:1903825,16
GO:0060591,24
GO:0090323,0
GO:1902820,0
GO:0020028,78
GO:0048764,0
GO:0035714,2
GO:0003131,4
GO:0042196,0
GO:0009213,0
GO:1902241,0
GO:0018964,7
GO:0044237,46
GO:0044091,6
GO:0071792,0
GO:0009154,0
GO:0007528,284
GO:0072575,0
GO:0071473,0
GO:0019448,16
GO:0009071,0
GO:1901145,0
GO:0097410,0
GO:0060647,0
GO:0001570,231
GO:0048360,0
GO:0019684,0
GO:0070836,15
GO:0006325,1580
GO:0035063,11
GO:0010024,0
GO:0046222,6
GO:1905037,38
GO:0033610,0
GO:1900540,0
GO:0034117,0
GO:0035697,0
GO:0019328,0
GO:0009404,57
GO:0002522,66
GO:0038093,3
GO:1905509,0
GO:0016334,0
GO:0045149,0
GO:0071935,0
GO:0071388,0
GO:0090248,0
GO:0045110,56
GO:0046050,29
GO:1902559,0
GO:0014835,2
GO:0072350,39
GO:0120078,1
GO:0021937,0
GO:0071229,0
GO:0072717,4
GO:1905508,0
GO:0043131,40
GO:2001060,0
GO:0140040,0
GO:0001935,139
GO:0010609,4
GO:0036223,0
GO:0032456,270
GO:1905003,0
GO:0019598,0
GO:0009660,0
GO:0010343,0
GO:1902696,0
GO:0007014,0
GO:0045733,0
GO:0002067,16
GO:0038193,0
GO:0043534,51
GO:0009303,33
GO:0150098,0
GO:0019682,0
GO:0071321,29
GO:1901830,0
GO:0060506,0
GO:0046306,0
GO:0002433,0
GO:1900541,0
GO:0046186,1
GO:0002358,0
GO:0006406,139
GO:0014814,0
GO:0031581,358
GO:0110095,20
GO:0038138,25
GO:0036290,0
GO:0022900,101
GO:1902224,0
GO:0034376,0
GO:0019597,0
GO:1905712,0
GO:0000710,0
GO:0072313,0
GO:0097742,7
GO:0035914,180
GO:0007029,106
GO:0036090,0
GO:0098963,10
GO:0090136,128
GO:0007166,939
GO:0097379,0
GO:0030846,0
GO:0070660,0
GO:0034224,71
GO:0120011,0
GO:1903419,0
GO:1904257,0
GO:1901935,0
GO:0018874,0
GO:1901087,0
GO:0170044,0
GO:0061261,0
GO:0003201,0
GO:0036466,3
GO:0019445,0
GO:0099564,0
GO:0002324,0
GO:0042183,0
GO:0043441,0
GO:0043420,4
GO:0014811,0
GO:0003346,0
GO:0003327,1
GO:1990859,8
GO:0098880,52
GO:0042207,0
GO:0097053,16
GO:0009230,0
GO:0098881,0
GO:1904312,0
GO:0007154,437
GO:0141005,11
GO:0002534,0
GO:0021953,91
GO:1904861,52
GO:0140466,0
GO:0071875,28
GO:1905352,0
GO:0060184,0
GO:0035530,0
GO:1901777,0
GO:0060939,0
GO:0010704,0
GO:0002757,0
GO:0042743,4
GO:0033314,29
GO:0019270,0
GO:0019359,0
GO:0031505,0
GO:0010001,238
GO:0051999,0
GO:0097314,39
GO:0071688,0
GO:0010379,0
GO:1902114,0
GO:1901583,0
GO:1900552,0
GO:0034503,0
GO:0046777,505
GO:0097190,229
GO:0072148,45
GO:0021803,0
GO:1904948,26
GO:0033313,0
GO:0019495,0
GO:0016259,5
GO:0032957,45
GO:0061681,0
GO:0140708,0
GO:0046206,0
GO:1990874,22
GO:0035168,0
GO:0097152,9
GO:0019556,19
GO:0090078,0
GO:0030989,0
GO:0062175,0
GO:0019345,0
GO:0007501,2
GO:0042859,0
GO:0035047,0
GO:0046345,0
GO:0072645,0
GO:0043374,1
GO:0051598,10
GO:0060947,11
GO:0043640,0
GO:0070592,0
GO:0099614,0
GO:0021820,0
GO:0007140,206
GO:1905546,0
GO:0098989,62
GO:0034508,2
GO:0071574,0
GO:1901750,2
GO:0030726,0
GO:0098928,0
GO:0060692,0
GO:0002766,0
GO:0009085,0
GO:0071989,0
GO:1901006,1
GO:0048931,0
GO:0072352,0
GO:0060163,0
GO:1990863,0
GO:0036280,0
GO:1990227,72
GO:1900577,0
GO:0060609,0
GO:0034620,75
GO:0060908,0
GO:2001129,0
